rep,simple_rate,mle_rate,NA_rate,NP_rate,NS_rate,PB1_rate,PB2_rate,MP_rate,PA_rate
0,0.03392476371520581,0.031488267524892456,0.004240595464400726,0.008481190928801452,0.008481190928801452,0.008481190928801452,0.004240595464400726,0.008481190928801452,0.004240595464400726
1,0.03392476371520581,0.031488267524892456,0.004240595464400726,0.008481190928801452,0.008481190928801452,0.008481190928801452,0.004240595464400726,0.008481190928801452,0.004240595464400726
2,0.03392476371520581,0.031488267524892456,0.004240595464400726,0.008481190928801452,0.008481190928801452,0.008481190928801452,0.004240595464400726,0.008481190928801452,0.004240595464400726
3,0.03392476371520581,0.031488267524892456,0.004240595464400726,0.008481190928801452,0.008481190928801452,0.008481190928801452,0.004240595464400726,0.008481190928801452,0.004240595464400726
4,0.03392476371520581,0.031488267524892456,0.004240595464400726,0.008481190928801452,0.008481190928801452,0.008481190928801452,0.004240595464400726,0.008481190928801452,0.004240595464400726
5,0.03392476371520581,0.031488267524892456,0.004240595464400726,0.008481190928801452,0.008481190928801452,0.008481190928801452,0.004240595464400726,0.008481190928801452,0.004240595464400726
6,0.03392476371520581,0.031488267524892456,0.004240595464400726,0.008481190928801452,0.008481190928801452,0.008481190928801452,0.004240595464400726,0.008481190928801452,0.004240595464400726
7,0.03392476371520581,0.031488267524892456,0.004240595464400726,0.008481190928801452,0.008481190928801452,0.008481190928801452,0.004240595464400726,0.008481190928801452,0.004240595464400726
8,0.03392476371520581,0.031488267524892456,0.004240595464400726,0.008481190928801452,0.008481190928801452,0.008481190928801452,0.004240595464400726,0.008481190928801452,0.004240595464400726
9,0.03392476371520581,0.031488267524892456,0.004240595464400726,0.008481190928801452,0.008481190928801452,0.008481190928801452,0.004240595464400726,0.008481190928801452,0.004240595464400726
10,0.03392476371520581,0.031488267524892456,0.004240595464400726,0.008481190928801452,0.008481190928801452,0.008481190928801452,0.004240595464400726,0.008481190928801452,0.004240595464400726
11,0.03392476371520581,0.031488267524892456,0.004240595464400726,0.008481190928801452,0.008481190928801452,0.008481190928801452,0.004240595464400726,0.008481190928801452,0.004240595464400726
12,0.03392476371520581,0.031488267524892456,0.004240595464400726,0.008481190928801452,0.008481190928801452,0.008481190928801452,0.004240595464400726,0.008481190928801452,0.004240595464400726
13,0.03392476371520581,0.031488267524892456,0.004240595464400726,0.008481190928801452,0.008481190928801452,0.008481190928801452,0.004240595464400726,0.008481190928801452,0.004240595464400726
14,0.03392476371520581,0.031488267524892456,0.004240595464400726,0.008481190928801452,0.008481190928801452,0.008481190928801452,0.004240595464400726,0.008481190928801452,0.004240595464400726
15,0.03392476371520581,0.031488267524892456,0.004240595464400726,0.008481190928801452,0.008481190928801452,0.008481190928801452,0.004240595464400726,0.008481190928801452,0.004240595464400726
16,0.03392476371520581,0.031488267524892456,0.004240595464400726,0.008481190928801452,0.008481190928801452,0.008481190928801452,0.004240595464400726,0.008481190928801452,0.004240595464400726
17,0.03392476371520581,0.031488267524892456,0.004240595464400726,0.008481190928801452,0.008481190928801452,0.008481190928801452,0.004240595464400726,0.008481190928801452,0.004240595464400726
18,0.03392476371520581,0.031488267524892456,0.004240595464400726,0.008481190928801452,0.008481190928801452,0.008481190928801452,0.004240595464400726,0.008481190928801452,0.004240595464400726
19,0.03392476371520581,0.031488267524892456,0.004240595464400726,0.008481190928801452,0.008481190928801452,0.008481190928801452,0.004240595464400726,0.008481190928801452,0.004240595464400726
20,0.03392476371520581,0.031488267524892456,0.004240595464400726,0.008481190928801452,0.008481190928801452,0.008481190928801452,0.004240595464400726,0.008481190928801452,0.004240595464400726
21,0.03392476371520581,0.031488267524892456,0.004240595464400726,0.008481190928801452,0.008481190928801452,0.008481190928801452,0.004240595464400726,0.008481190928801452,0.004240595464400726
22,0.03816535917960654,0.035401862996268796,0.004240595464400726,0.008481190928801452,0.008481190928801452,0.012721786393202178,0.004240595464400726,0.008481190928801452,0.004240595464400726
23,0.03392476371520581,0.031488267524892456,0.004240595464400726,0.008481190928801452,0.008481190928801452,0.008481190928801452,0.004240595464400726,0.008481190928801452,0.004240595464400726
24,0.03392476371520581,0.031488267524892456,0.004240595464400726,0.008481190928801452,0.008481190928801452,0.008481190928801452,0.004240595464400726,0.008481190928801452,0.004240595464400726
25,0.03392476371520581,0.031488267524892456,0.004240595464400726,0.008481190928801452,0.008481190928801452,0.008481190928801452,0.004240595464400726,0.008481190928801452,0.004240595464400726
26,0.03392476371520581,0.031488267524892456,0.004240595464400726,0.008481190928801452,0.008481190928801452,0.008481190928801452,0.004240595464400726,0.008481190928801452,0.004240595464400726
27,0.03392476371520581,0.031488267524892456,0.004240595464400726,0.008481190928801452,0.008481190928801452,0.008481190928801452,0.004240595464400726,0.008481190928801452,0.004240595464400726
28,0.03392476371520581,0.031488267524892456,0.004240595464400726,0.008481190928801452,0.008481190928801452,0.008481190928801452,0.004240595464400726,0.008481190928801452,0.004240595464400726
29,0.03392476371520581,0.031488267524892456,0.004240595464400726,0.008481190928801452,0.008481190928801452,0.008481190928801452,0.004240595464400726,0.008481190928801452,0.004240595464400726
30,0.03392476371520581,0.031488267524892456,0.004240595464400726,0.008481190928801452,0.008481190928801452,0.008481190928801452,0.004240595464400726,0.008481190928801452,0.004240595464400726
31,0.03392476371520581,0.031488267524892456,0.004240595464400726,0.008481190928801452,0.008481190928801452,0.008481190928801452,0.004240595464400726,0.008481190928801452,0.004240595464400726
32,0.03392476371520581,0.031488267524892456,0.004240595464400726,0.008481190928801452,0.008481190928801452,0.008481190928801452,0.004240595464400726,0.008481190928801452,0.004240595464400726
33,0.03392476371520581,0.031488267524892456,0.004240595464400726,0.008481190928801452,0.008481190928801452,0.008481190928801452,0.004240595464400726,0.008481190928801452,0.004240595464400726
34,0.03392476371520581,0.031488267524892456,0.004240595464400726,0.008481190928801452,0.008481190928801452,0.008481190928801452,0.004240595464400726,0.008481190928801452,0.004240595464400726
35,0.03392476371520581,0.031488267524892456,0.004240595464400726,0.008481190928801452,0.008481190928801452,0.008481190928801452,0.004240595464400726,0.008481190928801452,0.004240595464400726
36,0.03392476371520581,0.031488267524892456,0.004240595464400726,0.008481190928801452,0.008481190928801452,0.008481190928801452,0.004240595464400726,0.008481190928801452,0.004240595464400726
37,0.03392476371520581,0.031488267524892456,0.004240595464400726,0.008481190928801452,0.008481190928801452,0.008481190928801452,0.004240595464400726,0.008481190928801452,0.004240595464400726
38,0.03392476371520581,0.031488267524892456,0.004240595464400726,0.008481190928801452,0.008481190928801452,0.008481190928801452,0.004240595464400726,0.008481190928801452,0.004240595464400726
39,0.03392476371520581,0.031488267524892456,0.004240595464400726,0.008481190928801452,0.008481190928801452,0.008481190928801452,0.004240595464400726,0.008481190928801452,0.004240595464400726
40,0.03392476371520581,0.031488267524892456,0.004240595464400726,0.008481190928801452,0.008481190928801452,0.008481190928801452,0.004240595464400726,0.008481190928801452,0.004240595464400726
41,0.03392476371520581,0.031488267524892456,0.004240595464400726,0.008481190928801452,0.008481190928801452,0.008481190928801452,0.004240595464400726,0.008481190928801452,0.004240595464400726
42,0.03392476371520581,0.031488267524892456,0.004240595464400726,0.008481190928801452,0.008481190928801452,0.008481190928801452,0.004240595464400726,0.008481190928801452,0.004240595464400726
43,0.03392476371520581,0.031488267524892456,0.004240595464400726,0.008481190928801452,0.008481190928801452,0.008481190928801452,0.004240595464400726,0.008481190928801452,0.004240595464400726
44,0.03392476371520581,0.031488267524892456,0.004240595464400726,0.008481190928801452,0.008481190928801452,0.008481190928801452,0.004240595464400726,0.008481190928801452,0.004240595464400726
45,0.03392476371520581,0.031488267524892456,0.004240595464400726,0.008481190928801452,0.008481190928801452,0.008481190928801452,0.004240595464400726,0.008481190928801452,0.004240595464400726
46,0.03392476371520581,0.031488267524892456,0.004240595464400726,0.008481190928801452,0.008481190928801452,0.008481190928801452,0.004240595464400726,0.008481190928801452,0.004240595464400726
47,0.03392476371520581,0.031488267524892456,0.004240595464400726,0.008481190928801452,0.008481190928801452,0.008481190928801452,0.004240595464400726,0.008481190928801452,0.004240595464400726
48,0.03392476371520581,0.031488267524892456,0.004240595464400726,0.008481190928801452,0.008481190928801452,0.008481190928801452,0.004240595464400726,0.008481190928801452,0.004240595464400726
49,0.03392476371520581,0.031488267524892456,0.004240595464400726,0.008481190928801452,0.008481190928801452,0.008481190928801452,0.004240595464400726,0.008481190928801452,0.004240595464400726
50,0.03392476371520581,0.031488267524892456,0.004240595464400726,0.008481190928801452,0.008481190928801452,0.008481190928801452,0.004240595464400726,0.008481190928801452,0.004240595464400726
51,0.03392476371520581,0.031488267524892456,0.004240595464400726,0.008481190928801452,0.008481190928801452,0.008481190928801452,0.004240595464400726,0.008481190928801452,0.004240595464400726
52,0.03392476371520581,0.031488267524892456,0.004240595464400726,0.008481190928801452,0.008481190928801452,0.008481190928801452,0.004240595464400726,0.008481190928801452,0.004240595464400726
53,0.03392476371520581,0.031488267524892456,0.004240595464400726,0.008481190928801452,0.008481190928801452,0.008481190928801452,0.004240595464400726,0.008481190928801452,0.004240595464400726
54,0.03392476371520581,0.031488267524892456,0.004240595464400726,0.008481190928801452,0.008481190928801452,0.008481190928801452,0.004240595464400726,0.008481190928801452,0.004240595464400726
55,0.03392476371520581,0.031488267524892456,0.004240595464400726,0.008481190928801452,0.008481190928801452,0.008481190928801452,0.004240595464400726,0.008481190928801452,0.004240595464400726
56,0.03392476371520581,0.031488267524892456,0.004240595464400726,0.008481190928801452,0.008481190928801452,0.008481190928801452,0.004240595464400726,0.008481190928801452,0.004240595464400726
57,0.03392476371520581,0.031488267524892456,0.004240595464400726,0.008481190928801452,0.008481190928801452,0.008481190928801452,0.004240595464400726,0.008481190928801452,0.004240595464400726
58,0.03392476371520581,0.031488267524892456,0.004240595464400726,0.008481190928801452,0.008481190928801452,0.008481190928801452,0.004240595464400726,0.008481190928801452,0.004240595464400726
59,0.03392476371520581,0.031488267524892456,0.004240595464400726,0.008481190928801452,0.008481190928801452,0.008481190928801452,0.004240595464400726,0.008481190928801452,0.004240595464400726
60,0.03392476371520581,0.031488267524892456,0.004240595464400726,0.008481190928801452,0.008481190928801452,0.008481190928801452,0.004240595464400726,0.008481190928801452,0.004240595464400726
61,0.03392476371520581,0.031488267524892456,0.004240595464400726,0.008481190928801452,0.008481190928801452,0.008481190928801452,0.004240595464400726,0.008481190928801452,0.004240595464400726
62,0.03392476371520581,0.031488267524892456,0.004240595464400726,0.008481190928801452,0.008481190928801452,0.008481190928801452,0.004240595464400726,0.008481190928801452,0.004240595464400726
63,0.03392476371520581,0.031488267524892456,0.004240595464400726,0.008481190928801452,0.008481190928801452,0.008481190928801452,0.004240595464400726,0.008481190928801452,0.004240595464400726
64,0.03392476371520581,0.031488267524892456,0.004240595464400726,0.008481190928801452,0.008481190928801452,0.008481190928801452,0.004240595464400726,0.008481190928801452,0.004240595464400726
65,0.03392476371520581,0.031488267524892456,0.004240595464400726,0.008481190928801452,0.008481190928801452,0.008481190928801452,0.004240595464400726,0.008481190928801452,0.004240595464400726
66,0.03392476371520581,0.031488267524892456,0.004240595464400726,0.008481190928801452,0.008481190928801452,0.008481190928801452,0.004240595464400726,0.008481190928801452,0.004240595464400726
67,0.03392476371520581,0.031488267524892456,0.004240595464400726,0.008481190928801452,0.008481190928801452,0.008481190928801452,0.004240595464400726,0.008481190928801452,0.004240595464400726
68,0.03392476371520581,0.031488267524892456,0.004240595464400726,0.008481190928801452,0.008481190928801452,0.008481190928801452,0.004240595464400726,0.008481190928801452,0.004240595464400726
69,0.03392476371520581,0.031488267524892456,0.004240595464400726,0.008481190928801452,0.008481190928801452,0.008481190928801452,0.004240595464400726,0.008481190928801452,0.004240595464400726
70,0.03392476371520581,0.031488267524892456,0.004240595464400726,0.008481190928801452,0.008481190928801452,0.008481190928801452,0.004240595464400726,0.008481190928801452,0.004240595464400726
71,0.03392476371520581,0.031488267524892456,0.004240595464400726,0.008481190928801452,0.008481190928801452,0.008481190928801452,0.004240595464400726,0.008481190928801452,0.004240595464400726
72,0.03392476371520581,0.031488267524892456,0.004240595464400726,0.008481190928801452,0.008481190928801452,0.008481190928801452,0.004240595464400726,0.008481190928801452,0.004240595464400726
73,0.03392476371520581,0.031488267524892456,0.004240595464400726,0.008481190928801452,0.008481190928801452,0.008481190928801452,0.004240595464400726,0.008481190928801452,0.004240595464400726
74,0.03392476371520581,0.031488267524892456,0.004240595464400726,0.008481190928801452,0.008481190928801452,0.008481190928801452,0.004240595464400726,0.008481190928801452,0.004240595464400726
75,0.03392476371520581,0.031488267524892456,0.004240595464400726,0.008481190928801452,0.008481190928801452,0.008481190928801452,0.004240595464400726,0.008481190928801452,0.004240595464400726
76,0.03392476371520581,0.031488267524892456,0.004240595464400726,0.008481190928801452,0.008481190928801452,0.008481190928801452,0.004240595464400726,0.008481190928801452,0.004240595464400726
77,0.03392476371520581,0.031488267524892456,0.004240595464400726,0.008481190928801452,0.008481190928801452,0.008481190928801452,0.004240595464400726,0.008481190928801452,0.004240595464400726
78,0.03392476371520581,0.031488267524892456,0.004240595464400726,0.008481190928801452,0.008481190928801452,0.008481190928801452,0.004240595464400726,0.008481190928801452,0.004240595464400726
79,0.03392476371520581,0.031488267524892456,0.004240595464400726,0.008481190928801452,0.008481190928801452,0.008481190928801452,0.004240595464400726,0.008481190928801452,0.004240595464400726
80,0.05088714557280871,0.04739315087407179,0.004240595464400726,0.008481190928801452,0.008481190928801452,0.025443572786404356,0.004240595464400726,0.008481190928801452,0.004240595464400726
81,0.03392476371520581,0.031488267524892456,0.004240595464400726,0.008481190928801452,0.008481190928801452,0.008481190928801452,0.004240595464400726,0.008481190928801452,0.004240595464400726
82,0.03392476371520581,0.031488267524892456,0.004240595464400726,0.008481190928801452,0.008481190928801452,0.008481190928801452,0.004240595464400726,0.008481190928801452,0.004240595464400726
83,0.03392476371520581,0.031488267524892456,0.004240595464400726,0.008481190928801452,0.008481190928801452,0.008481190928801452,0.004240595464400726,0.008481190928801452,0.004240595464400726
84,0.03392476371520581,0.031488267524892456,0.004240595464400726,0.008481190928801452,0.008481190928801452,0.008481190928801452,0.004240595464400726,0.008481190928801452,0.004240595464400726
85,0.03392476371520581,0.031488267524892456,0.004240595464400726,0.008481190928801452,0.008481190928801452,0.008481190928801452,0.004240595464400726,0.008481190928801452,0.004240595464400726
86,0.03392476371520581,0.031488267524892456,0.004240595464400726,0.008481190928801452,0.008481190928801452,0.008481190928801452,0.004240595464400726,0.008481190928801452,0.004240595464400726
87,0.03392476371520581,0.031488267524892456,0.004240595464400726,0.008481190928801452,0.008481190928801452,0.008481190928801452,0.004240595464400726,0.008481190928801452,0.004240595464400726
88,0.03392476371520581,0.031488267524892456,0.004240595464400726,0.008481190928801452,0.008481190928801452,0.008481190928801452,0.004240595464400726,0.008481190928801452,0.004240595464400726
89,0.03392476371520581,0.031488267524892456,0.004240595464400726,0.008481190928801452,0.008481190928801452,0.008481190928801452,0.004240595464400726,0.008481190928801452,0.004240595464400726
90,0.03392476371520581,0.031488267524892456,0.004240595464400726,0.008481190928801452,0.008481190928801452,0.008481190928801452,0.004240595464400726,0.008481190928801452,0.004240595464400726
91,0.03392476371520581,0.031488267524892456,0.004240595464400726,0.008481190928801452,0.008481190928801452,0.008481190928801452,0.004240595464400726,0.008481190928801452,0.004240595464400726
92,0.03392476371520581,0.031488267524892456,0.004240595464400726,0.008481190928801452,0.008481190928801452,0.008481190928801452,0.004240595464400726,0.008481190928801452,0.004240595464400726
93,0.03392476371520581,0.031488267524892456,0.004240595464400726,0.008481190928801452,0.008481190928801452,0.008481190928801452,0.004240595464400726,0.008481190928801452,0.004240595464400726
94,0.03392476371520581,0.031488267524892456,0.004240595464400726,0.008481190928801452,0.008481190928801452,0.008481190928801452,0.004240595464400726,0.008481190928801452,0.004240595464400726
95,0.03392476371520581,0.031488267524892456,0.004240595464400726,0.008481190928801452,0.008481190928801452,0.008481190928801452,0.004240595464400726,0.008481190928801452,0.004240595464400726
96,0.03392476371520581,0.031488267524892456,0.004240595464400726,0.008481190928801452,0.008481190928801452,0.008481190928801452,0.004240595464400726,0.008481190928801452,0.004240595464400726
97,0.03392476371520581,0.031488267524892456,0.004240595464400726,0.008481190928801452,0.008481190928801452,0.008481190928801452,0.004240595464400726,0.008481190928801452,0.004240595464400726
98,0.03392476371520581,0.031488267524892456,0.004240595464400726,0.008481190928801452,0.008481190928801452,0.008481190928801452,0.004240595464400726,0.008481190928801452,0.004240595464400726
99,0.03392476371520581,0.031488267524892456,0.004240595464400726,0.008481190928801452,0.008481190928801452,0.008481190928801452,0.004240595464400726,0.008481190928801452,0.004240595464400726
100,0.03392476371520581,0.031488267524892456,0.004240595464400726,0.008481190928801452,0.008481190928801452,0.008481190928801452,0.004240595464400726,0.008481190928801452,0.004240595464400726
101,0.03392476371520581,0.031488267524892456,0.004240595464400726,0.008481190928801452,0.008481190928801452,0.008481190928801452,0.004240595464400726,0.008481190928801452,0.004240595464400726
102,0.03392476371520581,0.031488267524892456,0.004240595464400726,0.008481190928801452,0.008481190928801452,0.008481190928801452,0.004240595464400726,0.008481190928801452,0.004240595464400726
103,0.03392476371520581,0.031488267524892456,0.004240595464400726,0.008481190928801452,0.008481190928801452,0.008481190928801452,0.004240595464400726,0.008481190928801452,0.004240595464400726
104,0.03392476371520581,0.031488267524892456,0.004240595464400726,0.008481190928801452,0.008481190928801452,0.008481190928801452,0.004240595464400726,0.008481190928801452,0.004240595464400726
105,0.03392476371520581,0.031488267524892456,0.004240595464400726,0.008481190928801452,0.008481190928801452,0.008481190928801452,0.004240595464400726,0.008481190928801452,0.004240595464400726
106,0.03392476371520581,0.031488267524892456,0.004240595464400726,0.008481190928801452,0.008481190928801452,0.008481190928801452,0.004240595464400726,0.008481190928801452,0.004240595464400726
107,0.03392476371520581,0.031488267524892456,0.004240595464400726,0.008481190928801452,0.008481190928801452,0.008481190928801452,0.004240595464400726,0.008481190928801452,0.004240595464400726
108,0.03392476371520581,0.031488267524892456,0.004240595464400726,0.008481190928801452,0.008481190928801452,0.008481190928801452,0.004240595464400726,0.008481190928801452,0.004240595464400726
109,0.03392476371520581,0.031488267524892456,0.004240595464400726,0.008481190928801452,0.008481190928801452,0.008481190928801452,0.004240595464400726,0.008481190928801452,0.004240595464400726
110,0.03392476371520581,0.031488267524892456,0.004240595464400726,0.008481190928801452,0.008481190928801452,0.008481190928801452,0.004240595464400726,0.008481190928801452,0.004240595464400726
111,0.03392476371520581,0.031488267524892456,0.004240595464400726,0.008481190928801452,0.008481190928801452,0.008481190928801452,0.004240595464400726,0.008481190928801452,0.004240595464400726
112,0.03392476371520581,0.031488267524892456,0.004240595464400726,0.008481190928801452,0.008481190928801452,0.008481190928801452,0.004240595464400726,0.008481190928801452,0.004240595464400726
113,0.03392476371520581,0.031488267524892456,0.004240595464400726,0.008481190928801452,0.008481190928801452,0.008481190928801452,0.004240595464400726,0.008481190928801452,0.004240595464400726
114,0.03392476371520581,0.031488267524892456,0.004240595464400726,0.008481190928801452,0.008481190928801452,0.008481190928801452,0.004240595464400726,0.008481190928801452,0.004240595464400726
115,0.03392476371520581,0.031488267524892456,0.004240595464400726,0.008481190928801452,0.008481190928801452,0.008481190928801452,0.004240595464400726,0.008481190928801452,0.004240595464400726
116,0.03392476371520581,0.031488267524892456,0.004240595464400726,0.008481190928801452,0.008481190928801452,0.008481190928801452,0.004240595464400726,0.008481190928801452,0.004240595464400726
117,0.03392476371520581,0.031488267524892456,0.004240595464400726,0.008481190928801452,0.008481190928801452,0.008481190928801452,0.004240595464400726,0.008481190928801452,0.004240595464400726
118,0.03392476371520581,0.031488267524892456,0.004240595464400726,0.008481190928801452,0.008481190928801452,0.008481190928801452,0.004240595464400726,0.008481190928801452,0.004240595464400726
119,0.03392476371520581,0.031488267524892456,0.004240595464400726,0.008481190928801452,0.008481190928801452,0.008481190928801452,0.004240595464400726,0.008481190928801452,0.004240595464400726
120,0.03392476371520581,0.031488267524892456,0.004240595464400726,0.008481190928801452,0.008481190928801452,0.008481190928801452,0.004240595464400726,0.008481190928801452,0.004240595464400726
121,0.03392476371520581,0.031488267524892456,0.004240595464400726,0.008481190928801452,0.008481190928801452,0.008481190928801452,0.004240595464400726,0.008481190928801452,0.004240595464400726
122,0.03392476371520581,0.031488267524892456,0.004240595464400726,0.008481190928801452,0.008481190928801452,0.008481190928801452,0.004240595464400726,0.008481190928801452,0.004240595464400726
123,0.03392476371520581,0.031488267524892456,0.004240595464400726,0.008481190928801452,0.008481190928801452,0.008481190928801452,0.004240595464400726,0.008481190928801452,0.004240595464400726
124,0.03392476371520581,0.031488267524892456,0.004240595464400726,0.008481190928801452,0.008481190928801452,0.008481190928801452,0.004240595464400726,0.008481190928801452,0.004240595464400726
125,0.03392476371520581,0.031488267524892456,0.004240595464400726,0.008481190928801452,0.008481190928801452,0.008481190928801452,0.004240595464400726,0.008481190928801452,0.004240595464400726
126,0.03392476371520581,0.031488267524892456,0.004240595464400726,0.008481190928801452,0.008481190928801452,0.008481190928801452,0.004240595464400726,0.008481190928801452,0.004240595464400726
127,0.03392476371520581,0.031488267524892456,0.004240595464400726,0.008481190928801452,0.008481190928801452,0.008481190928801452,0.004240595464400726,0.008481190928801452,0.004240595464400726
128,0.03392476371520581,0.031488267524892456,0.004240595464400726,0.008481190928801452,0.008481190928801452,0.008481190928801452,0.004240595464400726,0.008481190928801452,0.004240595464400726
129,0.03392476371520581,0.031488267524892456,0.004240595464400726,0.008481190928801452,0.008481190928801452,0.008481190928801452,0.004240595464400726,0.008481190928801452,0.004240595464400726
130,0.03392476371520581,0.031488267524892456,0.004240595464400726,0.008481190928801452,0.008481190928801452,0.008481190928801452,0.004240595464400726,0.008481190928801452,0.004240595464400726
131,0.03392476371520581,0.031488267524892456,0.004240595464400726,0.008481190928801452,0.008481190928801452,0.008481190928801452,0.004240595464400726,0.008481190928801452,0.004240595464400726
132,0.03392476371520581,0.031488267524892456,0.004240595464400726,0.008481190928801452,0.008481190928801452,0.008481190928801452,0.004240595464400726,0.008481190928801452,0.004240595464400726
133,0.03392476371520581,0.031488267524892456,0.004240595464400726,0.008481190928801452,0.008481190928801452,0.008481190928801452,0.004240595464400726,0.008481190928801452,0.004240595464400726
134,0.03392476371520581,0.031488267524892456,0.004240595464400726,0.008481190928801452,0.008481190928801452,0.008481190928801452,0.004240595464400726,0.008481190928801452,0.004240595464400726
135,0.03392476371520581,0.031488267524892456,0.004240595464400726,0.008481190928801452,0.008481190928801452,0.008481190928801452,0.004240595464400726,0.008481190928801452,0.004240595464400726
136,0.03392476371520581,0.031488267524892456,0.004240595464400726,0.008481190928801452,0.008481190928801452,0.008481190928801452,0.004240595464400726,0.008481190928801452,0.004240595464400726
137,0.03392476371520581,0.031488267524892456,0.004240595464400726,0.008481190928801452,0.008481190928801452,0.008481190928801452,0.004240595464400726,0.008481190928801452,0.004240595464400726
138,0.03392476371520581,0.031488267524892456,0.004240595464400726,0.008481190928801452,0.008481190928801452,0.008481190928801452,0.004240595464400726,0.008481190928801452,0.004240595464400726
139,0.03392476371520581,0.031488267524892456,0.004240595464400726,0.008481190928801452,0.008481190928801452,0.008481190928801452,0.004240595464400726,0.008481190928801452,0.004240595464400726
140,0.03392476371520581,0.031488267524892456,0.004240595464400726,0.008481190928801452,0.008481190928801452,0.008481190928801452,0.004240595464400726,0.008481190928801452,0.004240595464400726
141,0.03392476371520581,0.031488267524892456,0.004240595464400726,0.008481190928801452,0.008481190928801452,0.008481190928801452,0.004240595464400726,0.008481190928801452,0.004240595464400726
142,0.03392476371520581,0.031488267524892456,0.004240595464400726,0.008481190928801452,0.008481190928801452,0.008481190928801452,0.004240595464400726,0.008481190928801452,0.004240595464400726
143,0.03392476371520581,0.031488267524892456,0.004240595464400726,0.008481190928801452,0.008481190928801452,0.008481190928801452,0.004240595464400726,0.008481190928801452,0.004240595464400726
144,0.03392476371520581,0.031488267524892456,0.004240595464400726,0.008481190928801452,0.008481190928801452,0.008481190928801452,0.004240595464400726,0.008481190928801452,0.004240595464400726
145,0.03392476371520581,0.031488267524892456,0.004240595464400726,0.008481190928801452,0.008481190928801452,0.008481190928801452,0.004240595464400726,0.008481190928801452,0.004240595464400726
146,0.03392476371520581,0.031488267524892456,0.004240595464400726,0.008481190928801452,0.008481190928801452,0.008481190928801452,0.004240595464400726,0.008481190928801452,0.004240595464400726
147,0.03392476371520581,0.031488267524892456,0.004240595464400726,0.008481190928801452,0.008481190928801452,0.008481190928801452,0.004240595464400726,0.008481190928801452,0.004240595464400726
148,0.03392476371520581,0.031488267524892456,0.004240595464400726,0.008481190928801452,0.008481190928801452,0.008481190928801452,0.004240595464400726,0.008481190928801452,0.004240595464400726
149,0.03392476371520581,0.031488267524892456,0.004240595464400726,0.008481190928801452,0.008481190928801452,0.008481190928801452,0.004240595464400726,0.008481190928801452,0.004240595464400726
150,0.03392476371520581,0.031488267524892456,0.004240595464400726,0.008481190928801452,0.008481190928801452,0.008481190928801452,0.004240595464400726,0.008481190928801452,0.004240595464400726
151,0.03392476371520581,0.031488267524892456,0.004240595464400726,0.008481190928801452,0.008481190928801452,0.008481190928801452,0.004240595464400726,0.008481190928801452,0.004240595464400726
152,0.03392476371520581,0.031488267524892456,0.004240595464400726,0.008481190928801452,0.008481190928801452,0.008481190928801452,0.004240595464400726,0.008481190928801452,0.004240595464400726
153,0.03392476371520581,0.031488267524892456,0.004240595464400726,0.008481190928801452,0.008481190928801452,0.008481190928801452,0.004240595464400726,0.008481190928801452,0.004240595464400726
154,0.03392476371520581,0.031488267524892456,0.004240595464400726,0.008481190928801452,0.008481190928801452,0.008481190928801452,0.004240595464400726,0.008481190928801452,0.004240595464400726
155,0.03392476371520581,0.031488267524892456,0.004240595464400726,0.008481190928801452,0.008481190928801452,0.008481190928801452,0.004240595464400726,0.008481190928801452,0.004240595464400726
156,0.03392476371520581,0.031488267524892456,0.004240595464400726,0.008481190928801452,0.008481190928801452,0.008481190928801452,0.004240595464400726,0.008481190928801452,0.004240595464400726
157,0.03392476371520581,0.031488267524892456,0.004240595464400726,0.008481190928801452,0.008481190928801452,0.008481190928801452,0.004240595464400726,0.008481190928801452,0.004240595464400726
158,0.03392476371520581,0.031488267524892456,0.004240595464400726,0.008481190928801452,0.008481190928801452,0.008481190928801452,0.004240595464400726,0.008481190928801452,0.004240595464400726
159,0.03392476371520581,0.031488267524892456,0.004240595464400726,0.008481190928801452,0.008481190928801452,0.008481190928801452,0.004240595464400726,0.008481190928801452,0.004240595464400726
160,0.03392476371520581,0.031488267524892456,0.004240595464400726,0.008481190928801452,0.008481190928801452,0.008481190928801452,0.004240595464400726,0.008481190928801452,0.004240595464400726
161,0.03392476371520581,0.031488267524892456,0.004240595464400726,0.008481190928801452,0.008481190928801452,0.008481190928801452,0.004240595464400726,0.008481190928801452,0.004240595464400726
162,0.03392476371520581,0.031488267524892456,0.004240595464400726,0.008481190928801452,0.008481190928801452,0.008481190928801452,0.004240595464400726,0.008481190928801452,0.004240595464400726
163,0.03392476371520581,0.031488267524892456,0.004240595464400726,0.008481190928801452,0.008481190928801452,0.008481190928801452,0.004240595464400726,0.008481190928801452,0.004240595464400726
164,0.03392476371520581,0.031488267524892456,0.004240595464400726,0.008481190928801452,0.008481190928801452,0.008481190928801452,0.004240595464400726,0.008481190928801452,0.004240595464400726
165,0.03392476371520581,0.031488267524892456,0.004240595464400726,0.008481190928801452,0.008481190928801452,0.008481190928801452,0.004240595464400726,0.008481190928801452,0.004240595464400726
166,0.03392476371520581,0.031488267524892456,0.004240595464400726,0.008481190928801452,0.008481190928801452,0.008481190928801452,0.004240595464400726,0.008481190928801452,0.004240595464400726
167,0.03392476371520581,0.031488267524892456,0.004240595464400726,0.008481190928801452,0.008481190928801452,0.008481190928801452,0.004240595464400726,0.008481190928801452,0.004240595464400726
168,0.03392476371520581,0.031488267524892456,0.004240595464400726,0.008481190928801452,0.008481190928801452,0.008481190928801452,0.004240595464400726,0.008481190928801452,0.004240595464400726
169,0.03392476371520581,0.031488267524892456,0.004240595464400726,0.008481190928801452,0.008481190928801452,0.008481190928801452,0.004240595464400726,0.008481190928801452,0.004240595464400726
170,0.03392476371520581,0.031488267524892456,0.004240595464400726,0.008481190928801452,0.008481190928801452,0.008481190928801452,0.004240595464400726,0.008481190928801452,0.004240595464400726
171,0.03392476371520581,0.031488267524892456,0.004240595464400726,0.008481190928801452,0.008481190928801452,0.008481190928801452,0.004240595464400726,0.008481190928801452,0.004240595464400726
172,0.05088714557280871,0.04739315087407179,0.004240595464400726,0.008481190928801452,0.008481190928801452,0.025443572786404356,0.004240595464400726,0.008481190928801452,0.004240595464400726
173,0.03392476371520581,0.031488267524892456,0.004240595464400726,0.008481190928801452,0.008481190928801452,0.008481190928801452,0.004240595464400726,0.008481190928801452,0.004240595464400726
174,0.03392476371520581,0.031488267524892456,0.004240595464400726,0.008481190928801452,0.008481190928801452,0.008481190928801452,0.004240595464400726,0.008481190928801452,0.004240595464400726
175,0.03392476371520581,0.031488267524892456,0.004240595464400726,0.008481190928801452,0.008481190928801452,0.008481190928801452,0.004240595464400726,0.008481190928801452,0.004240595464400726
176,0.03392476371520581,0.031488267524892456,0.004240595464400726,0.008481190928801452,0.008481190928801452,0.008481190928801452,0.004240595464400726,0.008481190928801452,0.004240595464400726
177,0.03392476371520581,0.031488267524892456,0.004240595464400726,0.008481190928801452,0.008481190928801452,0.008481190928801452,0.004240595464400726,0.008481190928801452,0.004240595464400726
178,0.03392476371520581,0.031488267524892456,0.004240595464400726,0.008481190928801452,0.008481190928801452,0.008481190928801452,0.004240595464400726,0.008481190928801452,0.004240595464400726
179,0.03392476371520581,0.031488267524892456,0.004240595464400726,0.008481190928801452,0.008481190928801452,0.008481190928801452,0.004240595464400726,0.008481190928801452,0.004240595464400726
180,0.03392476371520581,0.031488267524892456,0.004240595464400726,0.008481190928801452,0.008481190928801452,0.008481190928801452,0.004240595464400726,0.008481190928801452,0.004240595464400726
181,0.03392476371520581,0.031488267524892456,0.004240595464400726,0.008481190928801452,0.008481190928801452,0.008481190928801452,0.004240595464400726,0.008481190928801452,0.004240595464400726
182,0.03392476371520581,0.031488267524892456,0.004240595464400726,0.008481190928801452,0.008481190928801452,0.008481190928801452,0.004240595464400726,0.008481190928801452,0.004240595464400726
183,0.03392476371520581,0.031488267524892456,0.004240595464400726,0.008481190928801452,0.008481190928801452,0.008481190928801452,0.004240595464400726,0.008481190928801452,0.004240595464400726
184,0.03392476371520581,0.031488267524892456,0.004240595464400726,0.008481190928801452,0.008481190928801452,0.008481190928801452,0.004240595464400726,0.008481190928801452,0.004240595464400726
185,0.03392476371520581,0.031488267524892456,0.004240595464400726,0.008481190928801452,0.008481190928801452,0.008481190928801452,0.004240595464400726,0.008481190928801452,0.004240595464400726
186,0.03392476371520581,0.031488267524892456,0.004240595464400726,0.008481190928801452,0.008481190928801452,0.008481190928801452,0.004240595464400726,0.008481190928801452,0.004240595464400726
187,0.03392476371520581,0.031488267524892456,0.004240595464400726,0.008481190928801452,0.008481190928801452,0.008481190928801452,0.004240595464400726,0.008481190928801452,0.004240595464400726
188,0.03392476371520581,0.031488267524892456,0.004240595464400726,0.008481190928801452,0.008481190928801452,0.008481190928801452,0.004240595464400726,0.008481190928801452,0.004240595464400726
189,0.03392476371520581,0.031488267524892456,0.004240595464400726,0.008481190928801452,0.008481190928801452,0.008481190928801452,0.004240595464400726,0.008481190928801452,0.004240595464400726
190,0.03392476371520581,0.031488267524892456,0.004240595464400726,0.008481190928801452,0.008481190928801452,0.008481190928801452,0.004240595464400726,0.008481190928801452,0.004240595464400726
191,0.03392476371520581,0.031488267524892456,0.004240595464400726,0.008481190928801452,0.008481190928801452,0.008481190928801452,0.004240595464400726,0.008481190928801452,0.004240595464400726
192,0.03392476371520581,0.031488267524892456,0.004240595464400726,0.008481190928801452,0.008481190928801452,0.008481190928801452,0.004240595464400726,0.008481190928801452,0.004240595464400726
193,0.03392476371520581,0.031488267524892456,0.004240595464400726,0.008481190928801452,0.008481190928801452,0.008481190928801452,0.004240595464400726,0.008481190928801452,0.004240595464400726
194,0.03392476371520581,0.031488267524892456,0.004240595464400726,0.008481190928801452,0.008481190928801452,0.008481190928801452,0.004240595464400726,0.008481190928801452,0.004240595464400726
195,0.05088714557280871,0.04739315087407179,0.004240595464400726,0.008481190928801452,0.008481190928801452,0.025443572786404356,0.004240595464400726,0.008481190928801452,0.004240595464400726
196,0.03392476371520581,0.031488267524892456,0.004240595464400726,0.008481190928801452,0.008481190928801452,0.008481190928801452,0.004240595464400726,0.008481190928801452,0.004240595464400726
197,0.03392476371520581,0.031488267524892456,0.004240595464400726,0.008481190928801452,0.008481190928801452,0.008481190928801452,0.004240595464400726,0.008481190928801452,0.004240595464400726
198,0.03392476371520581,0.031488267524892456,0.004240595464400726,0.008481190928801452,0.008481190928801452,0.008481190928801452,0.004240595464400726,0.008481190928801452,0.004240595464400726
199,0.03392476371520581,0.031488267524892456,0.004240595464400726,0.008481190928801452,0.008481190928801452,0.008481190928801452,0.004240595464400726,0.008481190928801452,0.004240595464400726
200,0.03392476371520581,0.031488267524892456,0.004240595464400726,0.008481190928801452,0.008481190928801452,0.008481190928801452,0.004240595464400726,0.008481190928801452,0.004240595464400726
201,0.03392476371520581,0.031488267524892456,0.004240595464400726,0.008481190928801452,0.008481190928801452,0.008481190928801452,0.004240595464400726,0.008481190928801452,0.004240595464400726
202,0.03392476371520581,0.031488267524892456,0.004240595464400726,0.008481190928801452,0.008481190928801452,0.008481190928801452,0.004240595464400726,0.008481190928801452,0.004240595464400726
203,0.03392476371520581,0.031488267524892456,0.004240595464400726,0.008481190928801452,0.008481190928801452,0.008481190928801452,0.004240595464400726,0.008481190928801452,0.004240595464400726
204,0.03392476371520581,0.031488267524892456,0.004240595464400726,0.008481190928801452,0.008481190928801452,0.008481190928801452,0.004240595464400726,0.008481190928801452,0.004240595464400726
205,0.03392476371520581,0.031488267524892456,0.004240595464400726,0.008481190928801452,0.008481190928801452,0.008481190928801452,0.004240595464400726,0.008481190928801452,0.004240595464400726
206,0.03392476371520581,0.031488267524892456,0.004240595464400726,0.008481190928801452,0.008481190928801452,0.008481190928801452,0.004240595464400726,0.008481190928801452,0.004240595464400726
207,0.03392476371520581,0.031488267524892456,0.004240595464400726,0.008481190928801452,0.008481190928801452,0.008481190928801452,0.004240595464400726,0.008481190928801452,0.004240595464400726
208,0.03392476371520581,0.031488267524892456,0.004240595464400726,0.008481190928801452,0.008481190928801452,0.008481190928801452,0.004240595464400726,0.008481190928801452,0.004240595464400726
209,0.03392476371520581,0.031488267524892456,0.004240595464400726,0.008481190928801452,0.008481190928801452,0.008481190928801452,0.004240595464400726,0.008481190928801452,0.004240595464400726
210,0.03392476371520581,0.031488267524892456,0.004240595464400726,0.008481190928801452,0.008481190928801452,0.008481190928801452,0.004240595464400726,0.008481190928801452,0.004240595464400726
211,0.03392476371520581,0.031488267524892456,0.004240595464400726,0.008481190928801452,0.008481190928801452,0.008481190928801452,0.004240595464400726,0.008481190928801452,0.004240595464400726
212,0.03392476371520581,0.031488267524892456,0.004240595464400726,0.008481190928801452,0.008481190928801452,0.008481190928801452,0.004240595464400726,0.008481190928801452,0.004240595464400726
213,0.03392476371520581,0.031488267524892456,0.004240595464400726,0.008481190928801452,0.008481190928801452,0.008481190928801452,0.004240595464400726,0.008481190928801452,0.004240595464400726
214,0.03392476371520581,0.031488267524892456,0.004240595464400726,0.008481190928801452,0.008481190928801452,0.008481190928801452,0.004240595464400726,0.008481190928801452,0.004240595464400726
215,0.03392476371520581,0.031488267524892456,0.004240595464400726,0.008481190928801452,0.008481190928801452,0.008481190928801452,0.004240595464400726,0.008481190928801452,0.004240595464400726
216,0.03392476371520581,0.031488267524892456,0.004240595464400726,0.008481190928801452,0.008481190928801452,0.008481190928801452,0.004240595464400726,0.008481190928801452,0.004240595464400726
217,0.03816535917960654,0.035401862996268796,0.004240595464400726,0.008481190928801452,0.008481190928801452,0.012721786393202178,0.004240595464400726,0.008481190928801452,0.004240595464400726
218,0.03392476371520581,0.031488267524892456,0.004240595464400726,0.008481190928801452,0.008481190928801452,0.008481190928801452,0.004240595464400726,0.008481190928801452,0.004240595464400726
219,0.03392476371520581,0.031488267524892456,0.004240595464400726,0.008481190928801452,0.008481190928801452,0.008481190928801452,0.004240595464400726,0.008481190928801452,0.004240595464400726
220,0.03392476371520581,0.031488267524892456,0.004240595464400726,0.008481190928801452,0.008481190928801452,0.008481190928801452,0.004240595464400726,0.008481190928801452,0.004240595464400726
221,0.03392476371520581,0.031488267524892456,0.004240595464400726,0.008481190928801452,0.008481190928801452,0.008481190928801452,0.004240595464400726,0.008481190928801452,0.004240595464400726
222,0.03392476371520581,0.031488267524892456,0.004240595464400726,0.008481190928801452,0.008481190928801452,0.008481190928801452,0.004240595464400726,0.008481190928801452,0.004240595464400726
223,0.03392476371520581,0.031488267524892456,0.004240595464400726,0.008481190928801452,0.008481190928801452,0.008481190928801452,0.004240595464400726,0.008481190928801452,0.004240595464400726
224,0.03392476371520581,0.031488267524892456,0.004240595464400726,0.008481190928801452,0.008481190928801452,0.008481190928801452,0.004240595464400726,0.008481190928801452,0.004240595464400726
225,0.03392476371520581,0.031488267524892456,0.004240595464400726,0.008481190928801452,0.008481190928801452,0.008481190928801452,0.004240595464400726,0.008481190928801452,0.004240595464400726
226,0.03392476371520581,0.031488267524892456,0.004240595464400726,0.008481190928801452,0.008481190928801452,0.008481190928801452,0.004240595464400726,0.008481190928801452,0.004240595464400726
227,0.03392476371520581,0.031488267524892456,0.004240595464400726,0.008481190928801452,0.008481190928801452,0.008481190928801452,0.004240595464400726,0.008481190928801452,0.004240595464400726
228,0.03392476371520581,0.031488267524892456,0.004240595464400726,0.008481190928801452,0.008481190928801452,0.008481190928801452,0.004240595464400726,0.008481190928801452,0.004240595464400726
229,0.03392476371520581,0.031488267524892456,0.004240595464400726,0.008481190928801452,0.008481190928801452,0.008481190928801452,0.004240595464400726,0.008481190928801452,0.004240595464400726
230,0.03392476371520581,0.031488267524892456,0.004240595464400726,0.008481190928801452,0.008481190928801452,0.008481190928801452,0.004240595464400726,0.008481190928801452,0.004240595464400726
231,0.03392476371520581,0.031488267524892456,0.004240595464400726,0.008481190928801452,0.008481190928801452,0.008481190928801452,0.004240595464400726,0.008481190928801452,0.004240595464400726
232,0.03816535917960654,0.035401862996268796,0.004240595464400726,0.008481190928801452,0.008481190928801452,0.012721786393202178,0.004240595464400726,0.008481190928801452,0.004240595464400726
233,0.03392476371520581,0.031488267524892456,0.004240595464400726,0.008481190928801452,0.008481190928801452,0.008481190928801452,0.004240595464400726,0.008481190928801452,0.004240595464400726
234,0.03392476371520581,0.031488267524892456,0.004240595464400726,0.008481190928801452,0.008481190928801452,0.008481190928801452,0.004240595464400726,0.008481190928801452,0.004240595464400726
235,0.03392476371520581,0.031488267524892456,0.004240595464400726,0.008481190928801452,0.008481190928801452,0.008481190928801452,0.004240595464400726,0.008481190928801452,0.004240595464400726
236,0.03392476371520581,0.031488267524892456,0.004240595464400726,0.008481190928801452,0.008481190928801452,0.008481190928801452,0.004240595464400726,0.008481190928801452,0.004240595464400726
237,0.03392476371520581,0.031488267524892456,0.004240595464400726,0.008481190928801452,0.008481190928801452,0.008481190928801452,0.004240595464400726,0.008481190928801452,0.004240595464400726
238,0.03392476371520581,0.031488267524892456,0.004240595464400726,0.008481190928801452,0.008481190928801452,0.008481190928801452,0.004240595464400726,0.008481190928801452,0.004240595464400726
239,0.03392476371520581,0.031488267524892456,0.004240595464400726,0.008481190928801452,0.008481190928801452,0.008481190928801452,0.004240595464400726,0.008481190928801452,0.004240595464400726
240,0.03392476371520581,0.031488267524892456,0.004240595464400726,0.008481190928801452,0.008481190928801452,0.008481190928801452,0.004240595464400726,0.008481190928801452,0.004240595464400726
241,0.03392476371520581,0.031488267524892456,0.004240595464400726,0.008481190928801452,0.008481190928801452,0.008481190928801452,0.004240595464400726,0.008481190928801452,0.004240595464400726
242,0.03392476371520581,0.031488267524892456,0.004240595464400726,0.008481190928801452,0.008481190928801452,0.008481190928801452,0.004240595464400726,0.008481190928801452,0.004240595464400726
243,0.03392476371520581,0.031488267524892456,0.004240595464400726,0.008481190928801452,0.008481190928801452,0.008481190928801452,0.004240595464400726,0.008481190928801452,0.004240595464400726
244,0.03392476371520581,0.031488267524892456,0.004240595464400726,0.008481190928801452,0.008481190928801452,0.008481190928801452,0.004240595464400726,0.008481190928801452,0.004240595464400726
245,0.03392476371520581,0.031488267524892456,0.004240595464400726,0.008481190928801452,0.008481190928801452,0.008481190928801452,0.004240595464400726,0.008481190928801452,0.004240595464400726
246,0.03392476371520581,0.031488267524892456,0.004240595464400726,0.008481190928801452,0.008481190928801452,0.008481190928801452,0.004240595464400726,0.008481190928801452,0.004240595464400726
247,0.03392476371520581,0.031488267524892456,0.004240595464400726,0.008481190928801452,0.008481190928801452,0.008481190928801452,0.004240595464400726,0.008481190928801452,0.004240595464400726
248,0.03392476371520581,0.031488267524892456,0.004240595464400726,0.008481190928801452,0.008481190928801452,0.008481190928801452,0.004240595464400726,0.008481190928801452,0.004240595464400726
249,0.03392476371520581,0.031488267524892456,0.004240595464400726,0.008481190928801452,0.008481190928801452,0.008481190928801452,0.004240595464400726,0.008481190928801452,0.004240595464400726
250,0.03392476371520581,0.031488267524892456,0.004240595464400726,0.008481190928801452,0.008481190928801452,0.008481190928801452,0.004240595464400726,0.008481190928801452,0.004240595464400726
251,0.03392476371520581,0.031488267524892456,0.004240595464400726,0.008481190928801452,0.008481190928801452,0.008481190928801452,0.004240595464400726,0.008481190928801452,0.004240595464400726
252,0.03816535917960654,0.035401862996268796,0.004240595464400726,0.008481190928801452,0.008481190928801452,0.012721786393202178,0.004240595464400726,0.008481190928801452,0.004240595464400726
253,0.03392476371520581,0.031488267524892456,0.004240595464400726,0.008481190928801452,0.008481190928801452,0.008481190928801452,0.004240595464400726,0.008481190928801452,0.004240595464400726
254,0.03392476371520581,0.031488267524892456,0.004240595464400726,0.008481190928801452,0.008481190928801452,0.008481190928801452,0.004240595464400726,0.008481190928801452,0.004240595464400726
255,0.03392476371520581,0.031488267524892456,0.004240595464400726,0.008481190928801452,0.008481190928801452,0.008481190928801452,0.004240595464400726,0.008481190928801452,0.004240595464400726
256,0.03392476371520581,0.031488267524892456,0.004240595464400726,0.008481190928801452,0.008481190928801452,0.008481190928801452,0.004240595464400726,0.008481190928801452,0.004240595464400726
257,0.03392476371520581,0.031488267524892456,0.004240595464400726,0.008481190928801452,0.008481190928801452,0.008481190928801452,0.004240595464400726,0.008481190928801452,0.004240595464400726
258,0.03392476371520581,0.031488267524892456,0.004240595464400726,0.008481190928801452,0.008481190928801452,0.008481190928801452,0.004240595464400726,0.008481190928801452,0.004240595464400726
259,0.03392476371520581,0.031488267524892456,0.004240595464400726,0.008481190928801452,0.008481190928801452,0.008481190928801452,0.004240595464400726,0.008481190928801452,0.004240595464400726
260,0.03392476371520581,0.031488267524892456,0.004240595464400726,0.008481190928801452,0.008481190928801452,0.008481190928801452,0.004240595464400726,0.008481190928801452,0.004240595464400726
261,0.03392476371520581,0.031488267524892456,0.004240595464400726,0.008481190928801452,0.008481190928801452,0.008481190928801452,0.004240595464400726,0.008481190928801452,0.004240595464400726
262,0.03392476371520581,0.031488267524892456,0.004240595464400726,0.008481190928801452,0.008481190928801452,0.008481190928801452,0.004240595464400726,0.008481190928801452,0.004240595464400726
263,0.03392476371520581,0.031488267524892456,0.004240595464400726,0.008481190928801452,0.008481190928801452,0.008481190928801452,0.004240595464400726,0.008481190928801452,0.004240595464400726
264,0.03392476371520581,0.031488267524892456,0.004240595464400726,0.008481190928801452,0.008481190928801452,0.008481190928801452,0.004240595464400726,0.008481190928801452,0.004240595464400726
265,0.03392476371520581,0.031488267524892456,0.004240595464400726,0.008481190928801452,0.008481190928801452,0.008481190928801452,0.004240595464400726,0.008481190928801452,0.004240595464400726
266,0.05088714557280871,0.04739315087407179,0.004240595464400726,0.008481190928801452,0.008481190928801452,0.025443572786404356,0.004240595464400726,0.008481190928801452,0.004240595464400726
267,0.03392476371520581,0.031488267524892456,0.004240595464400726,0.008481190928801452,0.008481190928801452,0.008481190928801452,0.004240595464400726,0.008481190928801452,0.004240595464400726
268,0.03392476371520581,0.031488267524892456,0.004240595464400726,0.008481190928801452,0.008481190928801452,0.008481190928801452,0.004240595464400726,0.008481190928801452,0.004240595464400726
269,0.03392476371520581,0.031488267524892456,0.004240595464400726,0.008481190928801452,0.008481190928801452,0.008481190928801452,0.004240595464400726,0.008481190928801452,0.004240595464400726
270,0.03392476371520581,0.031488267524892456,0.004240595464400726,0.008481190928801452,0.008481190928801452,0.008481190928801452,0.004240595464400726,0.008481190928801452,0.004240595464400726
271,0.03392476371520581,0.031488267524892456,0.004240595464400726,0.008481190928801452,0.008481190928801452,0.008481190928801452,0.004240595464400726,0.008481190928801452,0.004240595464400726
272,0.03392476371520581,0.031488267524892456,0.004240595464400726,0.008481190928801452,0.008481190928801452,0.008481190928801452,0.004240595464400726,0.008481190928801452,0.004240595464400726
273,0.03816535917960654,0.035401862996268796,0.004240595464400726,0.008481190928801452,0.008481190928801452,0.012721786393202178,0.004240595464400726,0.008481190928801452,0.004240595464400726
274,0.03392476371520581,0.031488267524892456,0.004240595464400726,0.008481190928801452,0.008481190928801452,0.008481190928801452,0.004240595464400726,0.008481190928801452,0.004240595464400726
275,0.03392476371520581,0.031488267524892456,0.004240595464400726,0.008481190928801452,0.008481190928801452,0.008481190928801452,0.004240595464400726,0.008481190928801452,0.004240595464400726
276,0.03392476371520581,0.031488267524892456,0.004240595464400726,0.008481190928801452,0.008481190928801452,0.008481190928801452,0.004240595464400726,0.008481190928801452,0.004240595464400726
277,0.03392476371520581,0.031488267524892456,0.004240595464400726,0.008481190928801452,0.008481190928801452,0.008481190928801452,0.004240595464400726,0.008481190928801452,0.004240595464400726
278,0.03392476371520581,0.031488267524892456,0.004240595464400726,0.008481190928801452,0.008481190928801452,0.008481190928801452,0.004240595464400726,0.008481190928801452,0.004240595464400726
279,0.03392476371520581,0.031488267524892456,0.004240595464400726,0.008481190928801452,0.008481190928801452,0.008481190928801452,0.004240595464400726,0.008481190928801452,0.004240595464400726
280,0.03392476371520581,0.031488267524892456,0.004240595464400726,0.008481190928801452,0.008481190928801452,0.008481190928801452,0.004240595464400726,0.008481190928801452,0.004240595464400726
281,0.03392476371520581,0.031488267524892456,0.004240595464400726,0.008481190928801452,0.008481190928801452,0.008481190928801452,0.004240595464400726,0.008481190928801452,0.004240595464400726
282,0.03392476371520581,0.031488267524892456,0.004240595464400726,0.008481190928801452,0.008481190928801452,0.008481190928801452,0.004240595464400726,0.008481190928801452,0.004240595464400726
283,0.03392476371520581,0.031488267524892456,0.004240595464400726,0.008481190928801452,0.008481190928801452,0.008481190928801452,0.004240595464400726,0.008481190928801452,0.004240595464400726
284,0.03392476371520581,0.031488267524892456,0.004240595464400726,0.008481190928801452,0.008481190928801452,0.008481190928801452,0.004240595464400726,0.008481190928801452,0.004240595464400726
285,0.03392476371520581,0.031488267524892456,0.004240595464400726,0.008481190928801452,0.008481190928801452,0.008481190928801452,0.004240595464400726,0.008481190928801452,0.004240595464400726
286,0.03392476371520581,0.031488267524892456,0.004240595464400726,0.008481190928801452,0.008481190928801452,0.008481190928801452,0.004240595464400726,0.008481190928801452,0.004240595464400726
287,0.03392476371520581,0.031488267524892456,0.004240595464400726,0.008481190928801452,0.008481190928801452,0.008481190928801452,0.004240595464400726,0.008481190928801452,0.004240595464400726
288,0.03392476371520581,0.031488267524892456,0.004240595464400726,0.008481190928801452,0.008481190928801452,0.008481190928801452,0.004240595464400726,0.008481190928801452,0.004240595464400726
289,0.03392476371520581,0.031488267524892456,0.004240595464400726,0.008481190928801452,0.008481190928801452,0.008481190928801452,0.004240595464400726,0.008481190928801452,0.004240595464400726
290,0.03392476371520581,0.031488267524892456,0.004240595464400726,0.008481190928801452,0.008481190928801452,0.008481190928801452,0.004240595464400726,0.008481190928801452,0.004240595464400726
291,0.03392476371520581,0.031488267524892456,0.004240595464400726,0.008481190928801452,0.008481190928801452,0.008481190928801452,0.004240595464400726,0.008481190928801452,0.004240595464400726
292,0.03392476371520581,0.031488267524892456,0.004240595464400726,0.008481190928801452,0.008481190928801452,0.008481190928801452,0.004240595464400726,0.008481190928801452,0.004240595464400726
293,0.03392476371520581,0.031488267524892456,0.004240595464400726,0.008481190928801452,0.008481190928801452,0.008481190928801452,0.004240595464400726,0.008481190928801452,0.004240595464400726
294,0.03392476371520581,0.031488267524892456,0.004240595464400726,0.008481190928801452,0.008481190928801452,0.008481190928801452,0.004240595464400726,0.008481190928801452,0.004240595464400726
295,0.03392476371520581,0.031488267524892456,0.004240595464400726,0.008481190928801452,0.008481190928801452,0.008481190928801452,0.004240595464400726,0.008481190928801452,0.004240595464400726
296,0.2565560255962439,0.3065749143767386,0.004240595464400726,0.23323275054203993,0.008481190928801452,0.008481190928801452,0.004240595464400726,0.008481190928801452,0.004240595464400726
297,0.03392476371520581,0.031488267524892456,0.004240595464400726,0.008481190928801452,0.008481190928801452,0.008481190928801452,0.004240595464400726,0.008481190928801452,0.004240595464400726
298,0.03392476371520581,0.031488267524892456,0.004240595464400726,0.008481190928801452,0.008481190928801452,0.008481190928801452,0.004240595464400726,0.008481190928801452,0.004240595464400726
299,0.03392476371520581,0.031488267524892456,0.004240595464400726,0.008481190928801452,0.008481190928801452,0.008481190928801452,0.004240595464400726,0.008481190928801452,0.004240595464400726
300,0.03392476371520581,0.031488267524892456,0.004240595464400726,0.008481190928801452,0.008481190928801452,0.008481190928801452,0.004240595464400726,0.008481190928801452,0.004240595464400726
301,0.03392476371520581,0.031488267524892456,0.004240595464400726,0.008481190928801452,0.008481190928801452,0.008481190928801452,0.004240595464400726,0.008481190928801452,0.004240595464400726
302,0.03392476371520581,0.031488267524892456,0.004240595464400726,0.008481190928801452,0.008481190928801452,0.008481190928801452,0.004240595464400726,0.008481190928801452,0.004240595464400726
303,0.03392476371520581,0.031488267524892456,0.004240595464400726,0.008481190928801452,0.008481190928801452,0.008481190928801452,0.004240595464400726,0.008481190928801452,0.004240595464400726
304,0.03392476371520581,0.031488267524892456,0.004240595464400726,0.008481190928801452,0.008481190928801452,0.008481190928801452,0.004240595464400726,0.008481190928801452,0.004240595464400726
305,0.03392476371520581,0.031488267524892456,0.004240595464400726,0.008481190928801452,0.008481190928801452,0.008481190928801452,0.004240595464400726,0.008481190928801452,0.004240595464400726
306,0.03392476371520581,0.031488267524892456,0.004240595464400726,0.008481190928801452,0.008481190928801452,0.008481190928801452,0.004240595464400726,0.008481190928801452,0.004240595464400726
307,0.03392476371520581,0.031488267524892456,0.004240595464400726,0.008481190928801452,0.008481190928801452,0.008481190928801452,0.004240595464400726,0.008481190928801452,0.004240595464400726
308,0.03392476371520581,0.031488267524892456,0.004240595464400726,0.008481190928801452,0.008481190928801452,0.008481190928801452,0.004240595464400726,0.008481190928801452,0.004240595464400726
309,0.03392476371520581,0.031488267524892456,0.004240595464400726,0.008481190928801452,0.008481190928801452,0.008481190928801452,0.004240595464400726,0.008481190928801452,0.004240595464400726
310,0.03392476371520581,0.031488267524892456,0.004240595464400726,0.008481190928801452,0.008481190928801452,0.008481190928801452,0.004240595464400726,0.008481190928801452,0.004240595464400726
311,0.03392476371520581,0.031488267524892456,0.004240595464400726,0.008481190928801452,0.008481190928801452,0.008481190928801452,0.004240595464400726,0.008481190928801452,0.004240595464400726
312,0.03392476371520581,0.031488267524892456,0.004240595464400726,0.008481190928801452,0.008481190928801452,0.008481190928801452,0.004240595464400726,0.008481190928801452,0.004240595464400726
313,0.03392476371520581,0.031488267524892456,0.004240595464400726,0.008481190928801452,0.008481190928801452,0.008481190928801452,0.004240595464400726,0.008481190928801452,0.004240595464400726
314,0.03392476371520581,0.031488267524892456,0.004240595464400726,0.008481190928801452,0.008481190928801452,0.008481190928801452,0.004240595464400726,0.008481190928801452,0.004240595464400726
315,0.03392476371520581,0.031488267524892456,0.004240595464400726,0.008481190928801452,0.008481190928801452,0.008481190928801452,0.004240595464400726,0.008481190928801452,0.004240595464400726
316,0.03392476371520581,0.031488267524892456,0.004240595464400726,0.008481190928801452,0.008481190928801452,0.008481190928801452,0.004240595464400726,0.008481190928801452,0.004240595464400726
317,0.03392476371520581,0.031488267524892456,0.004240595464400726,0.008481190928801452,0.008481190928801452,0.008481190928801452,0.004240595464400726,0.008481190928801452,0.004240595464400726
318,0.03392476371520581,0.031488267524892456,0.004240595464400726,0.008481190928801452,0.008481190928801452,0.008481190928801452,0.004240595464400726,0.008481190928801452,0.004240595464400726
319,0.03392476371520581,0.031488267524892456,0.004240595464400726,0.008481190928801452,0.008481190928801452,0.008481190928801452,0.004240595464400726,0.008481190928801452,0.004240595464400726
320,0.03392476371520581,0.031488267524892456,0.004240595464400726,0.008481190928801452,0.008481190928801452,0.008481190928801452,0.004240595464400726,0.008481190928801452,0.004240595464400726
321,0.03392476371520581,0.031488267524892456,0.004240595464400726,0.008481190928801452,0.008481190928801452,0.008481190928801452,0.004240595464400726,0.008481190928801452,0.004240595464400726
322,0.03392476371520581,0.031488267524892456,0.004240595464400726,0.008481190928801452,0.008481190928801452,0.008481190928801452,0.004240595464400726,0.008481190928801452,0.004240595464400726
323,0.03392476371520581,0.031488267524892456,0.004240595464400726,0.008481190928801452,0.008481190928801452,0.008481190928801452,0.004240595464400726,0.008481190928801452,0.004240595464400726
324,0.03392476371520581,0.031488267524892456,0.004240595464400726,0.008481190928801452,0.008481190928801452,0.008481190928801452,0.004240595464400726,0.008481190928801452,0.004240595464400726
325,0.03392476371520581,0.031488267524892456,0.004240595464400726,0.008481190928801452,0.008481190928801452,0.008481190928801452,0.004240595464400726,0.008481190928801452,0.004240595464400726
326,0.03392476371520581,0.031488267524892456,0.004240595464400726,0.008481190928801452,0.008481190928801452,0.008481190928801452,0.004240595464400726,0.008481190928801452,0.004240595464400726
327,0.03392476371520581,0.031488267524892456,0.004240595464400726,0.008481190928801452,0.008481190928801452,0.008481190928801452,0.004240595464400726,0.008481190928801452,0.004240595464400726
328,0.03392476371520581,0.031488267524892456,0.004240595464400726,0.008481190928801452,0.008481190928801452,0.008481190928801452,0.004240595464400726,0.008481190928801452,0.004240595464400726
329,0.03392476371520581,0.031488267524892456,0.004240595464400726,0.008481190928801452,0.008481190928801452,0.008481190928801452,0.004240595464400726,0.008481190928801452,0.004240595464400726
330,0.03816535917960654,0.035401862996268796,0.004240595464400726,0.008481190928801452,0.008481190928801452,0.012721786393202178,0.004240595464400726,0.008481190928801452,0.004240595464400726
331,0.05088714557280871,0.04739315087407179,0.004240595464400726,0.008481190928801452,0.008481190928801452,0.025443572786404356,0.004240595464400726,0.008481190928801452,0.004240595464400726
332,0.03392476371520581,0.031488267524892456,0.004240595464400726,0.008481190928801452,0.008481190928801452,0.008481190928801452,0.004240595464400726,0.008481190928801452,0.004240595464400726
333,0.03392476371520581,0.031488267524892456,0.004240595464400726,0.008481190928801452,0.008481190928801452,0.008481190928801452,0.004240595464400726,0.008481190928801452,0.004240595464400726
334,0.03392476371520581,0.031488267524892456,0.004240595464400726,0.008481190928801452,0.008481190928801452,0.008481190928801452,0.004240595464400726,0.008481190928801452,0.004240595464400726
335,0.03392476371520581,0.031488267524892456,0.004240595464400726,0.008481190928801452,0.008481190928801452,0.008481190928801452,0.004240595464400726,0.008481190928801452,0.004240595464400726
336,0.03392476371520581,0.031488267524892456,0.004240595464400726,0.008481190928801452,0.008481190928801452,0.008481190928801452,0.004240595464400726,0.008481190928801452,0.004240595464400726
337,0.03392476371520581,0.031488267524892456,0.004240595464400726,0.008481190928801452,0.008481190928801452,0.008481190928801452,0.004240595464400726,0.008481190928801452,0.004240595464400726
338,0.03392476371520581,0.031488267524892456,0.004240595464400726,0.008481190928801452,0.008481190928801452,0.008481190928801452,0.004240595464400726,0.008481190928801452,0.004240595464400726
339,0.03392476371520581,0.031488267524892456,0.004240595464400726,0.008481190928801452,0.008481190928801452,0.008481190928801452,0.004240595464400726,0.008481190928801452,0.004240595464400726
340,0.03392476371520581,0.031488267524892456,0.004240595464400726,0.008481190928801452,0.008481190928801452,0.008481190928801452,0.004240595464400726,0.008481190928801452,0.004240595464400726
341,0.03392476371520581,0.031488267524892456,0.004240595464400726,0.008481190928801452,0.008481190928801452,0.008481190928801452,0.004240595464400726,0.008481190928801452,0.004240595464400726
342,0.03392476371520581,0.031488267524892456,0.004240595464400726,0.008481190928801452,0.008481190928801452,0.008481190928801452,0.004240595464400726,0.008481190928801452,0.004240595464400726
343,0.03392476371520581,0.031488267524892456,0.004240595464400726,0.008481190928801452,0.008481190928801452,0.008481190928801452,0.004240595464400726,0.008481190928801452,0.004240595464400726
344,0.03392476371520581,0.031488267524892456,0.004240595464400726,0.008481190928801452,0.008481190928801452,0.008481190928801452,0.004240595464400726,0.008481190928801452,0.004240595464400726
345,0.03392476371520581,0.031488267524892456,0.004240595464400726,0.008481190928801452,0.008481190928801452,0.008481190928801452,0.004240595464400726,0.008481190928801452,0.004240595464400726
346,0.03392476371520581,0.031488267524892456,0.004240595464400726,0.008481190928801452,0.008481190928801452,0.008481190928801452,0.004240595464400726,0.008481190928801452,0.004240595464400726
347,0.03392476371520581,0.031488267524892456,0.004240595464400726,0.008481190928801452,0.008481190928801452,0.008481190928801452,0.004240595464400726,0.008481190928801452,0.004240595464400726
348,0.03392476371520581,0.031488267524892456,0.004240595464400726,0.008481190928801452,0.008481190928801452,0.008481190928801452,0.004240595464400726,0.008481190928801452,0.004240595464400726
349,0.03392476371520581,0.031488267524892456,0.004240595464400726,0.008481190928801452,0.008481190928801452,0.008481190928801452,0.004240595464400726,0.008481190928801452,0.004240595464400726
350,0.03392476371520581,0.031488267524892456,0.004240595464400726,0.008481190928801452,0.008481190928801452,0.008481190928801452,0.004240595464400726,0.008481190928801452,0.004240595464400726
351,0.03392476371520581,0.031488267524892456,0.004240595464400726,0.008481190928801452,0.008481190928801452,0.008481190928801452,0.004240595464400726,0.008481190928801452,0.004240595464400726
352,0.03392476371520581,0.031488267524892456,0.004240595464400726,0.008481190928801452,0.008481190928801452,0.008481190928801452,0.004240595464400726,0.008481190928801452,0.004240595464400726
353,0.03392476371520581,0.031488267524892456,0.004240595464400726,0.008481190928801452,0.008481190928801452,0.008481190928801452,0.004240595464400726,0.008481190928801452,0.004240595464400726
354,0.03392476371520581,0.031488267524892456,0.004240595464400726,0.008481190928801452,0.008481190928801452,0.008481190928801452,0.004240595464400726,0.008481190928801452,0.004240595464400726
355,0.03392476371520581,0.031488267524892456,0.004240595464400726,0.008481190928801452,0.008481190928801452,0.008481190928801452,0.004240595464400726,0.008481190928801452,0.004240595464400726
356,0.03392476371520581,0.031488267524892456,0.004240595464400726,0.008481190928801452,0.008481190928801452,0.008481190928801452,0.004240595464400726,0.008481190928801452,0.004240595464400726
357,0.03392476371520581,0.031488267524892456,0.004240595464400726,0.008481190928801452,0.008481190928801452,0.008481190928801452,0.004240595464400726,0.008481190928801452,0.004240595464400726
358,0.12085697073542069,0.1231018949878462,0.004240595464400726,0.0975336956812167,0.008481190928801452,0.008481190928801452,0.004240595464400726,0.008481190928801452,0.004240595464400726
359,0.03392476371520581,0.031488267524892456,0.004240595464400726,0.008481190928801452,0.008481190928801452,0.008481190928801452,0.004240595464400726,0.008481190928801452,0.004240595464400726
360,0.03392476371520581,0.031488267524892456,0.004240595464400726,0.008481190928801452,0.008481190928801452,0.008481190928801452,0.004240595464400726,0.008481190928801452,0.004240595464400726
361,0.03392476371520581,0.031488267524892456,0.004240595464400726,0.008481190928801452,0.008481190928801452,0.008481190928801452,0.004240595464400726,0.008481190928801452,0.004240595464400726
362,0.03392476371520581,0.031488267524892456,0.004240595464400726,0.008481190928801452,0.008481190928801452,0.008481190928801452,0.004240595464400726,0.008481190928801452,0.004240595464400726
363,0.03392476371520581,0.031488267524892456,0.004240595464400726,0.008481190928801452,0.008481190928801452,0.008481190928801452,0.004240595464400726,0.008481190928801452,0.004240595464400726
364,0.03392476371520581,0.031488267524892456,0.004240595464400726,0.008481190928801452,0.008481190928801452,0.008481190928801452,0.004240595464400726,0.008481190928801452,0.004240595464400726
365,0.03392476371520581,0.031488267524892456,0.004240595464400726,0.008481190928801452,0.008481190928801452,0.008481190928801452,0.004240595464400726,0.008481190928801452,0.004240595464400726
366,0.03392476371520581,0.031488267524892456,0.004240595464400726,0.008481190928801452,0.008481190928801452,0.008481190928801452,0.004240595464400726,0.008481190928801452,0.004240595464400726
367,0.03392476371520581,0.031488267524892456,0.004240595464400726,0.008481190928801452,0.008481190928801452,0.008481190928801452,0.004240595464400726,0.008481190928801452,0.004240595464400726
368,0.03392476371520581,0.031488267524892456,0.004240595464400726,0.008481190928801452,0.008481190928801452,0.008481190928801452,0.004240595464400726,0.008481190928801452,0.004240595464400726
369,0.03392476371520581,0.031488267524892456,0.004240595464400726,0.008481190928801452,0.008481190928801452,0.008481190928801452,0.004240595464400726,0.008481190928801452,0.004240595464400726
370,0.03392476371520581,0.031488267524892456,0.004240595464400726,0.008481190928801452,0.008481190928801452,0.008481190928801452,0.004240595464400726,0.008481190928801452,0.004240595464400726
371,0.03392476371520581,0.031488267524892456,0.004240595464400726,0.008481190928801452,0.008481190928801452,0.008481190928801452,0.004240595464400726,0.008481190928801452,0.004240595464400726
372,0.03392476371520581,0.031488267524892456,0.004240595464400726,0.008481190928801452,0.008481190928801452,0.008481190928801452,0.004240595464400726,0.008481190928801452,0.004240595464400726
373,0.03392476371520581,0.031488267524892456,0.004240595464400726,0.008481190928801452,0.008481190928801452,0.008481190928801452,0.004240595464400726,0.008481190928801452,0.004240595464400726
374,0.03392476371520581,0.031488267524892456,0.004240595464400726,0.008481190928801452,0.008481190928801452,0.008481190928801452,0.004240595464400726,0.008481190928801452,0.004240595464400726
375,0.03392476371520581,0.031488267524892456,0.004240595464400726,0.008481190928801452,0.008481190928801452,0.008481190928801452,0.004240595464400726,0.008481190928801452,0.004240595464400726
376,0.03392476371520581,0.031488267524892456,0.004240595464400726,0.008481190928801452,0.008481190928801452,0.008481190928801452,0.004240595464400726,0.008481190928801452,0.004240595464400726
377,0.03392476371520581,0.031488267524892456,0.004240595464400726,0.008481190928801452,0.008481190928801452,0.008481190928801452,0.004240595464400726,0.008481190928801452,0.004240595464400726
378,0.03392476371520581,0.031488267524892456,0.004240595464400726,0.008481190928801452,0.008481190928801452,0.008481190928801452,0.004240595464400726,0.008481190928801452,0.004240595464400726
379,0.03392476371520581,0.031488267524892456,0.004240595464400726,0.008481190928801452,0.008481190928801452,0.008481190928801452,0.004240595464400726,0.008481190928801452,0.004240595464400726
380,0.03392476371520581,0.031488267524892456,0.004240595464400726,0.008481190928801452,0.008481190928801452,0.008481190928801452,0.004240595464400726,0.008481190928801452,0.004240595464400726
381,0.03392476371520581,0.031488267524892456,0.004240595464400726,0.008481190928801452,0.008481190928801452,0.008481190928801452,0.004240595464400726,0.008481190928801452,0.004240595464400726
382,0.03392476371520581,0.031488267524892456,0.004240595464400726,0.008481190928801452,0.008481190928801452,0.008481190928801452,0.004240595464400726,0.008481190928801452,0.004240595464400726
383,0.03392476371520581,0.031488267524892456,0.004240595464400726,0.008481190928801452,0.008481190928801452,0.008481190928801452,0.004240595464400726,0.008481190928801452,0.004240595464400726
384,0.03392476371520581,0.031488267524892456,0.004240595464400726,0.008481190928801452,0.008481190928801452,0.008481190928801452,0.004240595464400726,0.008481190928801452,0.004240595464400726
385,0.03392476371520581,0.031488267524892456,0.004240595464400726,0.008481190928801452,0.008481190928801452,0.008481190928801452,0.004240595464400726,0.008481190928801452,0.004240595464400726
386,0.03392476371520581,0.031488267524892456,0.004240595464400726,0.008481190928801452,0.008481190928801452,0.008481190928801452,0.004240595464400726,0.008481190928801452,0.004240595464400726
387,0.03392476371520581,0.031488267524892456,0.004240595464400726,0.008481190928801452,0.008481190928801452,0.008481190928801452,0.004240595464400726,0.008481190928801452,0.004240595464400726
388,0.03392476371520581,0.031488267524892456,0.004240595464400726,0.008481190928801452,0.008481190928801452,0.008481190928801452,0.004240595464400726,0.008481190928801452,0.004240595464400726
389,0.03392476371520581,0.031488267524892456,0.004240595464400726,0.008481190928801452,0.008481190928801452,0.008481190928801452,0.004240595464400726,0.008481190928801452,0.004240595464400726
390,0.03392476371520581,0.031488267524892456,0.004240595464400726,0.008481190928801452,0.008481190928801452,0.008481190928801452,0.004240595464400726,0.008481190928801452,0.004240595464400726
391,0.03392476371520581,0.031488267524892456,0.004240595464400726,0.008481190928801452,0.008481190928801452,0.008481190928801452,0.004240595464400726,0.008481190928801452,0.004240595464400726
392,0.03392476371520581,0.031488267524892456,0.004240595464400726,0.008481190928801452,0.008481190928801452,0.008481190928801452,0.004240595464400726,0.008481190928801452,0.004240595464400726
393,0.03392476371520581,0.031488267524892456,0.004240595464400726,0.008481190928801452,0.008481190928801452,0.008481190928801452,0.004240595464400726,0.008481190928801452,0.004240595464400726
394,0.03392476371520581,0.031488267524892456,0.004240595464400726,0.008481190928801452,0.008481190928801452,0.008481190928801452,0.004240595464400726,0.008481190928801452,0.004240595464400726
395,0.03392476371520581,0.031488267524892456,0.004240595464400726,0.008481190928801452,0.008481190928801452,0.008481190928801452,0.004240595464400726,0.008481190928801452,0.004240595464400726
396,0.03392476371520581,0.031488267524892456,0.004240595464400726,0.008481190928801452,0.008481190928801452,0.008481190928801452,0.004240595464400726,0.008481190928801452,0.004240595464400726
397,0.03392476371520581,0.031488267524892456,0.004240595464400726,0.008481190928801452,0.008481190928801452,0.008481190928801452,0.004240595464400726,0.008481190928801452,0.004240595464400726
398,0.03392476371520581,0.031488267524892456,0.004240595464400726,0.008481190928801452,0.008481190928801452,0.008481190928801452,0.004240595464400726,0.008481190928801452,0.004240595464400726
399,0.03392476371520581,0.031488267524892456,0.004240595464400726,0.008481190928801452,0.008481190928801452,0.008481190928801452,0.004240595464400726,0.008481190928801452,0.004240595464400726
400,0.03392476371520581,0.031488267524892456,0.004240595464400726,0.008481190928801452,0.008481190928801452,0.008481190928801452,0.004240595464400726,0.008481190928801452,0.004240595464400726
401,0.03392476371520581,0.031488267524892456,0.004240595464400726,0.008481190928801452,0.008481190928801452,0.008481190928801452,0.004240595464400726,0.008481190928801452,0.004240595464400726
402,0.03392476371520581,0.031488267524892456,0.004240595464400726,0.008481190928801452,0.008481190928801452,0.008481190928801452,0.004240595464400726,0.008481190928801452,0.004240595464400726
403,0.03816535917960654,0.035401862996268796,0.004240595464400726,0.008481190928801452,0.008481190928801452,0.012721786393202178,0.004240595464400726,0.008481190928801452,0.004240595464400726
404,0.03392476371520581,0.031488267524892456,0.004240595464400726,0.008481190928801452,0.008481190928801452,0.008481190928801452,0.004240595464400726,0.008481190928801452,0.004240595464400726
405,0.03392476371520581,0.031488267524892456,0.004240595464400726,0.008481190928801452,0.008481190928801452,0.008481190928801452,0.004240595464400726,0.008481190928801452,0.004240595464400726
406,0.03392476371520581,0.031488267524892456,0.004240595464400726,0.008481190928801452,0.008481190928801452,0.008481190928801452,0.004240595464400726,0.008481190928801452,0.004240595464400726
407,0.03392476371520581,0.031488267524892456,0.004240595464400726,0.008481190928801452,0.008481190928801452,0.008481190928801452,0.004240595464400726,0.008481190928801452,0.004240595464400726
408,0.03392476371520581,0.031488267524892456,0.004240595464400726,0.008481190928801452,0.008481190928801452,0.008481190928801452,0.004240595464400726,0.008481190928801452,0.004240595464400726
409,0.03392476371520581,0.031488267524892456,0.004240595464400726,0.008481190928801452,0.008481190928801452,0.008481190928801452,0.004240595464400726,0.008481190928801452,0.004240595464400726
410,0.03392476371520581,0.031488267524892456,0.004240595464400726,0.008481190928801452,0.008481190928801452,0.008481190928801452,0.004240595464400726,0.008481190928801452,0.004240595464400726
411,0.03392476371520581,0.031488267524892456,0.004240595464400726,0.008481190928801452,0.008481190928801452,0.008481190928801452,0.004240595464400726,0.008481190928801452,0.004240595464400726
412,0.03392476371520581,0.031488267524892456,0.004240595464400726,0.008481190928801452,0.008481190928801452,0.008481190928801452,0.004240595464400726,0.008481190928801452,0.004240595464400726
413,0.03392476371520581,0.031488267524892456,0.004240595464400726,0.008481190928801452,0.008481190928801452,0.008481190928801452,0.004240595464400726,0.008481190928801452,0.004240595464400726
414,0.03392476371520581,0.031488267524892456,0.004240595464400726,0.008481190928801452,0.008481190928801452,0.008481190928801452,0.004240595464400726,0.008481190928801452,0.004240595464400726
415,0.03392476371520581,0.031488267524892456,0.004240595464400726,0.008481190928801452,0.008481190928801452,0.008481190928801452,0.004240595464400726,0.008481190928801452,0.004240595464400726
416,0.03392476371520581,0.031488267524892456,0.004240595464400726,0.008481190928801452,0.008481190928801452,0.008481190928801452,0.004240595464400726,0.008481190928801452,0.004240595464400726
417,0.03392476371520581,0.031488267524892456,0.004240595464400726,0.008481190928801452,0.008481190928801452,0.008481190928801452,0.004240595464400726,0.008481190928801452,0.004240595464400726
418,0.03392476371520581,0.031488267524892456,0.004240595464400726,0.008481190928801452,0.008481190928801452,0.008481190928801452,0.004240595464400726,0.008481190928801452,0.004240595464400726
419,0.03392476371520581,0.031488267524892456,0.004240595464400726,0.008481190928801452,0.008481190928801452,0.008481190928801452,0.004240595464400726,0.008481190928801452,0.004240595464400726
420,0.03392476371520581,0.031488267524892456,0.004240595464400726,0.008481190928801452,0.008481190928801452,0.008481190928801452,0.004240595464400726,0.008481190928801452,0.004240595464400726
421,0.03392476371520581,0.031488267524892456,0.004240595464400726,0.008481190928801452,0.008481190928801452,0.008481190928801452,0.004240595464400726,0.008481190928801452,0.004240595464400726
422,0.03392476371520581,0.031488267524892456,0.004240595464400726,0.008481190928801452,0.008481190928801452,0.008481190928801452,0.004240595464400726,0.008481190928801452,0.004240595464400726
423,0.03392476371520581,0.031488267524892456,0.004240595464400726,0.008481190928801452,0.008481190928801452,0.008481190928801452,0.004240595464400726,0.008481190928801452,0.004240595464400726
424,0.03392476371520581,0.031488267524892456,0.004240595464400726,0.008481190928801452,0.008481190928801452,0.008481190928801452,0.004240595464400726,0.008481190928801452,0.004240595464400726
425,0.03392476371520581,0.031488267524892456,0.004240595464400726,0.008481190928801452,0.008481190928801452,0.008481190928801452,0.004240595464400726,0.008481190928801452,0.004240595464400726
426,0.03392476371520581,0.031488267524892456,0.004240595464400726,0.008481190928801452,0.008481190928801452,0.008481190928801452,0.004240595464400726,0.008481190928801452,0.004240595464400726
427,0.03392476371520581,0.031488267524892456,0.004240595464400726,0.008481190928801452,0.008481190928801452,0.008481190928801452,0.004240595464400726,0.008481190928801452,0.004240595464400726
428,0.03392476371520581,0.031488267524892456,0.004240595464400726,0.008481190928801452,0.008481190928801452,0.008481190928801452,0.004240595464400726,0.008481190928801452,0.004240595464400726
429,0.03392476371520581,0.031488267524892456,0.004240595464400726,0.008481190928801452,0.008481190928801452,0.008481190928801452,0.004240595464400726,0.008481190928801452,0.004240595464400726
430,0.05088714557280871,0.04739315087407179,0.004240595464400726,0.008481190928801452,0.008481190928801452,0.025443572786404356,0.004240595464400726,0.008481190928801452,0.004240595464400726
431,0.03392476371520581,0.031488267524892456,0.004240595464400726,0.008481190928801452,0.008481190928801452,0.008481190928801452,0.004240595464400726,0.008481190928801452,0.004240595464400726
432,0.03392476371520581,0.031488267524892456,0.004240595464400726,0.008481190928801452,0.008481190928801452,0.008481190928801452,0.004240595464400726,0.008481190928801452,0.004240595464400726
433,0.03392476371520581,0.031488267524892456,0.004240595464400726,0.008481190928801452,0.008481190928801452,0.008481190928801452,0.004240595464400726,0.008481190928801452,0.004240595464400726
434,0.03392476371520581,0.031488267524892456,0.004240595464400726,0.008481190928801452,0.008481190928801452,0.008481190928801452,0.004240595464400726,0.008481190928801452,0.004240595464400726
435,0.03392476371520581,0.031488267524892456,0.004240595464400726,0.008481190928801452,0.008481190928801452,0.008481190928801452,0.004240595464400726,0.008481190928801452,0.004240595464400726
436,0.03392476371520581,0.031488267524892456,0.004240595464400726,0.008481190928801452,0.008481190928801452,0.008481190928801452,0.004240595464400726,0.008481190928801452,0.004240595464400726
437,0.03392476371520581,0.031488267524892456,0.004240595464400726,0.008481190928801452,0.008481190928801452,0.008481190928801452,0.004240595464400726,0.008481190928801452,0.004240595464400726
438,0.03392476371520581,0.031488267524892456,0.004240595464400726,0.008481190928801452,0.008481190928801452,0.008481190928801452,0.004240595464400726,0.008481190928801452,0.004240595464400726
439,0.03392476371520581,0.031488267524892456,0.004240595464400726,0.008481190928801452,0.008481190928801452,0.008481190928801452,0.004240595464400726,0.008481190928801452,0.004240595464400726
440,0.03392476371520581,0.031488267524892456,0.004240595464400726,0.008481190928801452,0.008481190928801452,0.008481190928801452,0.004240595464400726,0.008481190928801452,0.004240595464400726
441,0.03392476371520581,0.031488267524892456,0.004240595464400726,0.008481190928801452,0.008481190928801452,0.008481190928801452,0.004240595464400726,0.008481190928801452,0.004240595464400726
442,0.03816535917960654,0.035401862996268796,0.004240595464400726,0.008481190928801452,0.008481190928801452,0.012721786393202178,0.004240595464400726,0.008481190928801452,0.004240595464400726
443,0.03392476371520581,0.031488267524892456,0.004240595464400726,0.008481190928801452,0.008481190928801452,0.008481190928801452,0.004240595464400726,0.008481190928801452,0.004240595464400726
444,0.03392476371520581,0.031488267524892456,0.004240595464400726,0.008481190928801452,0.008481190928801452,0.008481190928801452,0.004240595464400726,0.008481190928801452,0.004240595464400726
445,0.03392476371520581,0.031488267524892456,0.004240595464400726,0.008481190928801452,0.008481190928801452,0.008481190928801452,0.004240595464400726,0.008481190928801452,0.004240595464400726
446,0.03392476371520581,0.031488267524892456,0.004240595464400726,0.008481190928801452,0.008481190928801452,0.008481190928801452,0.004240595464400726,0.008481190928801452,0.004240595464400726
447,0.03392476371520581,0.031488267524892456,0.004240595464400726,0.008481190928801452,0.008481190928801452,0.008481190928801452,0.004240595464400726,0.008481190928801452,0.004240595464400726
448,0.03392476371520581,0.031488267524892456,0.004240595464400726,0.008481190928801452,0.008481190928801452,0.008481190928801452,0.004240595464400726,0.008481190928801452,0.004240595464400726
449,0.03392476371520581,0.031488267524892456,0.004240595464400726,0.008481190928801452,0.008481190928801452,0.008481190928801452,0.004240595464400726,0.008481190928801452,0.004240595464400726
450,0.03392476371520581,0.031488267524892456,0.004240595464400726,0.008481190928801452,0.008481190928801452,0.008481190928801452,0.004240595464400726,0.008481190928801452,0.004240595464400726
451,0.03816535917960654,0.035401862996268796,0.004240595464400726,0.008481190928801452,0.008481190928801452,0.012721786393202178,0.004240595464400726,0.008481190928801452,0.004240595464400726
452,0.03392476371520581,0.031488267524892456,0.004240595464400726,0.008481190928801452,0.008481190928801452,0.008481190928801452,0.004240595464400726,0.008481190928801452,0.004240595464400726
453,0.26079662106064466,0.3117659421802413,0.004240595464400726,0.23323275054203993,0.008481190928801452,0.008481190928801452,0.004240595464400726,0.012721786393202178,0.004240595464400726
454,0.03392476371520581,0.031488267524892456,0.004240595464400726,0.008481190928801452,0.008481190928801452,0.008481190928801452,0.004240595464400726,0.008481190928801452,0.004240595464400726
455,0.03392476371520581,0.031488267524892456,0.004240595464400726,0.008481190928801452,0.008481190928801452,0.008481190928801452,0.004240595464400726,0.008481190928801452,0.004240595464400726
456,0.03392476371520581,0.031488267524892456,0.004240595464400726,0.008481190928801452,0.008481190928801452,0.008481190928801452,0.004240595464400726,0.008481190928801452,0.004240595464400726
457,0.03392476371520581,0.031488267524892456,0.004240595464400726,0.008481190928801452,0.008481190928801452,0.008481190928801452,0.004240595464400726,0.008481190928801452,0.004240595464400726
458,0.03392476371520581,0.031488267524892456,0.004240595464400726,0.008481190928801452,0.008481190928801452,0.008481190928801452,0.004240595464400726,0.008481190928801452,0.004240595464400726
459,0.03392476371520581,0.031488267524892456,0.004240595464400726,0.008481190928801452,0.008481190928801452,0.008481190928801452,0.004240595464400726,0.008481190928801452,0.004240595464400726
460,0.03392476371520581,0.031488267524892456,0.004240595464400726,0.008481190928801452,0.008481190928801452,0.008481190928801452,0.004240595464400726,0.008481190928801452,0.004240595464400726
461,0.03392476371520581,0.031488267524892456,0.004240595464400726,0.008481190928801452,0.008481190928801452,0.008481190928801452,0.004240595464400726,0.008481190928801452,0.004240595464400726
462,0.03392476371520581,0.031488267524892456,0.004240595464400726,0.008481190928801452,0.008481190928801452,0.008481190928801452,0.004240595464400726,0.008481190928801452,0.004240595464400726
463,0.03392476371520581,0.031488267524892456,0.004240595464400726,0.008481190928801452,0.008481190928801452,0.008481190928801452,0.004240595464400726,0.008481190928801452,0.004240595464400726
464,0.05088714557280871,0.04739315087407179,0.004240595464400726,0.008481190928801452,0.008481190928801452,0.025443572786404356,0.004240595464400726,0.008481190928801452,0.004240595464400726
465,0.03816535917960654,0.035401862996268796,0.004240595464400726,0.008481190928801452,0.008481190928801452,0.012721786393202178,0.004240595464400726,0.008481190928801452,0.004240595464400726
466,0.03392476371520581,0.031488267524892456,0.004240595464400726,0.008481190928801452,0.008481190928801452,0.008481190928801452,0.004240595464400726,0.008481190928801452,0.004240595464400726
467,0.03392476371520581,0.031488267524892456,0.004240595464400726,0.008481190928801452,0.008481190928801452,0.008481190928801452,0.004240595464400726,0.008481190928801452,0.004240595464400726
468,0.03392476371520581,0.031488267524892456,0.004240595464400726,0.008481190928801452,0.008481190928801452,0.008481190928801452,0.004240595464400726,0.008481190928801452,0.004240595464400726
469,0.03392476371520581,0.031488267524892456,0.004240595464400726,0.008481190928801452,0.008481190928801452,0.008481190928801452,0.004240595464400726,0.008481190928801452,0.004240595464400726
470,0.03392476371520581,0.031488267524892456,0.004240595464400726,0.008481190928801452,0.008481190928801452,0.008481190928801452,0.004240595464400726,0.008481190928801452,0.004240595464400726
471,0.03392476371520581,0.031488267524892456,0.004240595464400726,0.008481190928801452,0.008481190928801452,0.008481190928801452,0.004240595464400726,0.008481190928801452,0.004240595464400726
472,0.03392476371520581,0.031488267524892456,0.004240595464400726,0.008481190928801452,0.008481190928801452,0.008481190928801452,0.004240595464400726,0.008481190928801452,0.004240595464400726
473,0.03392476371520581,0.031488267524892456,0.004240595464400726,0.008481190928801452,0.008481190928801452,0.008481190928801452,0.004240595464400726,0.008481190928801452,0.004240595464400726
474,0.03392476371520581,0.031488267524892456,0.004240595464400726,0.008481190928801452,0.008481190928801452,0.008481190928801452,0.004240595464400726,0.008481190928801452,0.004240595464400726
475,0.03392476371520581,0.031488267524892456,0.004240595464400726,0.008481190928801452,0.008481190928801452,0.008481190928801452,0.004240595464400726,0.008481190928801452,0.004240595464400726
476,0.03392476371520581,0.031488267524892456,0.004240595464400726,0.008481190928801452,0.008481190928801452,0.008481190928801452,0.004240595464400726,0.008481190928801452,0.004240595464400726
477,0.03392476371520581,0.031488267524892456,0.004240595464400726,0.008481190928801452,0.008481190928801452,0.008481190928801452,0.004240595464400726,0.008481190928801452,0.004240595464400726
478,0.03392476371520581,0.031488267524892456,0.004240595464400726,0.008481190928801452,0.008481190928801452,0.008481190928801452,0.004240595464400726,0.008481190928801452,0.004240595464400726
479,0.03392476371520581,0.031488267524892456,0.004240595464400726,0.008481190928801452,0.008481190928801452,0.008481190928801452,0.004240595464400726,0.008481190928801452,0.004240595464400726
480,0.03392476371520581,0.031488267524892456,0.004240595464400726,0.008481190928801452,0.008481190928801452,0.008481190928801452,0.004240595464400726,0.008481190928801452,0.004240595464400726
481,0.03392476371520581,0.031488267524892456,0.004240595464400726,0.008481190928801452,0.008481190928801452,0.008481190928801452,0.004240595464400726,0.008481190928801452,0.004240595464400726
482,0.03392476371520581,0.031488267524892456,0.004240595464400726,0.008481190928801452,0.008481190928801452,0.008481190928801452,0.004240595464400726,0.008481190928801452,0.004240595464400726
483,0.03392476371520581,0.031488267524892456,0.004240595464400726,0.008481190928801452,0.008481190928801452,0.008481190928801452,0.004240595464400726,0.008481190928801452,0.004240595464400726
484,0.03392476371520581,0.031488267524892456,0.004240595464400726,0.008481190928801452,0.008481190928801452,0.008481190928801452,0.004240595464400726,0.008481190928801452,0.004240595464400726
485,0.03392476371520581,0.031488267524892456,0.004240595464400726,0.008481190928801452,0.008481190928801452,0.008481190928801452,0.004240595464400726,0.008481190928801452,0.004240595464400726
486,0.03392476371520581,0.031488267524892456,0.004240595464400726,0.008481190928801452,0.008481190928801452,0.008481190928801452,0.004240595464400726,0.008481190928801452,0.004240595464400726
487,0.03392476371520581,0.031488267524892456,0.004240595464400726,0.008481190928801452,0.008481190928801452,0.008481190928801452,0.004240595464400726,0.008481190928801452,0.004240595464400726
488,0.03392476371520581,0.031488267524892456,0.004240595464400726,0.008481190928801452,0.008481190928801452,0.008481190928801452,0.004240595464400726,0.008481190928801452,0.004240595464400726
489,0.03392476371520581,0.031488267524892456,0.004240595464400726,0.008481190928801452,0.008481190928801452,0.008481190928801452,0.004240595464400726,0.008481190928801452,0.004240595464400726
490,0.03392476371520581,0.031488267524892456,0.004240595464400726,0.008481190928801452,0.008481190928801452,0.008481190928801452,0.004240595464400726,0.008481190928801452,0.004240595464400726
491,0.03392476371520581,0.031488267524892456,0.004240595464400726,0.008481190928801452,0.008481190928801452,0.008481190928801452,0.004240595464400726,0.008481190928801452,0.004240595464400726
492,0.03392476371520581,0.031488267524892456,0.004240595464400726,0.008481190928801452,0.008481190928801452,0.008481190928801452,0.004240595464400726,0.008481190928801452,0.004240595464400726
493,0.03392476371520581,0.031488267524892456,0.004240595464400726,0.008481190928801452,0.008481190928801452,0.008481190928801452,0.004240595464400726,0.008481190928801452,0.004240595464400726
494,0.03392476371520581,0.031488267524892456,0.004240595464400726,0.008481190928801452,0.008481190928801452,0.008481190928801452,0.004240595464400726,0.008481190928801452,0.004240595464400726
495,0.03392476371520581,0.031488267524892456,0.004240595464400726,0.008481190928801452,0.008481190928801452,0.008481190928801452,0.004240595464400726,0.008481190928801452,0.004240595464400726
496,0.03392476371520581,0.031488267524892456,0.004240595464400726,0.008481190928801452,0.008481190928801452,0.008481190928801452,0.004240595464400726,0.008481190928801452,0.004240595464400726
497,0.03392476371520581,0.031488267524892456,0.004240595464400726,0.008481190928801452,0.008481190928801452,0.008481190928801452,0.004240595464400726,0.008481190928801452,0.004240595464400726
498,0.03816535917960654,0.035401862996268796,0.004240595464400726,0.008481190928801452,0.008481190928801452,0.012721786393202178,0.004240595464400726,0.008481190928801452,0.004240595464400726
499,0.03392476371520581,0.031488267524892456,0.004240595464400726,0.008481190928801452,0.008481190928801452,0.008481190928801452,0.004240595464400726,0.008481190928801452,0.004240595464400726
500,0.03392476371520581,0.031488267524892456,0.004240595464400726,0.008481190928801452,0.008481190928801452,0.008481190928801452,0.004240595464400726,0.008481190928801452,0.004240595464400726
501,0.03392476371520581,0.031488267524892456,0.004240595464400726,0.008481190928801452,0.008481190928801452,0.008481190928801452,0.004240595464400726,0.008481190928801452,0.004240595464400726
502,0.03392476371520581,0.031488267524892456,0.004240595464400726,0.008481190928801452,0.008481190928801452,0.008481190928801452,0.004240595464400726,0.008481190928801452,0.004240595464400726
503,0.03392476371520581,0.031488267524892456,0.004240595464400726,0.008481190928801452,0.008481190928801452,0.008481190928801452,0.004240595464400726,0.008481190928801452,0.004240595464400726
504,0.03392476371520581,0.031488267524892456,0.004240595464400726,0.008481190928801452,0.008481190928801452,0.008481190928801452,0.004240595464400726,0.008481190928801452,0.004240595464400726
505,0.03392476371520581,0.031488267524892456,0.004240595464400726,0.008481190928801452,0.008481190928801452,0.008481190928801452,0.004240595464400726,0.008481190928801452,0.004240595464400726
506,0.03392476371520581,0.031488267524892456,0.004240595464400726,0.008481190928801452,0.008481190928801452,0.008481190928801452,0.004240595464400726,0.008481190928801452,0.004240595464400726
507,0.03392476371520581,0.031488267524892456,0.004240595464400726,0.008481190928801452,0.008481190928801452,0.008481190928801452,0.004240595464400726,0.008481190928801452,0.004240595464400726
508,0.03392476371520581,0.031488267524892456,0.004240595464400726,0.008481190928801452,0.008481190928801452,0.008481190928801452,0.004240595464400726,0.008481190928801452,0.004240595464400726
509,0.03392476371520581,0.031488267524892456,0.004240595464400726,0.008481190928801452,0.008481190928801452,0.008481190928801452,0.004240595464400726,0.008481190928801452,0.004240595464400726
510,0.03392476371520581,0.031488267524892456,0.004240595464400726,0.008481190928801452,0.008481190928801452,0.008481190928801452,0.004240595464400726,0.008481190928801452,0.004240595464400726
511,0.03392476371520581,0.031488267524892456,0.004240595464400726,0.008481190928801452,0.008481190928801452,0.008481190928801452,0.004240595464400726,0.008481190928801452,0.004240595464400726
512,0.03392476371520581,0.031488267524892456,0.004240595464400726,0.008481190928801452,0.008481190928801452,0.008481190928801452,0.004240595464400726,0.008481190928801452,0.004240595464400726
513,0.03392476371520581,0.031488267524892456,0.004240595464400726,0.008481190928801452,0.008481190928801452,0.008481190928801452,0.004240595464400726,0.008481190928801452,0.004240595464400726
514,0.22687185734543885,0.2577042412028257,0.004240595464400726,0.20354858229123485,0.008481190928801452,0.008481190928801452,0.004240595464400726,0.008481190928801452,0.004240595464400726
515,0.03392476371520581,0.031488267524892456,0.004240595464400726,0.008481190928801452,0.008481190928801452,0.008481190928801452,0.004240595464400726,0.008481190928801452,0.004240595464400726
516,0.03392476371520581,0.031488267524892456,0.004240595464400726,0.008481190928801452,0.008481190928801452,0.008481190928801452,0.004240595464400726,0.008481190928801452,0.004240595464400726
517,0.2353530482742403,0.2693835179943765,0.004240595464400726,0.21202977322003633,0.008481190928801452,0.008481190928801452,0.004240595464400726,0.008481190928801452,0.004240595464400726
518,0.03392476371520581,0.031488267524892456,0.004240595464400726,0.008481190928801452,0.008481190928801452,0.008481190928801452,0.004240595464400726,0.008481190928801452,0.004240595464400726
519,0.03392476371520581,0.031488267524892456,0.004240595464400726,0.008481190928801452,0.008481190928801452,0.008481190928801452,0.004240595464400726,0.008481190928801452,0.004240595464400726
520,0.05088714557280871,0.04739315087407179,0.004240595464400726,0.008481190928801452,0.008481190928801452,0.025443572786404356,0.004240595464400726,0.008481190928801452,0.004240595464400726
521,0.03392476371520581,0.031488267524892456,0.004240595464400726,0.008481190928801452,0.008481190928801452,0.008481190928801452,0.004240595464400726,0.008481190928801452,0.004240595464400726
522,0.03392476371520581,0.031488267524892456,0.004240595464400726,0.008481190928801452,0.008481190928801452,0.008481190928801452,0.004240595464400726,0.008481190928801452,0.004240595464400726
523,0.03392476371520581,0.031488267524892456,0.004240595464400726,0.008481190928801452,0.008481190928801452,0.008481190928801452,0.004240595464400726,0.008481190928801452,0.004240595464400726
524,0.03392476371520581,0.031488267524892456,0.004240595464400726,0.008481190928801452,0.008481190928801452,0.008481190928801452,0.004240595464400726,0.008481190928801452,0.004240595464400726
525,0.03392476371520581,0.031488267524892456,0.004240595464400726,0.008481190928801452,0.008481190928801452,0.008481190928801452,0.004240595464400726,0.008481190928801452,0.004240595464400726
526,0.03392476371520581,0.031488267524892456,0.004240595464400726,0.008481190928801452,0.008481190928801452,0.008481190928801452,0.004240595464400726,0.008481190928801452,0.004240595464400726
527,0.03392476371520581,0.031488267524892456,0.004240595464400726,0.008481190928801452,0.008481190928801452,0.008481190928801452,0.004240595464400726,0.008481190928801452,0.004240595464400726
528,0.03392476371520581,0.031488267524892456,0.004240595464400726,0.008481190928801452,0.008481190928801452,0.008481190928801452,0.004240595464400726,0.008481190928801452,0.004240595464400726
529,0.03392476371520581,0.031488267524892456,0.004240595464400726,0.008481190928801452,0.008481190928801452,0.008481190928801452,0.004240595464400726,0.008481190928801452,0.004240595464400726
530,0.03392476371520581,0.031488267524892456,0.004240595464400726,0.008481190928801452,0.008481190928801452,0.008481190928801452,0.004240595464400726,0.008481190928801452,0.004240595464400726
531,0.03392476371520581,0.031488267524892456,0.004240595464400726,0.008481190928801452,0.008481190928801452,0.008481190928801452,0.004240595464400726,0.008481190928801452,0.004240595464400726
532,0.03392476371520581,0.031488267524892456,0.004240595464400726,0.008481190928801452,0.008481190928801452,0.008481190928801452,0.004240595464400726,0.008481190928801452,0.004240595464400726
533,0.03392476371520581,0.031488267524892456,0.004240595464400726,0.008481190928801452,0.008481190928801452,0.008481190928801452,0.004240595464400726,0.008481190928801452,0.004240595464400726
534,0.03392476371520581,0.031488267524892456,0.004240595464400726,0.008481190928801452,0.008481190928801452,0.008481190928801452,0.004240595464400726,0.008481190928801452,0.004240595464400726
535,0.03392476371520581,0.031488267524892456,0.004240595464400726,0.008481190928801452,0.008481190928801452,0.008481190928801452,0.004240595464400726,0.008481190928801452,0.004240595464400726
536,0.03392476371520581,0.031488267524892456,0.004240595464400726,0.008481190928801452,0.008481190928801452,0.008481190928801452,0.004240595464400726,0.008481190928801452,0.004240595464400726
537,0.03392476371520581,0.031488267524892456,0.004240595464400726,0.008481190928801452,0.008481190928801452,0.008481190928801452,0.004240595464400726,0.008481190928801452,0.004240595464400726
538,0.03392476371520581,0.031488267524892456,0.004240595464400726,0.008481190928801452,0.008481190928801452,0.008481190928801452,0.004240595464400726,0.008481190928801452,0.004240595464400726
539,0.03392476371520581,0.031488267524892456,0.004240595464400726,0.008481190928801452,0.008481190928801452,0.008481190928801452,0.004240595464400726,0.008481190928801452,0.004240595464400726
540,0.03392476371520581,0.031488267524892456,0.004240595464400726,0.008481190928801452,0.008481190928801452,0.008481190928801452,0.004240595464400726,0.008481190928801452,0.004240595464400726
541,0.03392476371520581,0.031488267524892456,0.004240595464400726,0.008481190928801452,0.008481190928801452,0.008481190928801452,0.004240595464400726,0.008481190928801452,0.004240595464400726
542,0.03392476371520581,0.031488267524892456,0.004240595464400726,0.008481190928801452,0.008481190928801452,0.008481190928801452,0.004240595464400726,0.008481190928801452,0.004240595464400726
543,0.03392476371520581,0.031488267524892456,0.004240595464400726,0.008481190928801452,0.008481190928801452,0.008481190928801452,0.004240595464400726,0.008481190928801452,0.004240595464400726
544,0.03392476371520581,0.031488267524892456,0.004240595464400726,0.008481190928801452,0.008481190928801452,0.008481190928801452,0.004240595464400726,0.008481190928801452,0.004240595464400726
545,0.03816535917960654,0.035401862996268796,0.004240595464400726,0.008481190928801452,0.008481190928801452,0.012721786393202178,0.004240595464400726,0.008481190928801452,0.004240595464400726
546,0.03392476371520581,0.031488267524892456,0.004240595464400726,0.008481190928801452,0.008481190928801452,0.008481190928801452,0.004240595464400726,0.008481190928801452,0.004240595464400726
547,0.03392476371520581,0.031488267524892456,0.004240595464400726,0.008481190928801452,0.008481190928801452,0.008481190928801452,0.004240595464400726,0.008481190928801452,0.004240595464400726
548,0.03392476371520581,0.031488267524892456,0.004240595464400726,0.008481190928801452,0.008481190928801452,0.008481190928801452,0.004240595464400726,0.008481190928801452,0.004240595464400726
549,0.03392476371520581,0.031488267524892456,0.004240595464400726,0.008481190928801452,0.008481190928801452,0.008481190928801452,0.004240595464400726,0.008481190928801452,0.004240595464400726
550,0.03392476371520581,0.031488267524892456,0.004240595464400726,0.008481190928801452,0.008481190928801452,0.008481190928801452,0.004240595464400726,0.008481190928801452,0.004240595464400726
551,0.03392476371520581,0.031488267524892456,0.004240595464400726,0.008481190928801452,0.008481190928801452,0.008481190928801452,0.004240595464400726,0.008481190928801452,0.004240595464400726
552,0.03392476371520581,0.031488267524892456,0.004240595464400726,0.008481190928801452,0.008481190928801452,0.008481190928801452,0.004240595464400726,0.008481190928801452,0.004240595464400726
553,0.03392476371520581,0.031488267524892456,0.004240595464400726,0.008481190928801452,0.008481190928801452,0.008481190928801452,0.004240595464400726,0.008481190928801452,0.004240595464400726
554,0.03392476371520581,0.031488267524892456,0.004240595464400726,0.008481190928801452,0.008481190928801452,0.008481190928801452,0.004240595464400726,0.008481190928801452,0.004240595464400726
555,0.03392476371520581,0.031488267524892456,0.004240595464400726,0.008481190928801452,0.008481190928801452,0.008481190928801452,0.004240595464400726,0.008481190928801452,0.004240595464400726
556,0.03392476371520581,0.031488267524892456,0.004240595464400726,0.008481190928801452,0.008481190928801452,0.008481190928801452,0.004240595464400726,0.008481190928801452,0.004240595464400726
557,0.03392476371520581,0.031488267524892456,0.004240595464400726,0.008481190928801452,0.008481190928801452,0.008481190928801452,0.004240595464400726,0.008481190928801452,0.004240595464400726
558,0.03392476371520581,0.031488267524892456,0.004240595464400726,0.008481190928801452,0.008481190928801452,0.008481190928801452,0.004240595464400726,0.008481190928801452,0.004240595464400726
559,0.03392476371520581,0.031488267524892456,0.004240595464400726,0.008481190928801452,0.008481190928801452,0.008481190928801452,0.004240595464400726,0.008481190928801452,0.004240595464400726
560,0.03392476371520581,0.031488267524892456,0.004240595464400726,0.008481190928801452,0.008481190928801452,0.008481190928801452,0.004240595464400726,0.008481190928801452,0.004240595464400726
561,0.03392476371520581,0.031488267524892456,0.004240595464400726,0.008481190928801452,0.008481190928801452,0.008481190928801452,0.004240595464400726,0.008481190928801452,0.004240595464400726
562,0.03392476371520581,0.031488267524892456,0.004240595464400726,0.008481190928801452,0.008481190928801452,0.008481190928801452,0.004240595464400726,0.008481190928801452,0.004240595464400726
563,0.04240595464400726,0.039441518267563244,0.004240595464400726,0.008481190928801452,0.008481190928801452,0.016962381857602904,0.004240595464400726,0.008481190928801452,0.004240595464400726
564,0.03392476371520581,0.031488267524892456,0.004240595464400726,0.008481190928801452,0.008481190928801452,0.008481190928801452,0.004240595464400726,0.008481190928801452,0.004240595464400726
565,0.03392476371520581,0.031488267524892456,0.004240595464400726,0.008481190928801452,0.008481190928801452,0.008481190928801452,0.004240595464400726,0.008481190928801452,0.004240595464400726
566,0.03392476371520581,0.031488267524892456,0.004240595464400726,0.008481190928801452,0.008481190928801452,0.008481190928801452,0.004240595464400726,0.008481190928801452,0.004240595464400726
567,0.03392476371520581,0.031488267524892456,0.004240595464400726,0.008481190928801452,0.008481190928801452,0.008481190928801452,0.004240595464400726,0.008481190928801452,0.004240595464400726
568,0.03392476371520581,0.031488267524892456,0.004240595464400726,0.008481190928801452,0.008481190928801452,0.008481190928801452,0.004240595464400726,0.008481190928801452,0.004240595464400726
569,0.03392476371520581,0.031488267524892456,0.004240595464400726,0.008481190928801452,0.008481190928801452,0.008481190928801452,0.004240595464400726,0.008481190928801452,0.004240595464400726
570,0.03392476371520581,0.031488267524892456,0.004240595464400726,0.008481190928801452,0.008481190928801452,0.008481190928801452,0.004240595464400726,0.008481190928801452,0.004240595464400726
571,0.03392476371520581,0.031488267524892456,0.004240595464400726,0.008481190928801452,0.008481190928801452,0.008481190928801452,0.004240595464400726,0.008481190928801452,0.004240595464400726
572,0.03392476371520581,0.031488267524892456,0.004240595464400726,0.008481190928801452,0.008481190928801452,0.008481190928801452,0.004240595464400726,0.008481190928801452,0.004240595464400726
573,0.03392476371520581,0.031488267524892456,0.004240595464400726,0.008481190928801452,0.008481190928801452,0.008481190928801452,0.004240595464400726,0.008481190928801452,0.004240595464400726
574,0.03392476371520581,0.031488267524892456,0.004240595464400726,0.008481190928801452,0.008481190928801452,0.008481190928801452,0.004240595464400726,0.008481190928801452,0.004240595464400726
575,0.03392476371520581,0.031488267524892456,0.004240595464400726,0.008481190928801452,0.008481190928801452,0.008481190928801452,0.004240595464400726,0.008481190928801452,0.004240595464400726
576,0.03392476371520581,0.031488267524892456,0.004240595464400726,0.008481190928801452,0.008481190928801452,0.008481190928801452,0.004240595464400726,0.008481190928801452,0.004240595464400726
577,0.03392476371520581,0.031488267524892456,0.004240595464400726,0.008481190928801452,0.008481190928801452,0.008481190928801452,0.004240595464400726,0.008481190928801452,0.004240595464400726
578,0.03392476371520581,0.031488267524892456,0.004240595464400726,0.008481190928801452,0.008481190928801452,0.008481190928801452,0.004240595464400726,0.008481190928801452,0.004240595464400726
579,0.03392476371520581,0.031488267524892456,0.004240595464400726,0.008481190928801452,0.008481190928801452,0.008481190928801452,0.004240595464400726,0.008481190928801452,0.004240595464400726
580,0.03392476371520581,0.031488267524892456,0.004240595464400726,0.008481190928801452,0.008481190928801452,0.008481190928801452,0.004240595464400726,0.008481190928801452,0.004240595464400726
581,0.03392476371520581,0.031488267524892456,0.004240595464400726,0.008481190928801452,0.008481190928801452,0.008481190928801452,0.004240595464400726,0.008481190928801452,0.004240595464400726
582,0.03392476371520581,0.031488267524892456,0.004240595464400726,0.008481190928801452,0.008481190928801452,0.008481190928801452,0.004240595464400726,0.008481190928801452,0.004240595464400726
583,0.03392476371520581,0.031488267524892456,0.004240595464400726,0.008481190928801452,0.008481190928801452,0.008481190928801452,0.004240595464400726,0.008481190928801452,0.004240595464400726
584,0.03392476371520581,0.031488267524892456,0.004240595464400726,0.008481190928801452,0.008481190928801452,0.008481190928801452,0.004240595464400726,0.008481190928801452,0.004240595464400726
585,0.03392476371520581,0.031488267524892456,0.004240595464400726,0.008481190928801452,0.008481190928801452,0.008481190928801452,0.004240595464400726,0.008481190928801452,0.004240595464400726
586,0.03392476371520581,0.031488267524892456,0.004240595464400726,0.008481190928801452,0.008481190928801452,0.008481190928801452,0.004240595464400726,0.008481190928801452,0.004240595464400726
587,0.03392476371520581,0.031488267524892456,0.004240595464400726,0.008481190928801452,0.008481190928801452,0.008481190928801452,0.004240595464400726,0.008481190928801452,0.004240595464400726
588,0.03392476371520581,0.031488267524892456,0.004240595464400726,0.008481190928801452,0.008481190928801452,0.008481190928801452,0.004240595464400726,0.008481190928801452,0.004240595464400726
589,0.03392476371520581,0.031488267524892456,0.004240595464400726,0.008481190928801452,0.008481190928801452,0.008481190928801452,0.004240595464400726,0.008481190928801452,0.004240595464400726
590,0.03392476371520581,0.031488267524892456,0.004240595464400726,0.008481190928801452,0.008481190928801452,0.008481190928801452,0.004240595464400726,0.008481190928801452,0.004240595464400726
591,0.03392476371520581,0.031488267524892456,0.004240595464400726,0.008481190928801452,0.008481190928801452,0.008481190928801452,0.004240595464400726,0.008481190928801452,0.004240595464400726
592,0.03392476371520581,0.031488267524892456,0.004240595464400726,0.008481190928801452,0.008481190928801452,0.008481190928801452,0.004240595464400726,0.008481190928801452,0.004240595464400726
593,0.05088714557280871,0.04739315087407179,0.004240595464400726,0.008481190928801452,0.008481190928801452,0.025443572786404356,0.004240595464400726,0.008481190928801452,0.004240595464400726
594,0.03392476371520581,0.031488267524892456,0.004240595464400726,0.008481190928801452,0.008481190928801452,0.008481190928801452,0.004240595464400726,0.008481190928801452,0.004240595464400726
595,0.03392476371520581,0.031488267524892456,0.004240595464400726,0.008481190928801452,0.008481190928801452,0.008481190928801452,0.004240595464400726,0.008481190928801452,0.004240595464400726
596,0.03392476371520581,0.031488267524892456,0.004240595464400726,0.008481190928801452,0.008481190928801452,0.008481190928801452,0.004240595464400726,0.008481190928801452,0.004240595464400726
597,0.03392476371520581,0.031488267524892456,0.004240595464400726,0.008481190928801452,0.008481190928801452,0.008481190928801452,0.004240595464400726,0.008481190928801452,0.004240595464400726
598,0.03392476371520581,0.031488267524892456,0.004240595464400726,0.008481190928801452,0.008481190928801452,0.008481190928801452,0.004240595464400726,0.008481190928801452,0.004240595464400726
599,0.03392476371520581,0.031488267524892456,0.004240595464400726,0.008481190928801452,0.008481190928801452,0.008481190928801452,0.004240595464400726,0.008481190928801452,0.004240595464400726
600,0.03392476371520581,0.031488267524892456,0.004240595464400726,0.008481190928801452,0.008481190928801452,0.008481190928801452,0.004240595464400726,0.008481190928801452,0.004240595464400726
601,0.03816535917960654,0.035401862996268796,0.004240595464400726,0.008481190928801452,0.008481190928801452,0.012721786393202178,0.004240595464400726,0.008481190928801452,0.004240595464400726
602,0.03392476371520581,0.031488267524892456,0.004240595464400726,0.008481190928801452,0.008481190928801452,0.008481190928801452,0.004240595464400726,0.008481190928801452,0.004240595464400726
603,0.03392476371520581,0.031488267524892456,0.004240595464400726,0.008481190928801452,0.008481190928801452,0.008481190928801452,0.004240595464400726,0.008481190928801452,0.004240595464400726
604,0.03392476371520581,0.031488267524892456,0.004240595464400726,0.008481190928801452,0.008481190928801452,0.008481190928801452,0.004240595464400726,0.008481190928801452,0.004240595464400726
605,0.03392476371520581,0.031488267524892456,0.004240595464400726,0.008481190928801452,0.008481190928801452,0.008481190928801452,0.004240595464400726,0.008481190928801452,0.004240595464400726
606,0.03392476371520581,0.031488267524892456,0.004240595464400726,0.008481190928801452,0.008481190928801452,0.008481190928801452,0.004240595464400726,0.008481190928801452,0.004240595464400726
607,0.03392476371520581,0.031488267524892456,0.004240595464400726,0.008481190928801452,0.008481190928801452,0.008481190928801452,0.004240595464400726,0.008481190928801452,0.004240595464400726
608,0.03392476371520581,0.031488267524892456,0.004240595464400726,0.008481190928801452,0.008481190928801452,0.008481190928801452,0.004240595464400726,0.008481190928801452,0.004240595464400726
609,0.03392476371520581,0.031488267524892456,0.004240595464400726,0.008481190928801452,0.008481190928801452,0.008481190928801452,0.004240595464400726,0.008481190928801452,0.004240595464400726
610,0.03392476371520581,0.031488267524892456,0.004240595464400726,0.008481190928801452,0.008481190928801452,0.008481190928801452,0.004240595464400726,0.008481190928801452,0.004240595464400726
611,0.03392476371520581,0.031488267524892456,0.004240595464400726,0.008481190928801452,0.008481190928801452,0.008481190928801452,0.004240595464400726,0.008481190928801452,0.004240595464400726
612,0.05088714557280871,0.04739315087407179,0.004240595464400726,0.008481190928801452,0.008481190928801452,0.025443572786404356,0.004240595464400726,0.008481190928801452,0.004240595464400726
613,0.03392476371520581,0.031488267524892456,0.004240595464400726,0.008481190928801452,0.008481190928801452,0.008481190928801452,0.004240595464400726,0.008481190928801452,0.004240595464400726
614,0.03392476371520581,0.031488267524892456,0.004240595464400726,0.008481190928801452,0.008481190928801452,0.008481190928801452,0.004240595464400726,0.008481190928801452,0.004240595464400726
615,0.03392476371520581,0.031488267524892456,0.004240595464400726,0.008481190928801452,0.008481190928801452,0.008481190928801452,0.004240595464400726,0.008481190928801452,0.004240595464400726
616,0.03392476371520581,0.031488267524892456,0.004240595464400726,0.008481190928801452,0.008481190928801452,0.008481190928801452,0.004240595464400726,0.008481190928801452,0.004240595464400726
617,0.03392476371520581,0.031488267524892456,0.004240595464400726,0.008481190928801452,0.008481190928801452,0.008481190928801452,0.004240595464400726,0.008481190928801452,0.004240595464400726
618,0.03392476371520581,0.031488267524892456,0.004240595464400726,0.008481190928801452,0.008481190928801452,0.008481190928801452,0.004240595464400726,0.008481190928801452,0.004240595464400726
619,0.05088714557280871,0.04739315087407179,0.004240595464400726,0.008481190928801452,0.008481190928801452,0.025443572786404356,0.004240595464400726,0.008481190928801452,0.004240595464400726
620,0.03392476371520581,0.031488267524892456,0.004240595464400726,0.008481190928801452,0.008481190928801452,0.008481190928801452,0.004240595464400726,0.008481190928801452,0.004240595464400726
621,0.03392476371520581,0.031488267524892456,0.004240595464400726,0.008481190928801452,0.008481190928801452,0.008481190928801452,0.004240595464400726,0.008481190928801452,0.004240595464400726
622,0.03392476371520581,0.031488267524892456,0.004240595464400726,0.008481190928801452,0.008481190928801452,0.008481190928801452,0.004240595464400726,0.008481190928801452,0.004240595464400726
623,0.03392476371520581,0.031488267524892456,0.004240595464400726,0.008481190928801452,0.008481190928801452,0.008481190928801452,0.004240595464400726,0.008481190928801452,0.004240595464400726
624,0.03392476371520581,0.031488267524892456,0.004240595464400726,0.008481190928801452,0.008481190928801452,0.008481190928801452,0.004240595464400726,0.008481190928801452,0.004240595464400726
625,0.03392476371520581,0.031488267524892456,0.004240595464400726,0.008481190928801452,0.008481190928801452,0.008481190928801452,0.004240595464400726,0.008481190928801452,0.004240595464400726
626,0.03392476371520581,0.031488267524892456,0.004240595464400726,0.008481190928801452,0.008481190928801452,0.008481190928801452,0.004240595464400726,0.008481190928801452,0.004240595464400726
627,0.03392476371520581,0.031488267524892456,0.004240595464400726,0.008481190928801452,0.008481190928801452,0.008481190928801452,0.004240595464400726,0.008481190928801452,0.004240595464400726
628,0.03392476371520581,0.031488267524892456,0.004240595464400726,0.008481190928801452,0.008481190928801452,0.008481190928801452,0.004240595464400726,0.008481190928801452,0.004240595464400726
629,0.03392476371520581,0.031488267524892456,0.004240595464400726,0.008481190928801452,0.008481190928801452,0.008481190928801452,0.004240595464400726,0.008481190928801452,0.004240595464400726
630,0.03392476371520581,0.031488267524892456,0.004240595464400726,0.008481190928801452,0.008481190928801452,0.008481190928801452,0.004240595464400726,0.008481190928801452,0.004240595464400726
631,0.03392476371520581,0.031488267524892456,0.004240595464400726,0.008481190928801452,0.008481190928801452,0.008481190928801452,0.004240595464400726,0.008481190928801452,0.004240595464400726
632,0.03392476371520581,0.031488267524892456,0.004240595464400726,0.008481190928801452,0.008481190928801452,0.008481190928801452,0.004240595464400726,0.008481190928801452,0.004240595464400726
633,0.03392476371520581,0.031488267524892456,0.004240595464400726,0.008481190928801452,0.008481190928801452,0.008481190928801452,0.004240595464400726,0.008481190928801452,0.004240595464400726
634,0.03392476371520581,0.031488267524892456,0.004240595464400726,0.008481190928801452,0.008481190928801452,0.008481190928801452,0.004240595464400726,0.008481190928801452,0.004240595464400726
635,0.2565560255962439,0.3065749143767386,0.004240595464400726,0.23323275054203993,0.008481190928801452,0.008481190928801452,0.004240595464400726,0.008481190928801452,0.004240595464400726
636,0.03392476371520581,0.031488267524892456,0.004240595464400726,0.008481190928801452,0.008481190928801452,0.008481190928801452,0.004240595464400726,0.008481190928801452,0.004240595464400726
637,0.03392476371520581,0.031488267524892456,0.004240595464400726,0.008481190928801452,0.008481190928801452,0.008481190928801452,0.004240595464400726,0.008481190928801452,0.004240595464400726
638,0.03816535917960654,0.035401862996268796,0.004240595464400726,0.008481190928801452,0.008481190928801452,0.012721786393202178,0.004240595464400726,0.008481190928801452,0.004240595464400726
639,0.03392476371520581,0.031488267524892456,0.004240595464400726,0.008481190928801452,0.008481190928801452,0.008481190928801452,0.004240595464400726,0.008481190928801452,0.004240595464400726
640,0.03392476371520581,0.031488267524892456,0.004240595464400726,0.008481190928801452,0.008481190928801452,0.008481190928801452,0.004240595464400726,0.008481190928801452,0.004240595464400726
641,0.03392476371520581,0.031488267524892456,0.004240595464400726,0.008481190928801452,0.008481190928801452,0.008481190928801452,0.004240595464400726,0.008481190928801452,0.004240595464400726
642,0.03392476371520581,0.031488267524892456,0.004240595464400726,0.008481190928801452,0.008481190928801452,0.008481190928801452,0.004240595464400726,0.008481190928801452,0.004240595464400726
643,0.03392476371520581,0.031488267524892456,0.004240595464400726,0.008481190928801452,0.008481190928801452,0.008481190928801452,0.004240595464400726,0.008481190928801452,0.004240595464400726
644,0.03392476371520581,0.031488267524892456,0.004240595464400726,0.008481190928801452,0.008481190928801452,0.008481190928801452,0.004240595464400726,0.008481190928801452,0.004240595464400726
645,0.03392476371520581,0.031488267524892456,0.004240595464400726,0.008481190928801452,0.008481190928801452,0.008481190928801452,0.004240595464400726,0.008481190928801452,0.004240595464400726
646,0.03392476371520581,0.031488267524892456,0.004240595464400726,0.008481190928801452,0.008481190928801452,0.008481190928801452,0.004240595464400726,0.008481190928801452,0.004240595464400726
647,0.03392476371520581,0.031488267524892456,0.004240595464400726,0.008481190928801452,0.008481190928801452,0.008481190928801452,0.004240595464400726,0.008481190928801452,0.004240595464400726
648,0.03392476371520581,0.031488267524892456,0.004240595464400726,0.008481190928801452,0.008481190928801452,0.008481190928801452,0.004240595464400726,0.008481190928801452,0.004240595464400726
649,0.03392476371520581,0.031488267524892456,0.004240595464400726,0.008481190928801452,0.008481190928801452,0.008481190928801452,0.004240595464400726,0.008481190928801452,0.004240595464400726
650,0.03392476371520581,0.031488267524892456,0.004240595464400726,0.008481190928801452,0.008481190928801452,0.008481190928801452,0.004240595464400726,0.008481190928801452,0.004240595464400726
651,0.03392476371520581,0.031488267524892456,0.004240595464400726,0.008481190928801452,0.008481190928801452,0.008481190928801452,0.004240595464400726,0.008481190928801452,0.004240595464400726
652,0.03392476371520581,0.031488267524892456,0.004240595464400726,0.008481190928801452,0.008481190928801452,0.008481190928801452,0.004240595464400726,0.008481190928801452,0.004240595464400726
653,0.03392476371520581,0.031488267524892456,0.004240595464400726,0.008481190928801452,0.008481190928801452,0.008481190928801452,0.004240595464400726,0.008481190928801452,0.004240595464400726
654,0.03392476371520581,0.031488267524892456,0.004240595464400726,0.008481190928801452,0.008481190928801452,0.008481190928801452,0.004240595464400726,0.008481190928801452,0.004240595464400726
655,0.03392476371520581,0.031488267524892456,0.004240595464400726,0.008481190928801452,0.008481190928801452,0.008481190928801452,0.004240595464400726,0.008481190928801452,0.004240595464400726
656,0.22687185734543885,0.2577042412028257,0.004240595464400726,0.20354858229123485,0.008481190928801452,0.008481190928801452,0.004240595464400726,0.008481190928801452,0.004240595464400726
657,0.03392476371520581,0.031488267524892456,0.004240595464400726,0.008481190928801452,0.008481190928801452,0.008481190928801452,0.004240595464400726,0.008481190928801452,0.004240595464400726
658,0.03392476371520581,0.031488267524892456,0.004240595464400726,0.008481190928801452,0.008481190928801452,0.008481190928801452,0.004240595464400726,0.008481190928801452,0.004240595464400726
659,0.03392476371520581,0.031488267524892456,0.004240595464400726,0.008481190928801452,0.008481190928801452,0.008481190928801452,0.004240595464400726,0.008481190928801452,0.004240595464400726
660,0.03392476371520581,0.031488267524892456,0.004240595464400726,0.008481190928801452,0.008481190928801452,0.008481190928801452,0.004240595464400726,0.008481190928801452,0.004240595464400726
661,0.03392476371520581,0.031488267524892456,0.004240595464400726,0.008481190928801452,0.008481190928801452,0.008481190928801452,0.004240595464400726,0.008481190928801452,0.004240595464400726
662,0.03392476371520581,0.031488267524892456,0.004240595464400726,0.008481190928801452,0.008481190928801452,0.008481190928801452,0.004240595464400726,0.008481190928801452,0.004240595464400726
663,0.03392476371520581,0.031488267524892456,0.004240595464400726,0.008481190928801452,0.008481190928801452,0.008481190928801452,0.004240595464400726,0.008481190928801452,0.004240595464400726
664,0.03392476371520581,0.031488267524892456,0.004240595464400726,0.008481190928801452,0.008481190928801452,0.008481190928801452,0.004240595464400726,0.008481190928801452,0.004240595464400726
665,0.03392476371520581,0.031488267524892456,0.004240595464400726,0.008481190928801452,0.008481190928801452,0.008481190928801452,0.004240595464400726,0.008481190928801452,0.004240595464400726
666,0.03392476371520581,0.031488267524892456,0.004240595464400726,0.008481190928801452,0.008481190928801452,0.008481190928801452,0.004240595464400726,0.008481190928801452,0.004240595464400726
667,0.03392476371520581,0.031488267524892456,0.004240595464400726,0.008481190928801452,0.008481190928801452,0.008481190928801452,0.004240595464400726,0.008481190928801452,0.004240595464400726
668,0.03392476371520581,0.031488267524892456,0.004240595464400726,0.008481190928801452,0.008481190928801452,0.008481190928801452,0.004240595464400726,0.008481190928801452,0.004240595464400726
669,0.03392476371520581,0.031488267524892456,0.004240595464400726,0.008481190928801452,0.008481190928801452,0.008481190928801452,0.004240595464400726,0.008481190928801452,0.004240595464400726
670,0.03392476371520581,0.031488267524892456,0.004240595464400726,0.008481190928801452,0.008481190928801452,0.008481190928801452,0.004240595464400726,0.008481190928801452,0.004240595464400726
671,0.03392476371520581,0.031488267524892456,0.004240595464400726,0.008481190928801452,0.008481190928801452,0.008481190928801452,0.004240595464400726,0.008481190928801452,0.004240595464400726
672,0.03392476371520581,0.031488267524892456,0.004240595464400726,0.008481190928801452,0.008481190928801452,0.008481190928801452,0.004240595464400726,0.008481190928801452,0.004240595464400726
673,0.03392476371520581,0.031488267524892456,0.004240595464400726,0.008481190928801452,0.008481190928801452,0.008481190928801452,0.004240595464400726,0.008481190928801452,0.004240595464400726
674,0.04240595464400726,0.039441518267563244,0.004240595464400726,0.008481190928801452,0.008481190928801452,0.016962381857602904,0.004240595464400726,0.008481190928801452,0.004240595464400726
675,0.03392476371520581,0.031488267524892456,0.004240595464400726,0.008481190928801452,0.008481190928801452,0.008481190928801452,0.004240595464400726,0.008481190928801452,0.004240595464400726
676,0.03392476371520581,0.031488267524892456,0.004240595464400726,0.008481190928801452,0.008481190928801452,0.008481190928801452,0.004240595464400726,0.008481190928801452,0.004240595464400726
677,0.03392476371520581,0.031488267524892456,0.004240595464400726,0.008481190928801452,0.008481190928801452,0.008481190928801452,0.004240595464400726,0.008481190928801452,0.004240595464400726
678,0.03392476371520581,0.031488267524892456,0.004240595464400726,0.008481190928801452,0.008481190928801452,0.008481190928801452,0.004240595464400726,0.008481190928801452,0.004240595464400726
679,0.03392476371520581,0.031488267524892456,0.004240595464400726,0.008481190928801452,0.008481190928801452,0.008481190928801452,0.004240595464400726,0.008481190928801452,0.004240595464400726
680,0.03392476371520581,0.031488267524892456,0.004240595464400726,0.008481190928801452,0.008481190928801452,0.008481190928801452,0.004240595464400726,0.008481190928801452,0.004240595464400726
681,0.03392476371520581,0.031488267524892456,0.004240595464400726,0.008481190928801452,0.008481190928801452,0.008481190928801452,0.004240595464400726,0.008481190928801452,0.004240595464400726
682,0.03392476371520581,0.031488267524892456,0.004240595464400726,0.008481190928801452,0.008481190928801452,0.008481190928801452,0.004240595464400726,0.008481190928801452,0.004240595464400726
683,0.03392476371520581,0.031488267524892456,0.004240595464400726,0.008481190928801452,0.008481190928801452,0.008481190928801452,0.004240595464400726,0.008481190928801452,0.004240595464400726
684,0.03392476371520581,0.031488267524892456,0.004240595464400726,0.008481190928801452,0.008481190928801452,0.008481190928801452,0.004240595464400726,0.008481190928801452,0.004240595464400726
685,0.03392476371520581,0.031488267524892456,0.004240595464400726,0.008481190928801452,0.008481190928801452,0.008481190928801452,0.004240595464400726,0.008481190928801452,0.004240595464400726
686,0.03392476371520581,0.031488267524892456,0.004240595464400726,0.008481190928801452,0.008481190928801452,0.008481190928801452,0.004240595464400726,0.008481190928801452,0.004240595464400726
687,0.03392476371520581,0.031488267524892456,0.004240595464400726,0.008481190928801452,0.008481190928801452,0.008481190928801452,0.004240595464400726,0.008481190928801452,0.004240595464400726
688,0.03392476371520581,0.031488267524892456,0.004240595464400726,0.008481190928801452,0.008481190928801452,0.008481190928801452,0.004240595464400726,0.008481190928801452,0.004240595464400726
689,0.03392476371520581,0.031488267524892456,0.004240595464400726,0.008481190928801452,0.008481190928801452,0.008481190928801452,0.004240595464400726,0.008481190928801452,0.004240595464400726
690,0.03392476371520581,0.031488267524892456,0.004240595464400726,0.008481190928801452,0.008481190928801452,0.008481190928801452,0.004240595464400726,0.008481190928801452,0.004240595464400726
691,0.03392476371520581,0.031488267524892456,0.004240595464400726,0.008481190928801452,0.008481190928801452,0.008481190928801452,0.004240595464400726,0.008481190928801452,0.004240595464400726
692,0.03392476371520581,0.031488267524892456,0.004240595464400726,0.008481190928801452,0.008481190928801452,0.008481190928801452,0.004240595464400726,0.008481190928801452,0.004240595464400726
693,0.03392476371520581,0.031488267524892456,0.004240595464400726,0.008481190928801452,0.008481190928801452,0.008481190928801452,0.004240595464400726,0.008481190928801452,0.004240595464400726
694,0.03392476371520581,0.031488267524892456,0.004240595464400726,0.008481190928801452,0.008481190928801452,0.008481190928801452,0.004240595464400726,0.008481190928801452,0.004240595464400726
695,0.03392476371520581,0.031488267524892456,0.004240595464400726,0.008481190928801452,0.008481190928801452,0.008481190928801452,0.004240595464400726,0.008481190928801452,0.004240595464400726
696,0.03392476371520581,0.031488267524892456,0.004240595464400726,0.008481190928801452,0.008481190928801452,0.008481190928801452,0.004240595464400726,0.008481190928801452,0.004240595464400726
697,0.03392476371520581,0.031488267524892456,0.004240595464400726,0.008481190928801452,0.008481190928801452,0.008481190928801452,0.004240595464400726,0.008481190928801452,0.004240595464400726
698,0.03392476371520581,0.031488267524892456,0.004240595464400726,0.008481190928801452,0.008481190928801452,0.008481190928801452,0.004240595464400726,0.008481190928801452,0.004240595464400726
699,0.03392476371520581,0.031488267524892456,0.004240595464400726,0.008481190928801452,0.008481190928801452,0.008481190928801452,0.004240595464400726,0.008481190928801452,0.004240595464400726
700,0.03392476371520581,0.031488267524892456,0.004240595464400726,0.008481190928801452,0.008481190928801452,0.008481190928801452,0.004240595464400726,0.008481190928801452,0.004240595464400726
701,0.03392476371520581,0.031488267524892456,0.004240595464400726,0.008481190928801452,0.008481190928801452,0.008481190928801452,0.004240595464400726,0.008481190928801452,0.004240595464400726
702,0.03392476371520581,0.031488267524892456,0.004240595464400726,0.008481190928801452,0.008481190928801452,0.008481190928801452,0.004240595464400726,0.008481190928801452,0.004240595464400726
703,0.03392476371520581,0.031488267524892456,0.004240595464400726,0.008481190928801452,0.008481190928801452,0.008481190928801452,0.004240595464400726,0.008481190928801452,0.004240595464400726
704,0.03392476371520581,0.031488267524892456,0.004240595464400726,0.008481190928801452,0.008481190928801452,0.008481190928801452,0.004240595464400726,0.008481190928801452,0.004240595464400726
705,0.03392476371520581,0.031488267524892456,0.004240595464400726,0.008481190928801452,0.008481190928801452,0.008481190928801452,0.004240595464400726,0.008481190928801452,0.004240595464400726
706,0.03392476371520581,0.031488267524892456,0.004240595464400726,0.008481190928801452,0.008481190928801452,0.008481190928801452,0.004240595464400726,0.008481190928801452,0.004240595464400726
707,0.03392476371520581,0.031488267524892456,0.004240595464400726,0.008481190928801452,0.008481190928801452,0.008481190928801452,0.004240595464400726,0.008481190928801452,0.004240595464400726
708,0.03392476371520581,0.031488267524892456,0.004240595464400726,0.008481190928801452,0.008481190928801452,0.008481190928801452,0.004240595464400726,0.008481190928801452,0.004240595464400726
709,0.03392476371520581,0.031488267524892456,0.004240595464400726,0.008481190928801452,0.008481190928801452,0.008481190928801452,0.004240595464400726,0.008481190928801452,0.004240595464400726
710,0.03392476371520581,0.031488267524892456,0.004240595464400726,0.008481190928801452,0.008481190928801452,0.008481190928801452,0.004240595464400726,0.008481190928801452,0.004240595464400726
711,0.03392476371520581,0.031488267524892456,0.004240595464400726,0.008481190928801452,0.008481190928801452,0.008481190928801452,0.004240595464400726,0.008481190928801452,0.004240595464400726
712,0.03392476371520581,0.031488267524892456,0.004240595464400726,0.008481190928801452,0.008481190928801452,0.008481190928801452,0.004240595464400726,0.008481190928801452,0.004240595464400726
713,0.03392476371520581,0.031488267524892456,0.004240595464400726,0.008481190928801452,0.008481190928801452,0.008481190928801452,0.004240595464400726,0.008481190928801452,0.004240595464400726
714,0.03392476371520581,0.031488267524892456,0.004240595464400726,0.008481190928801452,0.008481190928801452,0.008481190928801452,0.004240595464400726,0.008481190928801452,0.004240595464400726
715,0.03392476371520581,0.031488267524892456,0.004240595464400726,0.008481190928801452,0.008481190928801452,0.008481190928801452,0.004240595464400726,0.008481190928801452,0.004240595464400726
716,0.03392476371520581,0.031488267524892456,0.004240595464400726,0.008481190928801452,0.008481190928801452,0.008481190928801452,0.004240595464400726,0.008481190928801452,0.004240595464400726
717,0.1420599480574243,0.1452056382083584,0.004240595464400726,0.11873667300322033,0.008481190928801452,0.008481190928801452,0.004240595464400726,0.008481190928801452,0.004240595464400726
718,0.03392476371520581,0.031488267524892456,0.004240595464400726,0.008481190928801452,0.008481190928801452,0.008481190928801452,0.004240595464400726,0.008481190928801452,0.004240595464400726
719,0.03392476371520581,0.031488267524892456,0.004240595464400726,0.008481190928801452,0.008481190928801452,0.008481190928801452,0.004240595464400726,0.008481190928801452,0.004240595464400726
720,0.03392476371520581,0.031488267524892456,0.004240595464400726,0.008481190928801452,0.008481190928801452,0.008481190928801452,0.004240595464400726,0.008481190928801452,0.004240595464400726
721,0.03392476371520581,0.031488267524892456,0.004240595464400726,0.008481190928801452,0.008481190928801452,0.008481190928801452,0.004240595464400726,0.008481190928801452,0.004240595464400726
722,0.03392476371520581,0.031488267524892456,0.004240595464400726,0.008481190928801452,0.008481190928801452,0.008481190928801452,0.004240595464400726,0.008481190928801452,0.004240595464400726
723,0.03392476371520581,0.031488267524892456,0.004240595464400726,0.008481190928801452,0.008481190928801452,0.008481190928801452,0.004240595464400726,0.008481190928801452,0.004240595464400726
724,0.03392476371520581,0.031488267524892456,0.004240595464400726,0.008481190928801452,0.008481190928801452,0.008481190928801452,0.004240595464400726,0.008481190928801452,0.004240595464400726
725,0.03392476371520581,0.031488267524892456,0.004240595464400726,0.008481190928801452,0.008481190928801452,0.008481190928801452,0.004240595464400726,0.008481190928801452,0.004240595464400726
726,0.03392476371520581,0.031488267524892456,0.004240595464400726,0.008481190928801452,0.008481190928801452,0.008481190928801452,0.004240595464400726,0.008481190928801452,0.004240595464400726
727,0.03392476371520581,0.031488267524892456,0.004240595464400726,0.008481190928801452,0.008481190928801452,0.008481190928801452,0.004240595464400726,0.008481190928801452,0.004240595464400726
728,0.03392476371520581,0.031488267524892456,0.004240595464400726,0.008481190928801452,0.008481190928801452,0.008481190928801452,0.004240595464400726,0.008481190928801452,0.004240595464400726
729,0.03392476371520581,0.031488267524892456,0.004240595464400726,0.008481190928801452,0.008481190928801452,0.008481190928801452,0.004240595464400726,0.008481190928801452,0.004240595464400726
730,0.03392476371520581,0.031488267524892456,0.004240595464400726,0.008481190928801452,0.008481190928801452,0.008481190928801452,0.004240595464400726,0.008481190928801452,0.004240595464400726
731,0.03392476371520581,0.031488267524892456,0.004240595464400726,0.008481190928801452,0.008481190928801452,0.008481190928801452,0.004240595464400726,0.008481190928801452,0.004240595464400726
732,0.03392476371520581,0.031488267524892456,0.004240595464400726,0.008481190928801452,0.008481190928801452,0.008481190928801452,0.004240595464400726,0.008481190928801452,0.004240595464400726
733,0.03392476371520581,0.031488267524892456,0.004240595464400726,0.008481190928801452,0.008481190928801452,0.008481190928801452,0.004240595464400726,0.008481190928801452,0.004240595464400726
734,0.03392476371520581,0.031488267524892456,0.004240595464400726,0.008481190928801452,0.008481190928801452,0.008481190928801452,0.004240595464400726,0.008481190928801452,0.004240595464400726
735,0.03392476371520581,0.031488267524892456,0.004240595464400726,0.008481190928801452,0.008481190928801452,0.008481190928801452,0.004240595464400726,0.008481190928801452,0.004240595464400726
736,0.03392476371520581,0.031488267524892456,0.004240595464400726,0.008481190928801452,0.008481190928801452,0.008481190928801452,0.004240595464400726,0.008481190928801452,0.004240595464400726
737,0.03392476371520581,0.031488267524892456,0.004240595464400726,0.008481190928801452,0.008481190928801452,0.008481190928801452,0.004240595464400726,0.008481190928801452,0.004240595464400726
738,0.03392476371520581,0.031488267524892456,0.004240595464400726,0.008481190928801452,0.008481190928801452,0.008481190928801452,0.004240595464400726,0.008481190928801452,0.004240595464400726
739,0.03392476371520581,0.031488267524892456,0.004240595464400726,0.008481190928801452,0.008481190928801452,0.008481190928801452,0.004240595464400726,0.008481190928801452,0.004240595464400726
740,0.03392476371520581,0.031488267524892456,0.004240595464400726,0.008481190928801452,0.008481190928801452,0.008481190928801452,0.004240595464400726,0.008481190928801452,0.004240595464400726
741,0.03392476371520581,0.031488267524892456,0.004240595464400726,0.008481190928801452,0.008481190928801452,0.008481190928801452,0.004240595464400726,0.008481190928801452,0.004240595464400726
742,0.03392476371520581,0.031488267524892456,0.004240595464400726,0.008481190928801452,0.008481190928801452,0.008481190928801452,0.004240595464400726,0.008481190928801452,0.004240595464400726
743,0.03392476371520581,0.031488267524892456,0.004240595464400726,0.008481190928801452,0.008481190928801452,0.008481190928801452,0.004240595464400726,0.008481190928801452,0.004240595464400726
744,0.03392476371520581,0.031488267524892456,0.004240595464400726,0.008481190928801452,0.008481190928801452,0.008481190928801452,0.004240595464400726,0.008481190928801452,0.004240595464400726
745,0.03392476371520581,0.031488267524892456,0.004240595464400726,0.008481190928801452,0.008481190928801452,0.008481190928801452,0.004240595464400726,0.008481190928801452,0.004240595464400726
746,0.03392476371520581,0.031488267524892456,0.004240595464400726,0.008481190928801452,0.008481190928801452,0.008481190928801452,0.004240595464400726,0.008481190928801452,0.004240595464400726
747,0.03392476371520581,0.031488267524892456,0.004240595464400726,0.008481190928801452,0.008481190928801452,0.008481190928801452,0.004240595464400726,0.008481190928801452,0.004240595464400726
748,0.03392476371520581,0.031488267524892456,0.004240595464400726,0.008481190928801452,0.008481190928801452,0.008481190928801452,0.004240595464400726,0.008481190928801452,0.004240595464400726
749,0.03392476371520581,0.031488267524892456,0.004240595464400726,0.008481190928801452,0.008481190928801452,0.008481190928801452,0.004240595464400726,0.008481190928801452,0.004240595464400726
750,0.03392476371520581,0.031488267524892456,0.004240595464400726,0.008481190928801452,0.008481190928801452,0.008481190928801452,0.004240595464400726,0.008481190928801452,0.004240595464400726
751,0.03392476371520581,0.031488267524892456,0.004240595464400726,0.008481190928801452,0.008481190928801452,0.008481190928801452,0.004240595464400726,0.008481190928801452,0.004240595464400726
752,0.03392476371520581,0.031488267524892456,0.004240595464400726,0.008481190928801452,0.008481190928801452,0.008481190928801452,0.004240595464400726,0.008481190928801452,0.004240595464400726
753,0.03392476371520581,0.031488267524892456,0.004240595464400726,0.008481190928801452,0.008481190928801452,0.008481190928801452,0.004240595464400726,0.008481190928801452,0.004240595464400726
754,0.03392476371520581,0.031488267524892456,0.004240595464400726,0.008481190928801452,0.008481190928801452,0.008481190928801452,0.004240595464400726,0.008481190928801452,0.004240595464400726
755,0.03392476371520581,0.031488267524892456,0.004240595464400726,0.008481190928801452,0.008481190928801452,0.008481190928801452,0.004240595464400726,0.008481190928801452,0.004240595464400726
756,0.03392476371520581,0.031488267524892456,0.004240595464400726,0.008481190928801452,0.008481190928801452,0.008481190928801452,0.004240595464400726,0.008481190928801452,0.004240595464400726
757,0.03392476371520581,0.031488267524892456,0.004240595464400726,0.008481190928801452,0.008481190928801452,0.008481190928801452,0.004240595464400726,0.008481190928801452,0.004240595464400726
758,0.03392476371520581,0.031488267524892456,0.004240595464400726,0.008481190928801452,0.008481190928801452,0.008481190928801452,0.004240595464400726,0.008481190928801452,0.004240595464400726
759,0.03392476371520581,0.031488267524892456,0.004240595464400726,0.008481190928801452,0.008481190928801452,0.008481190928801452,0.004240595464400726,0.008481190928801452,0.004240595464400726
760,0.04240595464400726,0.039441518267563244,0.004240595464400726,0.008481190928801452,0.008481190928801452,0.016962381857602904,0.004240595464400726,0.008481190928801452,0.004240595464400726
761,0.03392476371520581,0.031488267524892456,0.004240595464400726,0.008481190928801452,0.008481190928801452,0.008481190928801452,0.004240595464400726,0.008481190928801452,0.004240595464400726
762,0.03392476371520581,0.031488267524892456,0.004240595464400726,0.008481190928801452,0.008481190928801452,0.008481190928801452,0.004240595464400726,0.008481190928801452,0.004240595464400726
763,0.03392476371520581,0.031488267524892456,0.004240595464400726,0.008481190928801452,0.008481190928801452,0.008481190928801452,0.004240595464400726,0.008481190928801452,0.004240595464400726
764,0.03816535917960654,0.035401862996268796,0.004240595464400726,0.008481190928801452,0.008481190928801452,0.012721786393202178,0.004240595464400726,0.008481190928801452,0.004240595464400726
765,0.03392476371520581,0.031488267524892456,0.004240595464400726,0.008481190928801452,0.008481190928801452,0.008481190928801452,0.004240595464400726,0.008481190928801452,0.004240595464400726
766,0.03392476371520581,0.031488267524892456,0.004240595464400726,0.008481190928801452,0.008481190928801452,0.008481190928801452,0.004240595464400726,0.008481190928801452,0.004240595464400726
767,0.03392476371520581,0.031488267524892456,0.004240595464400726,0.008481190928801452,0.008481190928801452,0.008481190928801452,0.004240595464400726,0.008481190928801452,0.004240595464400726
768,0.03392476371520581,0.031488267524892456,0.004240595464400726,0.008481190928801452,0.008481190928801452,0.008481190928801452,0.004240595464400726,0.008481190928801452,0.004240595464400726
769,0.03392476371520581,0.031488267524892456,0.004240595464400726,0.008481190928801452,0.008481190928801452,0.008481190928801452,0.004240595464400726,0.008481190928801452,0.004240595464400726
770,0.03392476371520581,0.031488267524892456,0.004240595464400726,0.008481190928801452,0.008481190928801452,0.008481190928801452,0.004240595464400726,0.008481190928801452,0.004240595464400726
771,0.03392476371520581,0.031488267524892456,0.004240595464400726,0.008481190928801452,0.008481190928801452,0.008481190928801452,0.004240595464400726,0.008481190928801452,0.004240595464400726
772,0.03392476371520581,0.031488267524892456,0.004240595464400726,0.008481190928801452,0.008481190928801452,0.008481190928801452,0.004240595464400726,0.008481190928801452,0.004240595464400726
773,0.03392476371520581,0.031488267524892456,0.004240595464400726,0.008481190928801452,0.008481190928801452,0.008481190928801452,0.004240595464400726,0.008481190928801452,0.004240595464400726
774,0.03392476371520581,0.031488267524892456,0.004240595464400726,0.008481190928801452,0.008481190928801452,0.008481190928801452,0.004240595464400726,0.008481190928801452,0.004240595464400726
775,0.03392476371520581,0.031488267524892456,0.004240595464400726,0.008481190928801452,0.008481190928801452,0.008481190928801452,0.004240595464400726,0.008481190928801452,0.004240595464400726
776,0.03392476371520581,0.031488267524892456,0.004240595464400726,0.008481190928801452,0.008481190928801452,0.008481190928801452,0.004240595464400726,0.008481190928801452,0.004240595464400726
777,0.03392476371520581,0.031488267524892456,0.004240595464400726,0.008481190928801452,0.008481190928801452,0.008481190928801452,0.004240595464400726,0.008481190928801452,0.004240595464400726
778,0.03392476371520581,0.031488267524892456,0.004240595464400726,0.008481190928801452,0.008481190928801452,0.008481190928801452,0.004240595464400726,0.008481190928801452,0.004240595464400726
779,0.03392476371520581,0.031488267524892456,0.004240595464400726,0.008481190928801452,0.008481190928801452,0.008481190928801452,0.004240595464400726,0.008481190928801452,0.004240595464400726
780,0.03392476371520581,0.031488267524892456,0.004240595464400726,0.008481190928801452,0.008481190928801452,0.008481190928801452,0.004240595464400726,0.008481190928801452,0.004240595464400726
781,0.03392476371520581,0.031488267524892456,0.004240595464400726,0.008481190928801452,0.008481190928801452,0.008481190928801452,0.004240595464400726,0.008481190928801452,0.004240595464400726
782,0.03392476371520581,0.031488267524892456,0.004240595464400726,0.008481190928801452,0.008481190928801452,0.008481190928801452,0.004240595464400726,0.008481190928801452,0.004240595464400726
783,0.03392476371520581,0.031488267524892456,0.004240595464400726,0.008481190928801452,0.008481190928801452,0.008481190928801452,0.004240595464400726,0.008481190928801452,0.004240595464400726
784,0.03392476371520581,0.031488267524892456,0.004240595464400726,0.008481190928801452,0.008481190928801452,0.008481190928801452,0.004240595464400726,0.008481190928801452,0.004240595464400726
785,0.03392476371520581,0.031488267524892456,0.004240595464400726,0.008481190928801452,0.008481190928801452,0.008481190928801452,0.004240595464400726,0.008481190928801452,0.004240595464400726
786,0.03392476371520581,0.031488267524892456,0.004240595464400726,0.008481190928801452,0.008481190928801452,0.008481190928801452,0.004240595464400726,0.008481190928801452,0.004240595464400726
787,0.03392476371520581,0.031488267524892456,0.004240595464400726,0.008481190928801452,0.008481190928801452,0.008481190928801452,0.004240595464400726,0.008481190928801452,0.004240595464400726
788,0.03392476371520581,0.031488267524892456,0.004240595464400726,0.008481190928801452,0.008481190928801452,0.008481190928801452,0.004240595464400726,0.008481190928801452,0.004240595464400726
789,0.03392476371520581,0.031488267524892456,0.004240595464400726,0.008481190928801452,0.008481190928801452,0.008481190928801452,0.004240595464400726,0.008481190928801452,0.004240595464400726
790,0.03392476371520581,0.031488267524892456,0.004240595464400726,0.008481190928801452,0.008481190928801452,0.008481190928801452,0.004240595464400726,0.008481190928801452,0.004240595464400726
791,0.03816535917960654,0.035401862996268796,0.004240595464400726,0.008481190928801452,0.008481190928801452,0.012721786393202178,0.004240595464400726,0.008481190928801452,0.004240595464400726
792,0.03392476371520581,0.031488267524892456,0.004240595464400726,0.008481190928801452,0.008481190928801452,0.008481190928801452,0.004240595464400726,0.008481190928801452,0.004240595464400726
793,0.22687185734543885,0.2577042412028257,0.004240595464400726,0.20354858229123485,0.008481190928801452,0.008481190928801452,0.004240595464400726,0.008481190928801452,0.004240595464400726
794,0.03392476371520581,0.031488267524892456,0.004240595464400726,0.008481190928801452,0.008481190928801452,0.008481190928801452,0.004240595464400726,0.008481190928801452,0.004240595464400726
795,0.03392476371520581,0.031488267524892456,0.004240595464400726,0.008481190928801452,0.008481190928801452,0.008481190928801452,0.004240595464400726,0.008481190928801452,0.004240595464400726
796,0.03392476371520581,0.031488267524892456,0.004240595464400726,0.008481190928801452,0.008481190928801452,0.008481190928801452,0.004240595464400726,0.008481190928801452,0.004240595464400726
797,0.03392476371520581,0.031488267524892456,0.004240595464400726,0.008481190928801452,0.008481190928801452,0.008481190928801452,0.004240595464400726,0.008481190928801452,0.004240595464400726
798,0.03392476371520581,0.031488267524892456,0.004240595464400726,0.008481190928801452,0.008481190928801452,0.008481190928801452,0.004240595464400726,0.008481190928801452,0.004240595464400726
799,0.03392476371520581,0.031488267524892456,0.004240595464400726,0.008481190928801452,0.008481190928801452,0.008481190928801452,0.004240595464400726,0.008481190928801452,0.004240595464400726
800,0.03392476371520581,0.031488267524892456,0.004240595464400726,0.008481190928801452,0.008481190928801452,0.008481190928801452,0.004240595464400726,0.008481190928801452,0.004240595464400726
801,0.03392476371520581,0.031488267524892456,0.004240595464400726,0.008481190928801452,0.008481190928801452,0.008481190928801452,0.004240595464400726,0.008481190928801452,0.004240595464400726
802,0.03392476371520581,0.031488267524892456,0.004240595464400726,0.008481190928801452,0.008481190928801452,0.008481190928801452,0.004240595464400726,0.008481190928801452,0.004240595464400726
803,0.03392476371520581,0.031488267524892456,0.004240595464400726,0.008481190928801452,0.008481190928801452,0.008481190928801452,0.004240595464400726,0.008481190928801452,0.004240595464400726
804,0.03392476371520581,0.031488267524892456,0.004240595464400726,0.008481190928801452,0.008481190928801452,0.008481190928801452,0.004240595464400726,0.008481190928801452,0.004240595464400726
805,0.03392476371520581,0.031488267524892456,0.004240595464400726,0.008481190928801452,0.008481190928801452,0.008481190928801452,0.004240595464400726,0.008481190928801452,0.004240595464400726
806,0.03392476371520581,0.031488267524892456,0.004240595464400726,0.008481190928801452,0.008481190928801452,0.008481190928801452,0.004240595464400726,0.008481190928801452,0.004240595464400726
807,0.03392476371520581,0.031488267524892456,0.004240595464400726,0.008481190928801452,0.008481190928801452,0.008481190928801452,0.004240595464400726,0.008481190928801452,0.004240595464400726
808,0.03392476371520581,0.031488267524892456,0.004240595464400726,0.008481190928801452,0.008481190928801452,0.008481190928801452,0.004240595464400726,0.008481190928801452,0.004240595464400726
809,0.03392476371520581,0.031488267524892456,0.004240595464400726,0.008481190928801452,0.008481190928801452,0.008481190928801452,0.004240595464400726,0.008481190928801452,0.004240595464400726
810,0.03392476371520581,0.031488267524892456,0.004240595464400726,0.008481190928801452,0.008481190928801452,0.008481190928801452,0.004240595464400726,0.008481190928801452,0.004240595464400726
811,0.03392476371520581,0.031488267524892456,0.004240595464400726,0.008481190928801452,0.008481190928801452,0.008481190928801452,0.004240595464400726,0.008481190928801452,0.004240595464400726
812,0.03392476371520581,0.031488267524892456,0.004240595464400726,0.008481190928801452,0.008481190928801452,0.008481190928801452,0.004240595464400726,0.008481190928801452,0.004240595464400726
813,0.03392476371520581,0.031488267524892456,0.004240595464400726,0.008481190928801452,0.008481190928801452,0.008481190928801452,0.004240595464400726,0.008481190928801452,0.004240595464400726
814,0.03392476371520581,0.031488267524892456,0.004240595464400726,0.008481190928801452,0.008481190928801452,0.008481190928801452,0.004240595464400726,0.008481190928801452,0.004240595464400726
815,0.03392476371520581,0.031488267524892456,0.004240595464400726,0.008481190928801452,0.008481190928801452,0.008481190928801452,0.004240595464400726,0.008481190928801452,0.004240595464400726
816,0.03392476371520581,0.031488267524892456,0.004240595464400726,0.008481190928801452,0.008481190928801452,0.008481190928801452,0.004240595464400726,0.008481190928801452,0.004240595464400726
817,0.03392476371520581,0.031488267524892456,0.004240595464400726,0.008481190928801452,0.008481190928801452,0.008481190928801452,0.004240595464400726,0.008481190928801452,0.004240595464400726
818,0.03392476371520581,0.031488267524892456,0.004240595464400726,0.008481190928801452,0.008481190928801452,0.008481190928801452,0.004240595464400726,0.008481190928801452,0.004240595464400726
819,0.03392476371520581,0.031488267524892456,0.004240595464400726,0.008481190928801452,0.008481190928801452,0.008481190928801452,0.004240595464400726,0.008481190928801452,0.004240595464400726
820,0.03392476371520581,0.031488267524892456,0.004240595464400726,0.008481190928801452,0.008481190928801452,0.008481190928801452,0.004240595464400726,0.008481190928801452,0.004240595464400726
821,0.03392476371520581,0.031488267524892456,0.004240595464400726,0.008481190928801452,0.008481190928801452,0.008481190928801452,0.004240595464400726,0.008481190928801452,0.004240595464400726
822,0.03392476371520581,0.031488267524892456,0.004240595464400726,0.008481190928801452,0.008481190928801452,0.008481190928801452,0.004240595464400726,0.008481190928801452,0.004240595464400726
823,0.03392476371520581,0.031488267524892456,0.004240595464400726,0.008481190928801452,0.008481190928801452,0.008481190928801452,0.004240595464400726,0.008481190928801452,0.004240595464400726
824,0.03392476371520581,0.031488267524892456,0.004240595464400726,0.008481190928801452,0.008481190928801452,0.008481190928801452,0.004240595464400726,0.008481190928801452,0.004240595464400726
825,0.03392476371520581,0.031488267524892456,0.004240595464400726,0.008481190928801452,0.008481190928801452,0.008481190928801452,0.004240595464400726,0.008481190928801452,0.004240595464400726
826,0.03392476371520581,0.031488267524892456,0.004240595464400726,0.008481190928801452,0.008481190928801452,0.008481190928801452,0.004240595464400726,0.008481190928801452,0.004240595464400726
827,0.03392476371520581,0.031488267524892456,0.004240595464400726,0.008481190928801452,0.008481190928801452,0.008481190928801452,0.004240595464400726,0.008481190928801452,0.004240595464400726
828,0.03392476371520581,0.031488267524892456,0.004240595464400726,0.008481190928801452,0.008481190928801452,0.008481190928801452,0.004240595464400726,0.008481190928801452,0.004240595464400726
829,0.03392476371520581,0.031488267524892456,0.004240595464400726,0.008481190928801452,0.008481190928801452,0.008481190928801452,0.004240595464400726,0.008481190928801452,0.004240595464400726
830,0.03392476371520581,0.031488267524892456,0.004240595464400726,0.008481190928801452,0.008481190928801452,0.008481190928801452,0.004240595464400726,0.008481190928801452,0.004240595464400726
831,0.03392476371520581,0.031488267524892456,0.004240595464400726,0.008481190928801452,0.008481190928801452,0.008481190928801452,0.004240595464400726,0.008481190928801452,0.004240595464400726
832,0.03392476371520581,0.031488267524892456,0.004240595464400726,0.008481190928801452,0.008481190928801452,0.008481190928801452,0.004240595464400726,0.008481190928801452,0.004240595464400726
833,0.03392476371520581,0.031488267524892456,0.004240595464400726,0.008481190928801452,0.008481190928801452,0.008481190928801452,0.004240595464400726,0.008481190928801452,0.004240595464400726
834,0.03392476371520581,0.031488267524892456,0.004240595464400726,0.008481190928801452,0.008481190928801452,0.008481190928801452,0.004240595464400726,0.008481190928801452,0.004240595464400726
835,0.03392476371520581,0.031488267524892456,0.004240595464400726,0.008481190928801452,0.008481190928801452,0.008481190928801452,0.004240595464400726,0.008481190928801452,0.004240595464400726
836,0.03392476371520581,0.031488267524892456,0.004240595464400726,0.008481190928801452,0.008481190928801452,0.008481190928801452,0.004240595464400726,0.008481190928801452,0.004240595464400726
837,0.03392476371520581,0.031488267524892456,0.004240595464400726,0.008481190928801452,0.008481190928801452,0.008481190928801452,0.004240595464400726,0.008481190928801452,0.004240595464400726
838,0.03392476371520581,0.031488267524892456,0.004240595464400726,0.008481190928801452,0.008481190928801452,0.008481190928801452,0.004240595464400726,0.008481190928801452,0.004240595464400726
839,0.03392476371520581,0.031488267524892456,0.004240595464400726,0.008481190928801452,0.008481190928801452,0.008481190928801452,0.004240595464400726,0.008481190928801452,0.004240595464400726
840,0.03392476371520581,0.031488267524892456,0.004240595464400726,0.008481190928801452,0.008481190928801452,0.008481190928801452,0.004240595464400726,0.008481190928801452,0.004240595464400726
841,0.03392476371520581,0.031488267524892456,0.004240595464400726,0.008481190928801452,0.008481190928801452,0.008481190928801452,0.004240595464400726,0.008481190928801452,0.004240595464400726
842,0.03392476371520581,0.031488267524892456,0.004240595464400726,0.008481190928801452,0.008481190928801452,0.008481190928801452,0.004240595464400726,0.008481190928801452,0.004240595464400726
843,0.03392476371520581,0.031488267524892456,0.004240595464400726,0.008481190928801452,0.008481190928801452,0.008481190928801452,0.004240595464400726,0.008481190928801452,0.004240595464400726
844,0.03392476371520581,0.031488267524892456,0.004240595464400726,0.008481190928801452,0.008481190928801452,0.008481190928801452,0.004240595464400726,0.008481190928801452,0.004240595464400726
845,0.03392476371520581,0.031488267524892456,0.004240595464400726,0.008481190928801452,0.008481190928801452,0.008481190928801452,0.004240595464400726,0.008481190928801452,0.004240595464400726
846,0.03392476371520581,0.031488267524892456,0.004240595464400726,0.008481190928801452,0.008481190928801452,0.008481190928801452,0.004240595464400726,0.008481190928801452,0.004240595464400726
847,0.03392476371520581,0.031488267524892456,0.004240595464400726,0.008481190928801452,0.008481190928801452,0.008481190928801452,0.004240595464400726,0.008481190928801452,0.004240595464400726
848,0.03392476371520581,0.031488267524892456,0.004240595464400726,0.008481190928801452,0.008481190928801452,0.008481190928801452,0.004240595464400726,0.008481190928801452,0.004240595464400726
849,0.03392476371520581,0.031488267524892456,0.004240595464400726,0.008481190928801452,0.008481190928801452,0.008481190928801452,0.004240595464400726,0.008481190928801452,0.004240595464400726
850,0.03392476371520581,0.031488267524892456,0.004240595464400726,0.008481190928801452,0.008481190928801452,0.008481190928801452,0.004240595464400726,0.008481190928801452,0.004240595464400726
851,0.03392476371520581,0.031488267524892456,0.004240595464400726,0.008481190928801452,0.008481190928801452,0.008481190928801452,0.004240595464400726,0.008481190928801452,0.004240595464400726
852,0.03392476371520581,0.031488267524892456,0.004240595464400726,0.008481190928801452,0.008481190928801452,0.008481190928801452,0.004240595464400726,0.008481190928801452,0.004240595464400726
853,0.03392476371520581,0.031488267524892456,0.004240595464400726,0.008481190928801452,0.008481190928801452,0.008481190928801452,0.004240595464400726,0.008481190928801452,0.004240595464400726
854,0.03392476371520581,0.031488267524892456,0.004240595464400726,0.008481190928801452,0.008481190928801452,0.008481190928801452,0.004240595464400726,0.008481190928801452,0.004240595464400726
855,0.03392476371520581,0.031488267524892456,0.004240595464400726,0.008481190928801452,0.008481190928801452,0.008481190928801452,0.004240595464400726,0.008481190928801452,0.004240595464400726
856,0.03392476371520581,0.031488267524892456,0.004240595464400726,0.008481190928801452,0.008481190928801452,0.008481190928801452,0.004240595464400726,0.008481190928801452,0.004240595464400726
857,0.03392476371520581,0.031488267524892456,0.004240595464400726,0.008481190928801452,0.008481190928801452,0.008481190928801452,0.004240595464400726,0.008481190928801452,0.004240595464400726
858,0.03392476371520581,0.031488267524892456,0.004240595464400726,0.008481190928801452,0.008481190928801452,0.008481190928801452,0.004240595464400726,0.008481190928801452,0.004240595464400726
859,0.03392476371520581,0.031488267524892456,0.004240595464400726,0.008481190928801452,0.008481190928801452,0.008481190928801452,0.004240595464400726,0.008481190928801452,0.004240595464400726
860,0.03392476371520581,0.031488267524892456,0.004240595464400726,0.008481190928801452,0.008481190928801452,0.008481190928801452,0.004240595464400726,0.008481190928801452,0.004240595464400726
861,0.03392476371520581,0.031488267524892456,0.004240595464400726,0.008481190928801452,0.008481190928801452,0.008481190928801452,0.004240595464400726,0.008481190928801452,0.004240595464400726
862,0.03392476371520581,0.031488267524892456,0.004240595464400726,0.008481190928801452,0.008481190928801452,0.008481190928801452,0.004240595464400726,0.008481190928801452,0.004240595464400726
863,0.03392476371520581,0.031488267524892456,0.004240595464400726,0.008481190928801452,0.008481190928801452,0.008481190928801452,0.004240595464400726,0.008481190928801452,0.004240595464400726
864,0.05088714557280871,0.04739315087407179,0.004240595464400726,0.008481190928801452,0.008481190928801452,0.025443572786404356,0.004240595464400726,0.008481190928801452,0.004240595464400726
865,0.03392476371520581,0.031488267524892456,0.004240595464400726,0.008481190928801452,0.008481190928801452,0.008481190928801452,0.004240595464400726,0.008481190928801452,0.004240595464400726
866,0.03392476371520581,0.031488267524892456,0.004240595464400726,0.008481190928801452,0.008481190928801452,0.008481190928801452,0.004240595464400726,0.008481190928801452,0.004240595464400726
867,0.03392476371520581,0.031488267524892456,0.004240595464400726,0.008481190928801452,0.008481190928801452,0.008481190928801452,0.004240595464400726,0.008481190928801452,0.004240595464400726
868,0.05088714557280871,0.04739315087407179,0.004240595464400726,0.008481190928801452,0.008481190928801452,0.025443572786404356,0.004240595464400726,0.008481190928801452,0.004240595464400726
869,0.03392476371520581,0.031488267524892456,0.004240595464400726,0.008481190928801452,0.008481190928801452,0.008481190928801452,0.004240595464400726,0.008481190928801452,0.004240595464400726
870,0.03392476371520581,0.031488267524892456,0.004240595464400726,0.008481190928801452,0.008481190928801452,0.008481190928801452,0.004240595464400726,0.008481190928801452,0.004240595464400726
871,0.03392476371520581,0.031488267524892456,0.004240595464400726,0.008481190928801452,0.008481190928801452,0.008481190928801452,0.004240595464400726,0.008481190928801452,0.004240595464400726
872,0.03392476371520581,0.031488267524892456,0.004240595464400726,0.008481190928801452,0.008481190928801452,0.008481190928801452,0.004240595464400726,0.008481190928801452,0.004240595464400726
873,0.03392476371520581,0.031488267524892456,0.004240595464400726,0.008481190928801452,0.008481190928801452,0.008481190928801452,0.004240595464400726,0.008481190928801452,0.004240595464400726
874,0.03392476371520581,0.031488267524892456,0.004240595464400726,0.008481190928801452,0.008481190928801452,0.008481190928801452,0.004240595464400726,0.008481190928801452,0.004240595464400726
875,0.03392476371520581,0.031488267524892456,0.004240595464400726,0.008481190928801452,0.008481190928801452,0.008481190928801452,0.004240595464400726,0.008481190928801452,0.004240595464400726
876,0.03392476371520581,0.031488267524892456,0.004240595464400726,0.008481190928801452,0.008481190928801452,0.008481190928801452,0.004240595464400726,0.008481190928801452,0.004240595464400726
877,0.03392476371520581,0.031488267524892456,0.004240595464400726,0.008481190928801452,0.008481190928801452,0.008481190928801452,0.004240595464400726,0.008481190928801452,0.004240595464400726
878,0.05088714557280871,0.04739315087407179,0.004240595464400726,0.008481190928801452,0.008481190928801452,0.025443572786404356,0.004240595464400726,0.008481190928801452,0.004240595464400726
879,0.03392476371520581,0.031488267524892456,0.004240595464400726,0.008481190928801452,0.008481190928801452,0.008481190928801452,0.004240595464400726,0.008481190928801452,0.004240595464400726
880,0.03392476371520581,0.031488267524892456,0.004240595464400726,0.008481190928801452,0.008481190928801452,0.008481190928801452,0.004240595464400726,0.008481190928801452,0.004240595464400726
881,0.03392476371520581,0.031488267524892456,0.004240595464400726,0.008481190928801452,0.008481190928801452,0.008481190928801452,0.004240595464400726,0.008481190928801452,0.004240595464400726
882,0.03392476371520581,0.031488267524892456,0.004240595464400726,0.008481190928801452,0.008481190928801452,0.008481190928801452,0.004240595464400726,0.008481190928801452,0.004240595464400726
883,0.03392476371520581,0.031488267524892456,0.004240595464400726,0.008481190928801452,0.008481190928801452,0.008481190928801452,0.004240595464400726,0.008481190928801452,0.004240595464400726
884,0.03392476371520581,0.031488267524892456,0.004240595464400726,0.008481190928801452,0.008481190928801452,0.008481190928801452,0.004240595464400726,0.008481190928801452,0.004240595464400726
885,0.03392476371520581,0.031488267524892456,0.004240595464400726,0.008481190928801452,0.008481190928801452,0.008481190928801452,0.004240595464400726,0.008481190928801452,0.004240595464400726
886,0.03392476371520581,0.031488267524892456,0.004240595464400726,0.008481190928801452,0.008481190928801452,0.008481190928801452,0.004240595464400726,0.008481190928801452,0.004240595464400726
887,0.03392476371520581,0.031488267524892456,0.004240595464400726,0.008481190928801452,0.008481190928801452,0.008481190928801452,0.004240595464400726,0.008481190928801452,0.004240595464400726
888,0.03392476371520581,0.031488267524892456,0.004240595464400726,0.008481190928801452,0.008481190928801452,0.008481190928801452,0.004240595464400726,0.008481190928801452,0.004240595464400726
889,0.03392476371520581,0.031488267524892456,0.004240595464400726,0.008481190928801452,0.008481190928801452,0.008481190928801452,0.004240595464400726,0.008481190928801452,0.004240595464400726
890,0.03392476371520581,0.031488267524892456,0.004240595464400726,0.008481190928801452,0.008481190928801452,0.008481190928801452,0.004240595464400726,0.008481190928801452,0.004240595464400726
891,0.03392476371520581,0.031488267524892456,0.004240595464400726,0.008481190928801452,0.008481190928801452,0.008481190928801452,0.004240595464400726,0.008481190928801452,0.004240595464400726
892,0.03392476371520581,0.031488267524892456,0.004240595464400726,0.008481190928801452,0.008481190928801452,0.008481190928801452,0.004240595464400726,0.008481190928801452,0.004240595464400726
893,0.03392476371520581,0.031488267524892456,0.004240595464400726,0.008481190928801452,0.008481190928801452,0.008481190928801452,0.004240595464400726,0.008481190928801452,0.004240595464400726
894,0.03392476371520581,0.031488267524892456,0.004240595464400726,0.008481190928801452,0.008481190928801452,0.008481190928801452,0.004240595464400726,0.008481190928801452,0.004240595464400726
895,0.03392476371520581,0.031488267524892456,0.004240595464400726,0.008481190928801452,0.008481190928801452,0.008481190928801452,0.004240595464400726,0.008481190928801452,0.004240595464400726
896,0.03392476371520581,0.031488267524892456,0.004240595464400726,0.008481190928801452,0.008481190928801452,0.008481190928801452,0.004240595464400726,0.008481190928801452,0.004240595464400726
897,0.03392476371520581,0.031488267524892456,0.004240595464400726,0.008481190928801452,0.008481190928801452,0.008481190928801452,0.004240595464400726,0.008481190928801452,0.004240595464400726
898,0.03392476371520581,0.031488267524892456,0.004240595464400726,0.008481190928801452,0.008481190928801452,0.008481190928801452,0.004240595464400726,0.008481190928801452,0.004240595464400726
899,0.03392476371520581,0.031488267524892456,0.004240595464400726,0.008481190928801452,0.008481190928801452,0.008481190928801452,0.004240595464400726,0.008481190928801452,0.004240595464400726
900,0.03392476371520581,0.031488267524892456,0.004240595464400726,0.008481190928801452,0.008481190928801452,0.008481190928801452,0.004240595464400726,0.008481190928801452,0.004240595464400726
901,0.05088714557280871,0.04739315087407179,0.004240595464400726,0.008481190928801452,0.008481190928801452,0.025443572786404356,0.004240595464400726,0.008481190928801452,0.004240595464400726
902,0.03392476371520581,0.031488267524892456,0.004240595464400726,0.008481190928801452,0.008481190928801452,0.008481190928801452,0.004240595464400726,0.008481190928801452,0.004240595464400726
903,0.03392476371520581,0.031488267524892456,0.004240595464400726,0.008481190928801452,0.008481190928801452,0.008481190928801452,0.004240595464400726,0.008481190928801452,0.004240595464400726
904,0.03392476371520581,0.031488267524892456,0.004240595464400726,0.008481190928801452,0.008481190928801452,0.008481190928801452,0.004240595464400726,0.008481190928801452,0.004240595464400726
905,0.03392476371520581,0.031488267524892456,0.004240595464400726,0.008481190928801452,0.008481190928801452,0.008481190928801452,0.004240595464400726,0.008481190928801452,0.004240595464400726
906,0.03392476371520581,0.031488267524892456,0.004240595464400726,0.008481190928801452,0.008481190928801452,0.008481190928801452,0.004240595464400726,0.008481190928801452,0.004240595464400726
907,0.03392476371520581,0.031488267524892456,0.004240595464400726,0.008481190928801452,0.008481190928801452,0.008481190928801452,0.004240595464400726,0.008481190928801452,0.004240595464400726
908,0.03392476371520581,0.031488267524892456,0.004240595464400726,0.008481190928801452,0.008481190928801452,0.008481190928801452,0.004240595464400726,0.008481190928801452,0.004240595464400726
909,0.03392476371520581,0.031488267524892456,0.004240595464400726,0.008481190928801452,0.008481190928801452,0.008481190928801452,0.004240595464400726,0.008481190928801452,0.004240595464400726
910,0.03392476371520581,0.031488267524892456,0.004240595464400726,0.008481190928801452,0.008481190928801452,0.008481190928801452,0.004240595464400726,0.008481190928801452,0.004240595464400726
911,0.03392476371520581,0.031488267524892456,0.004240595464400726,0.008481190928801452,0.008481190928801452,0.008481190928801452,0.004240595464400726,0.008481190928801452,0.004240595464400726
912,0.03392476371520581,0.031488267524892456,0.004240595464400726,0.008481190928801452,0.008481190928801452,0.008481190928801452,0.004240595464400726,0.008481190928801452,0.004240595464400726
913,0.03392476371520581,0.031488267524892456,0.004240595464400726,0.008481190928801452,0.008481190928801452,0.008481190928801452,0.004240595464400726,0.008481190928801452,0.004240595464400726
914,0.03392476371520581,0.031488267524892456,0.004240595464400726,0.008481190928801452,0.008481190928801452,0.008481190928801452,0.004240595464400726,0.008481190928801452,0.004240595464400726
915,0.03392476371520581,0.031488267524892456,0.004240595464400726,0.008481190928801452,0.008481190928801452,0.008481190928801452,0.004240595464400726,0.008481190928801452,0.004240595464400726
916,0.03392476371520581,0.031488267524892456,0.004240595464400726,0.008481190928801452,0.008481190928801452,0.008481190928801452,0.004240595464400726,0.008481190928801452,0.004240595464400726
917,0.03392476371520581,0.031488267524892456,0.004240595464400726,0.008481190928801452,0.008481190928801452,0.008481190928801452,0.004240595464400726,0.008481190928801452,0.004240595464400726
918,0.03392476371520581,0.031488267524892456,0.004240595464400726,0.008481190928801452,0.008481190928801452,0.008481190928801452,0.004240595464400726,0.008481190928801452,0.004240595464400726
919,0.03392476371520581,0.031488267524892456,0.004240595464400726,0.008481190928801452,0.008481190928801452,0.008481190928801452,0.004240595464400726,0.008481190928801452,0.004240595464400726
920,0.03392476371520581,0.031488267524892456,0.004240595464400726,0.008481190928801452,0.008481190928801452,0.008481190928801452,0.004240595464400726,0.008481190928801452,0.004240595464400726
921,0.03392476371520581,0.031488267524892456,0.004240595464400726,0.008481190928801452,0.008481190928801452,0.008481190928801452,0.004240595464400726,0.008481190928801452,0.004240595464400726
922,0.03392476371520581,0.031488267524892456,0.004240595464400726,0.008481190928801452,0.008481190928801452,0.008481190928801452,0.004240595464400726,0.008481190928801452,0.004240595464400726
923,0.03392476371520581,0.031488267524892456,0.004240595464400726,0.008481190928801452,0.008481190928801452,0.008481190928801452,0.004240595464400726,0.008481190928801452,0.004240595464400726
924,0.03392476371520581,0.031488267524892456,0.004240595464400726,0.008481190928801452,0.008481190928801452,0.008481190928801452,0.004240595464400726,0.008481190928801452,0.004240595464400726
925,0.03816535917960654,0.035401862996268796,0.004240595464400726,0.008481190928801452,0.008481190928801452,0.012721786393202178,0.004240595464400726,0.008481190928801452,0.004240595464400726
926,0.03392476371520581,0.031488267524892456,0.004240595464400726,0.008481190928801452,0.008481190928801452,0.008481190928801452,0.004240595464400726,0.008481190928801452,0.004240595464400726
927,0.03392476371520581,0.031488267524892456,0.004240595464400726,0.008481190928801452,0.008481190928801452,0.008481190928801452,0.004240595464400726,0.008481190928801452,0.004240595464400726
928,0.03392476371520581,0.031488267524892456,0.004240595464400726,0.008481190928801452,0.008481190928801452,0.008481190928801452,0.004240595464400726,0.008481190928801452,0.004240595464400726
929,0.03392476371520581,0.031488267524892456,0.004240595464400726,0.008481190928801452,0.008481190928801452,0.008481190928801452,0.004240595464400726,0.008481190928801452,0.004240595464400726
930,0.03392476371520581,0.031488267524892456,0.004240595464400726,0.008481190928801452,0.008481190928801452,0.008481190928801452,0.004240595464400726,0.008481190928801452,0.004240595464400726
931,0.03392476371520581,0.031488267524892456,0.004240595464400726,0.008481190928801452,0.008481190928801452,0.008481190928801452,0.004240595464400726,0.008481190928801452,0.004240595464400726
932,0.03392476371520581,0.031488267524892456,0.004240595464400726,0.008481190928801452,0.008481190928801452,0.008481190928801452,0.004240595464400726,0.008481190928801452,0.004240595464400726
933,0.03392476371520581,0.031488267524892456,0.004240595464400726,0.008481190928801452,0.008481190928801452,0.008481190928801452,0.004240595464400726,0.008481190928801452,0.004240595464400726
934,0.03392476371520581,0.031488267524892456,0.004240595464400726,0.008481190928801452,0.008481190928801452,0.008481190928801452,0.004240595464400726,0.008481190928801452,0.004240595464400726
935,0.03392476371520581,0.031488267524892456,0.004240595464400726,0.008481190928801452,0.008481190928801452,0.008481190928801452,0.004240595464400726,0.008481190928801452,0.004240595464400726
936,0.03392476371520581,0.031488267524892456,0.004240595464400726,0.008481190928801452,0.008481190928801452,0.008481190928801452,0.004240595464400726,0.008481190928801452,0.004240595464400726
937,0.03392476371520581,0.031488267524892456,0.004240595464400726,0.008481190928801452,0.008481190928801452,0.008481190928801452,0.004240595464400726,0.008481190928801452,0.004240595464400726
938,0.03392476371520581,0.031488267524892456,0.004240595464400726,0.008481190928801452,0.008481190928801452,0.008481190928801452,0.004240595464400726,0.008481190928801452,0.004240595464400726
939,0.03392476371520581,0.031488267524892456,0.004240595464400726,0.008481190928801452,0.008481190928801452,0.008481190928801452,0.004240595464400726,0.008481190928801452,0.004240595464400726
940,0.03392476371520581,0.031488267524892456,0.004240595464400726,0.008481190928801452,0.008481190928801452,0.008481190928801452,0.004240595464400726,0.008481190928801452,0.004240595464400726
941,0.03392476371520581,0.031488267524892456,0.004240595464400726,0.008481190928801452,0.008481190928801452,0.008481190928801452,0.004240595464400726,0.008481190928801452,0.004240595464400726
942,0.03392476371520581,0.031488267524892456,0.004240595464400726,0.008481190928801452,0.008481190928801452,0.008481190928801452,0.004240595464400726,0.008481190928801452,0.004240595464400726
943,0.03392476371520581,0.031488267524892456,0.004240595464400726,0.008481190928801452,0.008481190928801452,0.008481190928801452,0.004240595464400726,0.008481190928801452,0.004240595464400726
944,0.03392476371520581,0.031488267524892456,0.004240595464400726,0.008481190928801452,0.008481190928801452,0.008481190928801452,0.004240595464400726,0.008481190928801452,0.004240595464400726
945,0.22687185734543885,0.2577042412028257,0.004240595464400726,0.20354858229123485,0.008481190928801452,0.008481190928801452,0.004240595464400726,0.008481190928801452,0.004240595464400726
946,0.03392476371520581,0.031488267524892456,0.004240595464400726,0.008481190928801452,0.008481190928801452,0.008481190928801452,0.004240595464400726,0.008481190928801452,0.004240595464400726
947,0.03392476371520581,0.031488267524892456,0.004240595464400726,0.008481190928801452,0.008481190928801452,0.008481190928801452,0.004240595464400726,0.008481190928801452,0.004240595464400726
948,0.03392476371520581,0.031488267524892456,0.004240595464400726,0.008481190928801452,0.008481190928801452,0.008481190928801452,0.004240595464400726,0.008481190928801452,0.004240595464400726
949,0.03392476371520581,0.031488267524892456,0.004240595464400726,0.008481190928801452,0.008481190928801452,0.008481190928801452,0.004240595464400726,0.008481190928801452,0.004240595464400726
950,0.03392476371520581,0.031488267524892456,0.004240595464400726,0.008481190928801452,0.008481190928801452,0.008481190928801452,0.004240595464400726,0.008481190928801452,0.004240595464400726
951,0.03392476371520581,0.031488267524892456,0.004240595464400726,0.008481190928801452,0.008481190928801452,0.008481190928801452,0.004240595464400726,0.008481190928801452,0.004240595464400726
952,0.03392476371520581,0.031488267524892456,0.004240595464400726,0.008481190928801452,0.008481190928801452,0.008481190928801452,0.004240595464400726,0.008481190928801452,0.004240595464400726
953,0.03392476371520581,0.031488267524892456,0.004240595464400726,0.008481190928801452,0.008481190928801452,0.008481190928801452,0.004240595464400726,0.008481190928801452,0.004240595464400726
954,0.03392476371520581,0.031488267524892456,0.004240595464400726,0.008481190928801452,0.008481190928801452,0.008481190928801452,0.004240595464400726,0.008481190928801452,0.004240595464400726
955,0.03392476371520581,0.031488267524892456,0.004240595464400726,0.008481190928801452,0.008481190928801452,0.008481190928801452,0.004240595464400726,0.008481190928801452,0.004240595464400726
956,0.03816535917960654,0.035401862996268796,0.004240595464400726,0.008481190928801452,0.008481190928801452,0.012721786393202178,0.004240595464400726,0.008481190928801452,0.004240595464400726
957,0.03392476371520581,0.031488267524892456,0.004240595464400726,0.008481190928801452,0.008481190928801452,0.008481190928801452,0.004240595464400726,0.008481190928801452,0.004240595464400726
958,0.03392476371520581,0.031488267524892456,0.004240595464400726,0.008481190928801452,0.008481190928801452,0.008481190928801452,0.004240595464400726,0.008481190928801452,0.004240595464400726
959,0.03392476371520581,0.031488267524892456,0.004240595464400726,0.008481190928801452,0.008481190928801452,0.008481190928801452,0.004240595464400726,0.008481190928801452,0.004240595464400726
960,0.03392476371520581,0.031488267524892456,0.004240595464400726,0.008481190928801452,0.008481190928801452,0.008481190928801452,0.004240595464400726,0.008481190928801452,0.004240595464400726
961,0.03392476371520581,0.031488267524892456,0.004240595464400726,0.008481190928801452,0.008481190928801452,0.008481190928801452,0.004240595464400726,0.008481190928801452,0.004240595464400726
962,0.03392476371520581,0.031488267524892456,0.004240595464400726,0.008481190928801452,0.008481190928801452,0.008481190928801452,0.004240595464400726,0.008481190928801452,0.004240595464400726
963,0.03392476371520581,0.031488267524892456,0.004240595464400726,0.008481190928801452,0.008481190928801452,0.008481190928801452,0.004240595464400726,0.008481190928801452,0.004240595464400726
964,0.03392476371520581,0.031488267524892456,0.004240595464400726,0.008481190928801452,0.008481190928801452,0.008481190928801452,0.004240595464400726,0.008481190928801452,0.004240595464400726
965,0.03392476371520581,0.031488267524892456,0.004240595464400726,0.008481190928801452,0.008481190928801452,0.008481190928801452,0.004240595464400726,0.008481190928801452,0.004240595464400726
966,0.03392476371520581,0.031488267524892456,0.004240595464400726,0.008481190928801452,0.008481190928801452,0.008481190928801452,0.004240595464400726,0.008481190928801452,0.004240595464400726
967,0.03392476371520581,0.031488267524892456,0.004240595464400726,0.008481190928801452,0.008481190928801452,0.008481190928801452,0.004240595464400726,0.008481190928801452,0.004240595464400726
968,0.03392476371520581,0.031488267524892456,0.004240595464400726,0.008481190928801452,0.008481190928801452,0.008481190928801452,0.004240595464400726,0.008481190928801452,0.004240595464400726
969,0.03392476371520581,0.031488267524892456,0.004240595464400726,0.008481190928801452,0.008481190928801452,0.008481190928801452,0.004240595464400726,0.008481190928801452,0.004240595464400726
970,0.03392476371520581,0.031488267524892456,0.004240595464400726,0.008481190928801452,0.008481190928801452,0.008481190928801452,0.004240595464400726,0.008481190928801452,0.004240595464400726
971,0.03392476371520581,0.031488267524892456,0.004240595464400726,0.008481190928801452,0.008481190928801452,0.008481190928801452,0.004240595464400726,0.008481190928801452,0.004240595464400726
972,0.03392476371520581,0.031488267524892456,0.004240595464400726,0.008481190928801452,0.008481190928801452,0.008481190928801452,0.004240595464400726,0.008481190928801452,0.004240595464400726
973,0.03392476371520581,0.031488267524892456,0.004240595464400726,0.008481190928801452,0.008481190928801452,0.008481190928801452,0.004240595464400726,0.008481190928801452,0.004240595464400726
974,0.03392476371520581,0.031488267524892456,0.004240595464400726,0.008481190928801452,0.008481190928801452,0.008481190928801452,0.004240595464400726,0.008481190928801452,0.004240595464400726
975,0.03392476371520581,0.031488267524892456,0.004240595464400726,0.008481190928801452,0.008481190928801452,0.008481190928801452,0.004240595464400726,0.008481190928801452,0.004240595464400726
976,0.03392476371520581,0.031488267524892456,0.004240595464400726,0.008481190928801452,0.008481190928801452,0.008481190928801452,0.004240595464400726,0.008481190928801452,0.004240595464400726
977,0.03392476371520581,0.031488267524892456,0.004240595464400726,0.008481190928801452,0.008481190928801452,0.008481190928801452,0.004240595464400726,0.008481190928801452,0.004240595464400726
978,0.03392476371520581,0.031488267524892456,0.004240595464400726,0.008481190928801452,0.008481190928801452,0.008481190928801452,0.004240595464400726,0.008481190928801452,0.004240595464400726
979,0.03392476371520581,0.031488267524892456,0.004240595464400726,0.008481190928801452,0.008481190928801452,0.008481190928801452,0.004240595464400726,0.008481190928801452,0.004240595464400726
980,0.03392476371520581,0.031488267524892456,0.004240595464400726,0.008481190928801452,0.008481190928801452,0.008481190928801452,0.004240595464400726,0.008481190928801452,0.004240595464400726
981,0.03392476371520581,0.031488267524892456,0.004240595464400726,0.008481190928801452,0.008481190928801452,0.008481190928801452,0.004240595464400726,0.008481190928801452,0.004240595464400726
982,0.03392476371520581,0.031488267524892456,0.004240595464400726,0.008481190928801452,0.008481190928801452,0.008481190928801452,0.004240595464400726,0.008481190928801452,0.004240595464400726
983,0.03392476371520581,0.031488267524892456,0.004240595464400726,0.008481190928801452,0.008481190928801452,0.008481190928801452,0.004240595464400726,0.008481190928801452,0.004240595464400726
984,0.03392476371520581,0.031488267524892456,0.004240595464400726,0.008481190928801452,0.008481190928801452,0.008481190928801452,0.004240595464400726,0.008481190928801452,0.004240595464400726
985,0.03392476371520581,0.031488267524892456,0.004240595464400726,0.008481190928801452,0.008481190928801452,0.008481190928801452,0.004240595464400726,0.008481190928801452,0.004240595464400726
986,0.03392476371520581,0.031488267524892456,0.004240595464400726,0.008481190928801452,0.008481190928801452,0.008481190928801452,0.004240595464400726,0.008481190928801452,0.004240595464400726
987,0.03392476371520581,0.031488267524892456,0.004240595464400726,0.008481190928801452,0.008481190928801452,0.008481190928801452,0.004240595464400726,0.008481190928801452,0.004240595464400726
988,0.03392476371520581,0.031488267524892456,0.004240595464400726,0.008481190928801452,0.008481190928801452,0.008481190928801452,0.004240595464400726,0.008481190928801452,0.004240595464400726
989,0.03392476371520581,0.031488267524892456,0.004240595464400726,0.008481190928801452,0.008481190928801452,0.008481190928801452,0.004240595464400726,0.008481190928801452,0.004240595464400726
990,0.03392476371520581,0.031488267524892456,0.004240595464400726,0.008481190928801452,0.008481190928801452,0.008481190928801452,0.004240595464400726,0.008481190928801452,0.004240595464400726
991,0.03816535917960654,0.035401862996268796,0.004240595464400726,0.008481190928801452,0.008481190928801452,0.012721786393202178,0.004240595464400726,0.008481190928801452,0.004240595464400726
992,0.03392476371520581,0.031488267524892456,0.004240595464400726,0.008481190928801452,0.008481190928801452,0.008481190928801452,0.004240595464400726,0.008481190928801452,0.004240595464400726
993,0.03392476371520581,0.031488267524892456,0.004240595464400726,0.008481190928801452,0.008481190928801452,0.008481190928801452,0.004240595464400726,0.008481190928801452,0.004240595464400726
994,0.03392476371520581,0.031488267524892456,0.004240595464400726,0.008481190928801452,0.008481190928801452,0.008481190928801452,0.004240595464400726,0.008481190928801452,0.004240595464400726
995,0.03392476371520581,0.031488267524892456,0.004240595464400726,0.008481190928801452,0.008481190928801452,0.008481190928801452,0.004240595464400726,0.008481190928801452,0.004240595464400726
996,0.03392476371520581,0.031488267524892456,0.004240595464400726,0.008481190928801452,0.008481190928801452,0.008481190928801452,0.004240595464400726,0.008481190928801452,0.004240595464400726
997,0.03392476371520581,0.031488267524892456,0.004240595464400726,0.008481190928801452,0.008481190928801452,0.008481190928801452,0.004240595464400726,0.008481190928801452,0.004240595464400726
998,0.03392476371520581,0.031488267524892456,0.004240595464400726,0.008481190928801452,0.008481190928801452,0.008481190928801452,0.004240595464400726,0.008481190928801452,0.004240595464400726
999,0.03816535917960654,0.0354482336586633,0.004240595464400726,0.008481190928801452,0.008481190928801452,0.008481190928801452,0.004240595464400726,0.012721786393202178,0.004240595464400726
