rep,simple_rate,mle_rate,NA_rate,NP_rate,NS_rate,PB1_rate,PB2_rate,MP_rate,PA_rate
0,0.16475155839558078,0.18479542069001842,0.055959739177975615,0.04328003996846452,0.06035536823727279,0.031361122711524095,0.040152380830118455,0.027472681620607363,0.04235019535976704
1,0.1777271172533138,0.20687120789131386,0.06318716772739694,0.048859107620649406,0.06035536823727279,0.037193784347899196,0.046238636450683775,0.03512276681034572,0.04860551363645918
2,0.17878375885410636,0.2062735092454266,0.06043989956533619,0.04759113769969829,0.05781942839537057,0.04260378934395727,0.048859107620649406,0.03546089212259935,0.05452270660089769
3,0.17350055085014343,0.19807521497918032,0.05841114769181443,0.04446347856135222,0.057312240426990124,0.04192753871945,0.04911270160483962,0.030008621462509582,0.05257848605543932
4,0.1833484505695304,0.2173427383757792,0.06293357374320671,0.04792926301195192,0.0638634183519042,0.05240942339931251,0.05063426550998095,0.03347440591310928,0.053001142695756356
5,0.1780229769015357,0.2056872085658605,0.06077802487758983,0.05021160886966392,0.05883380433213146,0.04378722793684497,0.04733754371550807,0.03398159388148972,0.05021160886966392
6,0.1671184355813562,0.1885246286278212,0.057058646442799905,0.04057503747043549,0.05604427050603902,0.03634847106726513,0.04404082192103519,0.02781080693286099,0.04860551363645918
7,0.18127743303197688,0.21075089238639347,0.06077802487758983,0.053085674023819765,0.06035536823727279,0.041166756766879344,0.049788952229346886,0.03879987958110393,0.052155829415122285
8,0.17950227514264533,0.20737434616002226,0.06103161886178005,0.0523248920712491,0.056213333162165834,0.0418430073913866,0.047253012387444664,0.03778550364434305,0.054100049960580654
9,0.1767972726446163,0.20372263761500609,0.06077802487758983,0.048182856996142144,0.05773489706730717,0.03770097231627964,0.04928176426096644,0.032544561304411794,0.05545255120959517
10,0.1766704756525212,0.20361815552148851,0.06120068151790686,0.05088785949417118,0.05739677175505354,0.0395606615336746,0.04615410512262037,0.03406612520955313,0.050972390822234585
11,0.17586742803591884,0.20202604905244445,0.05976364894082894,0.05147957879061503,0.05739677175505354,0.04547785449811311,0.04835191965226896,0.030853934743143654,0.04784473168388852
12,0.1653010120279929,0.18556950836083808,0.05646692714635606,0.0407441001265623,0.05562161386572198,0.031361122711524095,0.039898786845928236,0.03448878184987016,0.045308791841986294
13,0.17933321248651854,0.21034685529970026,0.06251091710288967,0.04733754371550807,0.06369435569577737,0.0418430073913866,0.048859107620649406,0.03406612520955313,0.04860551363645918
14,0.17721992928493333,0.20389266010274884,0.05832661636375101,0.04801379434001533,0.06094708753371664,0.04395629059297178,0.047253012387444664,0.035080501146314017,0.048098325668078735
15,0.17831883654975764,0.20606240290518754,0.059256460972448494,0.049958014885473696,0.060186305581145974,0.04590051113843015,0.048182856996142144,0.03271362396053862,0.051902235430932066
16,0.18803993927704948,0.22366968284895103,0.0615810724941922,0.05147957879061503,0.06804771909104285,0.04260378934395727,0.05333926800800999,0.04251925801589386,0.05545255120959517
17,0.1767127413165529,0.2036820833151999,0.061327478510001976,0.048182856996142144,0.058918335660194866,0.041251288094942745,0.04750660637163488,0.032206435992158174,0.05240942339931251
18,0.1803475884232794,0.21185132534855858,0.06234185444676286,0.046914887075191036,0.06745599979459901,0.03744737833208942,0.047253012387444664,0.03579901743485298,0.04987348355741029
19,0.16225788421771026,0.1812699852564626,0.05646692714635606,0.040997694110752526,0.05638239581829265,0.02814893224511462,0.039898786845928236,0.026627368339973288,0.04573144848230334
20,0.17675500698058458,0.20360930128439633,0.06069349354952642,0.04759113769969829,0.05739677175505354,0.04167394473525978,0.04961988957322006,0.03322081192891906,0.05257848605543932
21,0.17586742803591884,0.2038134904843977,0.06293357374320671,0.04683035574712763,0.05832661636375101,0.036855659035645576,0.0476756690277617,0.03431971919374335,0.049788952229346886
22,0.16437116741929544,0.18433265528584347,0.05739677175505354,0.04057503747043549,0.05477630058508791,0.03440425052180676,0.039898786845928236,0.027641744276734177,0.04640769910681059
23,0.1803475884232794,0.2094310316775005,0.0615810724941922,0.04826738832420555,0.05832661636375101,0.03939159887754779,0.049028170276776216,0.04454800988941563,0.04936629558902984
24,0.18110837037585006,0.212072723280709,0.06327169905546035,0.053170205351883174,0.060186305581145974,0.04497066652973267,0.04945082691709325,0.032375498648284984,0.05147957879061503
25,0.1677101548778,0.18900643712428686,0.056974115114736504,0.04378722793684497,0.05748130308311695,0.036855659035645576,0.04235019535976704,0.027979869588987807,0.04581597981036674
26,0.16538554335605635,0.18620113342466688,0.05655145847441946,0.040997694110752526,0.05638239581829265,0.03761644098821623,0.04167394473525978,0.026204711699656255,0.04742207504357148
27,0.17421906713868238,0.19964573130515856,0.06060896222146302,0.043195508640401115,0.05553708253765858,0.03981425551786482,0.04911270160483962,0.03579901743485298,0.04759113769969829
28,0.18770181396479582,0.22092514093848276,0.060017242925019164,0.050042546213537105,0.062130526126604343,0.04742207504357148,0.057058646442799905,0.043195508640401115,0.0557906765218488
29,0.1849545458027351,0.21707926375552467,0.061116150189843454,0.054860831913151324,0.06170786948628731,0.038292691612723494,0.05638239581829265,0.039307067549484376,0.0535083306641368
30,0.16893585913471942,0.19210808642543697,0.05967911761276553,0.04260378934395727,0.060186305581145974,0.033305343256982464,0.040152380830118455,0.031107528727333876,0.04683035574712763
31,0.1823340746327695,0.21188709949499052,0.06027083690920938,0.04776020035582511,0.06204599479854094,0.04497066652973267,0.05071879683804437,0.0372360500119309,0.05435364394477088
32,0.181404230024072,0.21074847430564242,0.06077802487758983,0.05240942339931251,0.059256460972448494,0.03770097231627964,0.052832080039629546,0.03698245602774068,0.052832080039629546
33,0.17654367866042608,0.20317022098682683,0.06043989956533619,0.048774576292586,0.054945363241214726,0.04040597481430868,0.049788952229346886,0.03465784450599698,0.05147957879061503
34,0.18005172877505748,0.2089281963209425,0.0615810724941922,0.048182856996142144,0.06306037073530182,0.03660206505145535,0.04683035574712763,0.03740511266805772,0.051733172774805256
35,0.1837711072098474,0.21610365235078893,0.05976364894082894,0.05156411011867843,0.0651313882728553,0.04344910262459133,0.055875207849912206,0.03579901743485298,0.049028170276776216
36,0.1776003202612187,0.20469272350919637,0.05976364894082894,0.05224036074318569,0.06035536823727279,0.040913162782689125,0.04742207504357148,0.030853934743143654,0.05359286199220021
37,0.18072797939956475,0.20970085636221045,0.06124294718193857,0.054860831913151324,0.05739677175505354,0.041420350751069555,0.04970442090128348,0.035629954778726165,0.053170205351883174
38,0.17683953830864801,0.20549804231573773,0.06234185444676286,0.04683035574712763,0.06103161886178005,0.0395606615336746,0.04961988957322006,0.03271362396053862,0.04919723293290303
39,0.1815310270161671,0.21117455238571708,0.05976364894082894,0.051733172774805256,0.059002866988258275,0.04395629059297178,0.05105692215029799,0.037954566300469866,0.053001142695756356
40,0.17937547815055022,0.2076336265924111,0.060017242925019164,0.048774576292586,0.05781942839537057,0.04573144848230334,0.049788952229346886,0.03778550364434305,0.049958014885473696
41,0.1813619643600403,0.2122251015008936,0.06589217022542597,0.050042546213537105,0.05756583441118035,0.04328003996846452,0.052155829415122285,0.033305343256982464,0.05147957879061503
42,0.15925702207145928,0.1770831388179248,0.056974115114736504,0.039307067549484376,0.05131051613448821,0.03457331317793357,0.03846175426885031,0.02333064654550041,0.04471707254554245
43,0.17574063104382373,0.20185756937453211,0.05967911761276553,0.04945082691709325,0.057312240426990124,0.038292691612723494,0.048098325668078735,0.03153018536765091,0.05545255120959517
44,0.17721992928493333,0.20455840976584513,0.06060896222146302,0.04590051113843015,0.057312240426990124,0.03787003497240646,0.05249395472737591,0.03338987458504587,0.05452270660089769
45,0.17751578893315526,0.20538083413887917,0.06043989956533619,0.04776020035582511,0.06306037073530182,0.037278315675962605,0.04919723293290303,0.032206435992158174,0.05257848605543932
46,0.17730446061299676,0.20428844183932043,0.06027083690920938,0.05139504746255162,0.055959739177975615,0.03854628559691371,0.049788952229346886,0.03389706255342632,0.054100049960580654
47,0.1732892225299849,0.19837113504259984,0.0581575537076242,0.048774576292586,0.060186305581145974,0.03744737833208942,0.04480160387360585,0.03279815528860202,0.04784473168388852
48,0.183686575881784,0.214243070041062,0.06200372913450923,0.05131051613448821,0.06035536823727279,0.0453933231700497,0.05224036074318569,0.03579901743485298,0.05443817527283428
49,0.17531797440350666,0.2015279373440694,0.06120068151790686,0.050972390822234585,0.05655145847441946,0.03812362895659668,0.045139729185859484,0.03431971919374335,0.04945082691709325
50,0.1671184355813562,0.18686466502853993,0.05832661636375101,0.04919723293290303,0.04666129309100082,0.03660206505145535,0.042434726687830444,0.03034674677476321,0.04657676176293741
51,0.18110837037585006,0.21102413256057548,0.06069349354952642,0.055198957225404945,0.059002866988258275,0.03964519286173801,0.04835191965226896,0.040236912158181856,0.052832080039629546
52,0.17869922752604298,0.20767667993834776,0.06251091710288967,0.0523248920712491,0.0557906765218488,0.04699941840325444,0.04970442090128348,0.030684872087016837,0.05088785949417118
53,0.18055891674343794,0.21127399687709666,0.05967911761276553,0.04801379434001533,0.06728693713847218,0.039307067549484376,0.052916611367692955,0.03127659138346069,0.052155829415122285
54,0.16238468120980534,0.18171124142997544,0.057143177770863314,0.04057503747043549,0.05443817527283428,0.031361122711524095,0.03939159887754779,0.02688096232416351,0.04657676176293741
55,0.18525040545095703,0.21935817133071303,0.06293357374320671,0.050972390822234585,0.06538498225704552,0.04260378934395727,0.0523248920712491,0.03715151868386749,0.05443817527283428
56,0.1833484505695304,0.2139930113558171,0.0615810724941922,0.053085674023819765,0.05832661636375101,0.04581597981036674,0.05021160886966392,0.044209884577162004,0.04919723293290303
57,0.1661885909726587,0.18636957162510132,0.059256460972448494,0.04471707254554245,0.049958014885473696,0.0360103457550115,0.044125353249098595,0.02781080693286099,0.04353363395265475
58,0.18093930771972325,0.20995287221624834,0.060017242925019164,0.04801379434001533,0.06238412011079456,0.03964519286173801,0.04953535824515666,0.03448878184987016,0.05841114769181443
59,0.1732046912019215,0.1982749599158797,0.05976364894082894,0.04480160387360585,0.05528348855346835,0.03736284700402601,0.04404082192103519,0.037954566300469866,0.048859107620649406
60,0.1754025057315701,0.2009733024731513,0.05874927300406805,0.04936629558902984,0.05773489706730717,0.04040597481430868,0.048182856996142144,0.03186831067990454,0.05393098730445384
61,0.18161555834423052,0.21276372968707988,0.06149654116612879,0.04792926301195192,0.06530045092898212,0.037278315675962605,0.05249395472737591,0.03364346856923609,0.05443817527283428
62,0.17388094182642874,0.20051871217995854,0.06293357374320671,0.045308791841986294,0.057312240426990124,0.042012070047513415,0.04784473168388852,0.029924090134446173,0.048859107620649406
63,0.1723171122572557,0.19731786568227025,0.0615810724941922,0.043110977312337706,0.05781942839537057,0.035418626458567644,0.04716848105938126,0.02882518286962188,0.049958014885473696
64,0.18064344807150132,0.2100634608956785,0.05993271159695575,0.052071298087058876,0.06035536823727279,0.03761644098821623,0.05333926800800999,0.03381253122536291,0.05528348855346835
65,0.17743125760509187,0.20431201650793643,0.06043989956533619,0.051141453478361396,0.054269112616707464,0.041251288094942745,0.04911270160483962,0.03271362396053862,0.05646692714635606
66,0.17574063104382373,0.20195597759475925,0.06103161886178005,0.048774576292586,0.0557906765218488,0.03888441090916735,0.046238636450683775,0.03448878184987016,0.05147957879061503
67,0.1674142952295781,0.18901121368108062,0.058073022379560794,0.043195508640401115,0.05249395472737591,0.035165032474377425,0.0453933231700497,0.028740651541558474,0.04784473168388852
68,0.17950227514264533,0.208084512049117,0.06103161886178005,0.05063426550998095,0.0593409923005119,0.04057503747043549,0.0523248920712491,0.03322081192891906,0.05240942339931251
69,0.18385563853791081,0.21573981892554056,0.0638634183519042,0.05435364394477088,0.057312240426990124,0.04192753871945,0.04945082691709325,0.04268832067202067,0.05536801988153176
70,0.17764258592525037,0.20554025465467005,0.06200372913450923,0.04869004496452259,0.06035536823727279,0.035165032474377425,0.048098325668078735,0.03406612520955313,0.05181770410286866
71,0.17874149319007468,0.20830744662578624,0.0627645110870799,0.05333926800800999,0.05781942839537057,0.040067849502055046,0.05021160886966392,0.03406612520955313,0.049788952229346886
72,0.18216501197664267,0.21230491702032023,0.0615810724941922,0.04826738832420555,0.06010177425308257,0.042012070047513415,0.0523248920712491,0.03812362895659668,0.05359286199220021
73,0.18106610471181836,0.21026219011404718,0.0615810724941922,0.05274754871156614,0.05781942839537057,0.04674582441906422,0.05164864144674184,0.03102299739927047,0.05452270660089769
74,0.16792148319795855,0.1895712588141141,0.057988491051497386,0.04759113769969829,0.05147957879061503,0.03854628559691371,0.04378722793684497,0.030684872087016837,0.04471707254554245
75,0.18512360845886192,0.21768791767229456,0.06538498225704552,0.052916611367692955,0.0593409923005119,0.041420350751069555,0.05257848605543932,0.03546089212259935,0.0593409923005119
76,0.18203821498454756,0.214087539481353,0.06327169905546035,0.0535083306641368,0.06052443089339961,0.04040597481430868,0.05266301738350273,0.034150656537616536,0.05122598480642481
77,0.17747352326912355,0.20407537215396862,0.06094708753371664,0.04759113769969829,0.05655145847441946,0.03939159887754779,0.04733754371550807,0.03622167407517001,0.05443817527283428
78,0.17747352326912355,0.20445225601873646,0.05908739831632168,0.048774576292586,0.0557906765218488,0.043195508640401115,0.05131051613448821,0.035376360794535947,0.04860551363645918
79,0.18186915232842074,0.21132776267501704,0.05967911761276553,0.05198676675899547,0.06035536823727279,0.04260378934395727,0.05333926800800999,0.035165032474377425,0.05198676675899547
80,0.16500515237977098,0.1853301319025451,0.056974115114736504,0.04158941340719638,0.05477630058508791,0.03102299739927047,0.04328003996846452,0.03186831067990454,0.04556238582617652
81,0.16487835538767587,0.18479821959013307,0.05646692714635606,0.04251925801589386,0.05240942339931251,0.03567222044275786,0.04260378934395727,0.027641744276734177,0.04649223043487399
82,0.17392320749046045,0.19948050629246128,0.06077802487758983,0.053001142695756356,0.05655145847441946,0.037954566300469866,0.04632316777874718,0.028740651541558474,0.048098325668078735
83,0.16200429023352003,0.18207091759075197,0.05874927300406805,0.041166756766879344,0.052916611367692955,0.030177684118636396,0.04268832067202067,0.025612992403212406,0.04328003996846452
84,0.17481078643512624,0.20057448038943698,0.05951005495663872,0.05139504746255162,0.0546917692570245,0.03499596981825061,0.049028170276776216,0.03440425052180676,0.049958014885473696
85,0.1732892225299849,0.198696310282312,0.059256460972448494,0.04404082192103519,0.05942552362857531,0.03770097231627964,0.04852098230839577,0.03186831067990454,0.049028170276776216
86,0.18047438541537453,0.21088796162339007,0.06420154366415783,0.04640769910681059,0.059002866988258275,0.04471707254554245,0.05046520285385414,0.03474237583406039,0.05333926800800999
87,0.17400773881852388,0.19900631206602185,0.05951005495663872,0.049028170276776216,0.05562161386572198,0.03981425551786482,0.04699941840325444,0.030684872087016837,0.05147957879061503
88,0.17726219494896506,0.2040090313683646,0.06027083690920938,0.04759113769969829,0.055875207849912206,0.040067849502055046,0.04961988957322006,0.03169924802377773,0.05841114769181443
89,0.17857243053394786,0.2068006296898217,0.0615810724941922,0.052916611367692955,0.06043989956533619,0.03660206505145535,0.04784473168388852,0.03195284200796795,0.05435364394477088
90,0.16825960851021218,0.1902454363386052,0.05883380433213146,0.043195508640401115,0.05088785949417118,0.037193784347899196,0.04277285200008408,0.031614716695714314,0.049028170276776216
91,0.17764258592525037,0.20516902114784813,0.06060896222146302,0.048774576292586,0.06035536823727279,0.036094877083074905,0.04953535824515666,0.037489643996121126,0.04716848105938126
92,0.17721992928493333,0.20456830382087113,0.06077802487758983,0.048859107620649406,0.05849567901987783,0.0407441001265623,0.04961988957322006,0.034150656537616536,0.05021160886966392
93,0.17590969369995052,0.20225435248814363,0.059256460972448494,0.051141453478361396,0.056889583786673095,0.03744737833208942,0.04961988957322006,0.03102299739927047,0.054100049960580654
94,0.17337375385804832,0.19830054555725987,0.059256460972448494,0.04556238582617652,0.054269112616707464,0.0395606615336746,0.04945082691709325,0.03195284200796795,0.05181770410286866
95,0.1811506360398818,0.2102887242357017,0.06043989956533619,0.04911270160483962,0.06035536823727279,0.04150488207913297,0.052155829415122285,0.0372360500119309,0.05080332816610777
96,0.18482774881063999,0.21792826522329067,0.05967911761276553,0.04776020035582511,0.06813225041910626,0.049788952229346886,0.04936629558902984,0.03905347356529416,0.05376192464832702
97,0.17730446061299676,0.20478627027944699,0.06103161886178005,0.051141453478361396,0.05917192964438509,0.0406595687984989,0.04970442090128348,0.03186831067990454,0.05088785949417118
98,0.17891055584620147,0.2068550048423834,0.05976364894082894,0.04471707254554245,0.057312240426990124,0.03888441090916735,0.05147957879061503,0.04378722793684497,0.049788952229346886
99,0.1862647813877179,0.21951339319997812,0.06267997975901649,0.0546072379289611,0.06035536823727279,0.04040597481430868,0.05131051613448821,0.043195508640401115,0.05773489706730717
100,0.1732469568659532,0.1977644421504914,0.05967911761276553,0.04801379434001533,0.05545255120959517,0.039307067549484376,0.04776020035582511,0.02840252622930484,0.05105692215029799
101,0.16551234034815143,0.18705399356772967,0.05908739831632168,0.04040597481430868,0.054269112616707464,0.03474237583406039,0.04268832067202067,0.030853934743143654,0.043110977312337706
102,0.16094764863272742,0.1793851367332557,0.055875207849912206,0.039307067549484376,0.05105692215029799,0.03457331317793357,0.039138004893357566,0.02696549365222692,0.04556238582617652
103,0.17984040045489896,0.20835252278053643,0.06149654116612879,0.04776020035582511,0.05570614519378539,0.0406595687984989,0.04860551363645918,0.04378722793684497,0.053254736679946575
104,0.1674988265576415,0.19007468617437465,0.05976364894082894,0.04057503747043549,0.05443817527283428,0.03457331317793357,0.044125353249098595,0.027134556308353732,0.05021160886966392
105,0.16885132780665602,0.191237397687572,0.05858021034794124,0.04463254121747904,0.05240942339931251,0.03761644098821623,0.043364571296527925,0.03186831067990454,0.04860551363645918
106,0.1811506360398818,0.21187905453872613,0.06589217022542597,0.04776020035582511,0.05655145847441946,0.03812362895659668,0.04936629558902984,0.04395629059297178,0.05088785949417118
107,0.18922337786993718,0.22484925332107294,0.06403248100803101,0.055875207849912206,0.061792400814350716,0.04573144848230334,0.05604427050603902,0.04361816528071815,0.0534237993360734
108,0.1882090019331763,0.22432503619387736,0.0615810724941922,0.05021160886966392,0.07075272158907189,0.043026445984274304,0.05570614519378539,0.03406612520955313,0.05951005495663872
109,0.1642443704272003,0.18477980819092538,0.057143177770863314,0.03964519286173801,0.05883380433213146,0.03313628060085565,0.04192753871945,0.02781080693286099,0.04235019535976704
110,0.16639991929281722,0.18705084070590944,0.05748130308311695,0.04454800988941563,0.055114425897341536,0.037278315675962605,0.042181132703640226,0.030008621462509582,0.04268832067202067
111,0.177558054597187,0.20491879962267182,0.06043989956533619,0.051733172774805256,0.06035536823727279,0.04057503747043549,0.05012707754160051,0.029924090134446173,0.05105692215029799
112,0.17536024006753836,0.20135725815759717,0.05993271159695575,0.048774576292586,0.05638239581829265,0.037954566300469866,0.047253012387444664,0.034150656537616536,0.052155829415122285
113,0.17848789920588443,0.20758845098212936,0.06217279179063605,0.04919723293290303,0.06035536823727279,0.04057503747043549,0.04936629558902984,0.03279815528860202,0.05257848605543932
114,0.1708378140161461,0.19422571979254274,0.05883380433213146,0.04471707254554245,0.055959739177975615,0.03288268661666543,0.04716848105938126,0.03406612520955313,0.04581597981036674
115,0.1802207914311843,0.20922150374959972,0.06043989956533619,0.0535083306641368,0.05917192964438509,0.04150488207913297,0.04378722793684497,0.03964519286173801,0.05359286199220021
116,0.1765859443244578,0.20388146439577054,0.06267997975901649,0.048774576292586,0.05156411011867843,0.042012070047513415,0.04792926301195192,0.03512276681034572,0.05257848605543932
117,0.17620555334817245,0.2056175779083804,0.05976364894082894,0.04057503747043549,0.06880850104361352,0.035165032474377425,0.04683035574712763,0.03406612520955313,0.04784473168388852
118,0.162722806522059,0.18332010233744592,0.05858021034794124,0.040067849502055046,0.055114425897341536,0.029163308181875507,0.041251288094942745,0.02882518286962188,0.04328003996846452
119,0.181404230024072,0.2127411070275591,0.0638634183519042,0.05139504746255162,0.06145427550209708,0.04192753871945,0.05249395472737591,0.03127659138346069,0.053254736679946575
120,0.18047438541537453,0.21028697261391727,0.05967911761276553,0.04801379434001533,0.06322943339142863,0.041251288094942745,0.055029894569278134,0.03364346856923609,0.04953535824515666
121,0.1757828967078554,0.20235231303843537,0.06077802487758983,0.051141453478361396,0.05655145847441946,0.03905347356529416,0.04860551363645918,0.03296721794472884,0.04987348355741029
122,0.1788260245181381,0.2076035308048403,0.06251091710288967,0.04826738832420555,0.056889583786673095,0.0418430073913866,0.04970442090128348,0.03579901743485298,0.052071298087058876
123,0.1744726611228726,0.20046472256051115,0.05976364894082894,0.04547785449811311,0.06010177425308257,0.037954566300469866,0.04919723293290303,0.03169924802377773,0.049788952229346886
124,0.18436282650629127,0.2166209728689356,0.0638634183519042,0.05122598480642481,0.059256460972448494,0.04497066652973267,0.04970442090128348,0.04361816528071815,0.0535083306641368
125,0.17836110221378934,0.2060631807135962,0.060186305581145974,0.05333926800800999,0.05858021034794124,0.04158941340719638,0.04936629558902984,0.03279815528860202,0.05240942339931251
126,0.1814464956881037,0.21263174441363367,0.06234185444676286,0.049788952229346886,0.06339849604755546,0.03939159887754779,0.05063426550998095,0.034911438490187206,0.052832080039629546
127,0.17603649069204563,0.2042479782683957,0.0627645110870799,0.048182856996142144,0.06035536823727279,0.03888441090916735,0.04370269660878156,0.03406612520955313,0.04860551363645918
128,0.1813619643600403,0.21218954277108487,0.0638634183519042,0.04987348355741029,0.06060896222146302,0.04556238582617652,0.04970442090128348,0.03186831067990454,0.05604427050603902
129,0.17713539795686994,0.2038291691552437,0.06035536823727279,0.04869004496452259,0.05756583441118035,0.04564691715423993,0.04860551363645918,0.028487057557368252,0.053254736679946575
130,0.16504741804380268,0.18638693064899492,0.057988491051497386,0.039138004893357566,0.058918335660194866,0.029585964822192546,0.041251288094942745,0.027641744276734177,0.04784473168388852
131,0.1757828967078554,0.20196036431367703,0.05951005495663872,0.04547785449811311,0.05748130308311695,0.04497066652973267,0.04615410512262037,0.034150656537616536,0.049958014885473696
132,0.17895282151023317,0.2063617069051877,0.06077802487758983,0.04776020035582511,0.05748130308311695,0.04260378934395727,0.04945082691709325,0.0372360500119309,0.05240942339931251
133,0.18077024506359646,0.21047999732286335,0.06267997975901649,0.04945082691709325,0.05883380433213146,0.04488613520166926,0.04784473168388852,0.03512276681034572,0.054269112616707464
134,0.1823340746327695,0.21358200437154237,0.062257323118699456,0.049788952229346886,0.05781942839537057,0.04463254121747904,0.05164864144674184,0.041335819423006154,0.05080332816610777
135,0.17045742303986075,0.19430603064765145,0.059256460972448494,0.046914887075191036,0.057312240426990124,0.03567222044275786,0.04497066652973267,0.02696549365222692,0.04911270160483962
136,0.17848789920588443,0.20568377428500614,0.06060896222146302,0.04657676176293741,0.0546917692570245,0.04328003996846452,0.05156411011867843,0.035376360794535947,0.054100049960580654
137,0.1801785257671526,0.2103111273387496,0.06267997975901649,0.04826738832420555,0.059002866988258275,0.042012070047513415,0.048859107620649406,0.03871534825304053,0.052071298087058876
138,0.17954454080667703,0.20783310042563546,0.060017242925019164,0.055029894569278134,0.05655145847441946,0.041251288094942745,0.04961988957322006,0.034150656537616536,0.05528348855346835
139,0.17751578893315526,0.20525038611990212,0.06069349354952642,0.05021160886966392,0.05849567901987783,0.04150488207913297,0.05063426550998095,0.03322081192891906,0.05021160886966392
140,0.17730446061299676,0.2057833809145064,0.0627645110870799,0.04953535824515666,0.05655145847441946,0.039307067549484376,0.048774576292586,0.03322081192891906,0.0535083306641368
141,0.17848789920588443,0.20804696313118978,0.06234185444676286,0.05198676675899547,0.06306037073530182,0.0395606615336746,0.04860551363645918,0.031107528727333876,0.04843645098033236
142,0.1780229769015357,0.2067619468692483,0.06234185444676286,0.05063426550998095,0.05756583441118035,0.041251288094942745,0.04961988957322006,0.034150656537616536,0.04987348355741029
143,0.16724523257345128,0.18926040486294207,0.05908739831632168,0.043195508640401115,0.05333926800800999,0.034911438490187206,0.041251288094942745,0.02840252622930484,0.04784473168388852
144,0.1792486811584551,0.20843148822268692,0.06043989956533619,0.049028170276776216,0.06204599479854094,0.03770097231627964,0.052916611367692955,0.03440425052180676,0.04911270160483962
145,0.1790373528382966,0.20881715630745096,0.06420154366415783,0.051141453478361396,0.05545255120959517,0.04666129309100082,0.05063426550998095,0.03406612520955313,0.04784473168388852
146,0.1730778942098264,0.1976641342751515,0.05874927300406805,0.049028170276776216,0.055875207849912206,0.03643300239532853,0.047253012387444664,0.03288268661666543,0.04919723293290303
147,0.18000946311102578,0.2084897362329401,0.06043989956533619,0.04776020035582511,0.05832661636375101,0.04395629059297178,0.05376192464832702,0.032206435992158174,0.0557906765218488
148,0.17531797440350666,0.2015666325346055,0.059256460972448494,0.04776020035582511,0.059002866988258275,0.04158941340719638,0.04936629558902984,0.03195284200796795,0.04919723293290303
149,0.16204655589755174,0.18105078674724037,0.05646692714635606,0.03753190966015283,0.053001142695756356,0.03440425052180676,0.04328003996846452,0.027979869588987807,0.043364571296527925
150,0.17683953830864801,0.20435920805903798,0.05976364894082894,0.04869004496452259,0.05967911761276553,0.041251288094942745,0.05054973418191754,0.03271362396053862,0.04919723293290303
151,0.1662308566366904,0.1876432855883509,0.05841114769181443,0.040067849502055046,0.054269112616707464,0.03770097231627964,0.04370269660878156,0.027979869588987807,0.04590051113843015
152,0.16238468120980534,0.1824600317139874,0.05967911761276553,0.038208160284660085,0.05105692215029799,0.029924090134446173,0.041082225438815935,0.027979869588987807,0.04657676176293741
153,0.17937547815055022,0.2087193331624889,0.06234185444676286,0.048774576292586,0.05748130308311695,0.039307067549484376,0.04961988957322006,0.043195508640401115,0.04683035574712763
154,0.1649206210517076,0.18543141792140708,0.05781942839537057,0.03998331817399164,0.05570614519378539,0.035165032474377425,0.04268832067202067,0.02696549365222692,0.04471707254554245
155,0.17996719744699408,0.20929231733189768,0.0638634183519042,0.05198676675899547,0.054269112616707464,0.04463254121747904,0.048859107620649406,0.03465784450599698,0.05452270660089769
156,0.18351751322565718,0.21448704355788428,0.0616656038222556,0.04945082691709325,0.05942552362857531,0.04353363395265475,0.0546917692570245,0.03770097231627964,0.053846455976390435
157,0.1833484505695304,0.21467909960185702,0.0627645110870799,0.051141453478361396,0.05553708253765858,0.04158941340719638,0.05046520285385414,0.04353363395265475,0.05841114769181443
158,0.17265523756950935,0.1965897522735558,0.05756583441118035,0.04573144848230334,0.06035536823727279,0.0407441001265623,0.048182856996142144,0.030093152790572987,0.04792926301195192
159,0.1813619643600403,0.21129597833994468,0.0615810724941922,0.05198676675899547,0.060186305581145974,0.042012070047513415,0.05029614019772733,0.03939159887754779,0.049958014885473696
160,0.1811506360398818,0.21143636896099802,0.06234185444676286,0.05147957879061503,0.055114425897341536,0.0395606615336746,0.05131051613448821,0.041335819423006154,0.05443817527283428
161,0.18301032525727673,0.21307877686082222,0.060017242925019164,0.05029614019772733,0.05832661636375101,0.04328003996846452,0.0557906765218488,0.035376360794535947,0.057143177770863314
162,0.17819203955766252,0.2059856949937447,0.06069349354952642,0.049958014885473696,0.05333926800800999,0.04488613520166926,0.04911270160483962,0.03964519286173801,0.04919723293290303
163,0.16441343308332712,0.18551997105498474,0.05858021034794124,0.03863081692497712,0.05477630058508791,0.037193784347899196,0.041251288094942745,0.02628924302771966,0.04699941840325444
164,0.18317938791340355,0.2148016742036757,0.06267997975901649,0.051733172774805256,0.05917192964438509,0.03744737833208942,0.04961988957322006,0.04556238582617652,0.05257848605543932
165,0.17768485158928207,0.20521290792142288,0.05951005495663872,0.05359286199220021,0.05832661636375101,0.038039097628533275,0.04936629558902984,0.03296721794472884,0.053085674023819765
166,0.17510664608334817,0.2021883689575338,0.06259544843095308,0.048182856996142144,0.05570614519378539,0.04353363395265475,0.048182856996142144,0.03186831067990454,0.04792926301195192
167,0.17941774381458192,0.20726868726385902,0.06060896222146302,0.05257848605543932,0.057988491051497386,0.0406595687984989,0.04792926301195192,0.034911438490187206,0.05553708253765858
168,0.17827657088572593,0.20634615727885128,0.0615810724941922,0.0535083306641368,0.05781942839537057,0.041420350751069555,0.049028170276776216,0.034150656537616536,0.049028170276776216
169,0.1836443102177523,0.21864879935784357,0.06251091710288967,0.052916611367692955,0.07159803486970596,0.037954566300469866,0.04961988957322006,0.03347440591310928,0.05147957879061503
170,0.1642443704272003,0.18428075667751637,0.057058646442799905,0.04378722793684497,0.054269112616707464,0.03288268661666543,0.04192753871945,0.03186831067990454,0.040997694110752526
171,0.18068571373553305,0.21076433256273006,0.06043989956533619,0.06010177425308257,0.06035536823727279,0.04158941340719638,0.05054973418191754,0.03186831067990454,0.04843645098033236
172,0.17764258592525037,0.2061574519443428,0.06293357374320671,0.049028170276776216,0.057312240426990124,0.04040597481430868,0.047083949731317846,0.03431971919374335,0.05333926800800999
173,0.16796374886199025,0.19116646197384446,0.059256460972448494,0.04057503747043549,0.06187693214241412,0.03474237583406039,0.04404082192103519,0.027641744276734177,0.04150488207913297
174,0.18161555834423052,0.21142539927208828,0.0615810724941922,0.04683035574712763,0.06339849604755546,0.04175847606332319,0.04961988957322006,0.034235187865679945,0.05663598980248287
175,0.1744303954588409,0.19997301007425533,0.060017242925019164,0.04556238582617652,0.053001142695756356,0.043026445984274304,0.048859107620649406,0.03474237583406039,0.049028170276776216
176,0.18275673127308653,0.21469476372969554,0.06344076171158715,0.053085674023819765,0.061961463470477526,0.03964519286173801,0.05063426550998095,0.03406612520955313,0.05655145847441946
177,0.15786225515841307,0.1736177692552885,0.05781942839537057,0.03575675177082127,0.04987348355741029,0.031107528727333876,0.0383772229407869,0.027472681620607363,0.04251925801589386
178,0.17489531776318962,0.20007182525526357,0.05874927300406805,0.04573144848230334,0.05367739332026361,0.04040597481430868,0.04742207504357148,0.03778550364434305,0.05122598480642481
179,0.18305259092130846,0.2137140255006354,0.06141200983806538,0.051733172774805256,0.06187693214241412,0.041251288094942745,0.049788952229346886,0.04235019535976704,0.05105692215029799
180,0.17510664608334817,0.2015861413868309,0.059256460972448494,0.04919723293290303,0.06035536823727279,0.032375498648284984,0.05029614019772733,0.031614716695714314,0.05105692215029799
181,0.17819203955766252,0.20620754640253025,0.0615810724941922,0.04733754371550807,0.05959458628470213,0.039307067549484376,0.04936629558902984,0.03406612520955313,0.05156411011867843
182,0.17768485158928207,0.20545053445257708,0.059256460972448494,0.048774576292586,0.05917192964438509,0.0406595687984989,0.05054973418191754,0.03271362396053862,0.054100049960580654
183,0.1828412626011499,0.21438785554341766,0.06077802487758983,0.04945082691709325,0.06496232561672849,0.042012070047513415,0.048098325668078735,0.039222536221420974,0.055875207849912206
184,0.17109140800033631,0.19513452820972163,0.06060896222146302,0.04750660637163488,0.05604427050603902,0.03381253122536291,0.04387175926490837,0.03186831067990454,0.04860551363645918
185,0.16268054085802727,0.18229062299759788,0.05739677175505354,0.041420350751069555,0.052832080039629546,0.03246002997634839,0.042181132703640226,0.026204711699656255,0.045055197857796075
186,0.17459945811496771,0.20040641854599153,0.06103161886178005,0.04843645098033236,0.05570614519378539,0.0406595687984989,0.048098325668078735,0.031107528727333876,0.05088785949417118
187,0.1674988265576415,0.18889520832771478,0.057312240426990124,0.04370269660878156,0.0546072379289611,0.03305174927279224,0.04843645098033236,0.026204711699656255,0.049028170276776216
188,0.16462476140348567,0.1853140748634548,0.058073022379560794,0.04497066652973267,0.05139504746255162,0.03212190466409476,0.04260378934395727,0.026204711699656255,0.0476756690277617
189,0.1803475884232794,0.20819693677593426,0.06027083690920938,0.053001142695756356,0.05781942839537057,0.03905347356529416,0.04683035574712763,0.03715151868386749,0.056974115114736504
190,0.1836020445537206,0.21612619506442204,0.06251091710288967,0.05722770909892672,0.06255318276692139,0.040067849502055046,0.05131051613448821,0.03296721794472884,0.05452270660089769
191,0.17781164858137719,0.2066800269846547,0.06335623038352375,0.04666129309100082,0.056128801834102425,0.03770097231627964,0.04716848105938126,0.04378722793684497,0.04860551363645918
192,0.16652671628491234,0.18845739438229095,0.05908739831632168,0.04404082192103519,0.05570614519378539,0.03178377935184114,0.04049050614237208,0.02840252622930484,0.04716848105938126
193,0.17489531776318962,0.20073034528444542,0.06069349354952642,0.04480160387360585,0.0534237993360734,0.03567222044275786,0.04792926301195192,0.037954566300469866,0.052832080039629546
194,0.16508968370783442,0.1858405146688976,0.05832661636375101,0.043195508640401115,0.05147957879061503,0.03457331317793357,0.04158941340719638,0.02696549365222692,0.04657676176293741
195,0.16373718245881988,0.18491146085195162,0.06027083690920938,0.03812362895659668,0.055114425897341536,0.030431278102826618,0.041335819423006154,0.03186831067990454,0.043026445984274304
196,0.16466702706751737,0.18526375689951308,0.0581575537076242,0.0395606615336746,0.05249395472737591,0.04082863145462571,0.0395606615336746,0.02840252622930484,0.0453933231700497
197,0.1767972726446163,0.20390457164736314,0.06027083690920938,0.04640769910681059,0.06035536823727279,0.03888441090916735,0.05054973418191754,0.030684872087016837,0.05452270660089769
198,0.18444735783435467,0.2156320257033605,0.06077802487758983,0.056889583786673095,0.054945363241214726,0.04657676176293741,0.05393098730445384,0.03846175426885031,0.05443817527283428
199,0.17907961850232829,0.20722303743236056,0.060017242925019164,0.051141453478361396,0.05942552362857531,0.039307067549484376,0.04945082691709325,0.03512276681034572,0.05257848605543932
200,0.18081251072762813,0.21161725311270946,0.06234185444676286,0.04750660637163488,0.06136974417403367,0.04040597481430868,0.05063426550998095,0.037954566300469866,0.05257848605543932
201,0.1745149267869043,0.20020407812317614,0.059256460972448494,0.052916611367692955,0.05570614519378539,0.040067849502055046,0.04716848105938126,0.03186831067990454,0.04860551363645918
202,0.17861469619797957,0.20652447601578774,0.06124294718193857,0.053001142695756356,0.05781942839537057,0.041251288094942745,0.049788952229346886,0.03338987458504587,0.052155829415122285
203,0.17189445561693867,0.19577024325526896,0.059256460972448494,0.04446347856135222,0.053254736679946575,0.043195508640401115,0.04776020035582511,0.03034674677476321,0.04919723293290303
204,0.1815732926801988,0.21144786147425915,0.05866474167600465,0.04936629558902984,0.06593443588945767,0.0418430073913866,0.04843645098033236,0.035376360794535947,0.055959739177975615
205,0.18072797939956475,0.2102496931385591,0.0627645110870799,0.048859107620649406,0.05748130308311695,0.04649223043487399,0.048098325668078735,0.03740511266805772,0.05266301738350273
206,0.17147179897662165,0.1955747203079238,0.06077802487758983,0.04378722793684497,0.054269112616707464,0.03660206505145535,0.046238636450683775,0.028740651541558474,0.05240942339931251
207,0.166568981948944,0.18751379159005294,0.05739677175505354,0.043195508640401115,0.05266301738350273,0.03102299739927047,0.04378722793684497,0.032375498648284984,0.04843645098033236
208,0.17417680147465067,0.19979276607814947,0.06043989956533619,0.04759113769969829,0.057312240426990124,0.03710925301983579,0.047253012387444664,0.03271362396053862,0.05021160886966392
209,0.17865696186201127,0.20667228029409188,0.06043989956533619,0.05274754871156614,0.05739677175505354,0.04387175926490837,0.05147957879061503,0.03288268661666543,0.049028170276776216
210,0.17459945811496771,0.2006213155346645,0.06035536823727279,0.04454800988941563,0.06035536823727279,0.038292691612723494,0.04911270160483962,0.03186831067990454,0.04953535824515666
211,0.16407530777107351,0.1839151928324435,0.056974115114736504,0.0407441001265623,0.05367739332026361,0.034911438490187206,0.03939159887754779,0.027979869588987807,0.04657676176293741
212,0.16454023007542223,0.18381259337744468,0.05832661636375101,0.043195508640401115,0.049958014885473696,0.032375498648284984,0.04192753871945,0.029924090134446173,0.04632316777874718
213,0.16551234034815143,0.18591965274655606,0.0557906765218488,0.04268832067202067,0.0557906765218488,0.034911438490187206,0.04192753871945,0.027472681620607363,0.04649223043487399
214,0.16547007468411973,0.18655432142888256,0.058073022379560794,0.037954566300469866,0.055114425897341536,0.035080501146314017,0.043364571296527925,0.030431278102826618,0.04683035574712763
215,0.18905431521381036,0.22513311764295155,0.06580763889736255,0.061116150189843454,0.05756583441118035,0.037193784347899196,0.05562161386572198,0.0453933231700497,0.052155829415122285
216,0.177558054597187,0.20530069939797915,0.06069349354952642,0.0557906765218488,0.057312240426990124,0.04082863145462571,0.04716848105938126,0.03296721794472884,0.049958014885473696
217,0.17603649069204563,0.20195905947285833,0.059256460972448494,0.05198676675899547,0.054860831913151324,0.04328003996846452,0.04733754371550807,0.03212190466409476,0.053085674023819765
218,0.1811506360398818,0.210422876537601,0.06103161886178005,0.05452270660089769,0.05748130308311695,0.04615410512262037,0.051141453478361396,0.03431971919374335,0.04987348355741029
219,0.181404230024072,0.21075711760225802,0.06124294718193857,0.053001142695756356,0.05917192964438509,0.0418430073913866,0.050042546213537105,0.03740511266805772,0.053254736679946575
220,0.17743125760509187,0.20441925359720567,0.0615810724941922,0.05181770410286866,0.05553708253765858,0.04175847606332319,0.04733754371550807,0.03546089212259935,0.049028170276776216
221,0.18444735783435467,0.21694066379817323,0.06242638577482627,0.0535083306641368,0.062130526126604343,0.039307067549484376,0.05071879683804437,0.04370269660878156,0.05257848605543932
222,0.17599422502801393,0.20256585220946083,0.06120068151790686,0.045308791841986294,0.057312240426990124,0.04463254121747904,0.046238636450683775,0.03296721794472884,0.05105692215029799
223,0.17548703705963348,0.20173291843524982,0.06043989956533619,0.04826738832420555,0.057988491051497386,0.03744737833208942,0.04961988957322006,0.03034674677476321,0.052155829415122285
224,0.18081251072762813,0.2116524317937563,0.06327169905546035,0.05131051613448821,0.06035536823727279,0.04328003996846452,0.05139504746255162,0.03296721794472884,0.05105692215029799
225,0.16534327769202461,0.18562606857852404,0.05655145847441946,0.03964519286173801,0.05367739332026361,0.039222536221420974,0.04387175926490837,0.02975502747831936,0.04471707254554245
226,0.18351751322565718,0.21437781486937288,0.06200372913450923,0.0546072379289611,0.06204599479854094,0.04564691715423993,0.05249395472737591,0.030684872087016837,0.05452270660089769
227,0.16728749823748298,0.188777568937996,0.05874927300406805,0.04784473168388852,0.05147957879061503,0.03448878184987016,0.04378722793684497,0.02840252622930484,0.04454800988941563
228,0.17641688166833097,0.20318905609219015,0.060017242925019164,0.048182856996142144,0.05570614519378539,0.03660206505145535,0.04683035574712763,0.03879987958110393,0.052832080039629546
229,0.17992493178296237,0.208221456799948,0.05976364894082894,0.04463254121747904,0.059002866988258275,0.040913162782689125,0.05131051613448821,0.03512276681034572,0.05858021034794124
230,0.17607875635607734,0.2026915756151032,0.06043989956533619,0.04911270160483962,0.05655145847441946,0.040067849502055046,0.04961988957322006,0.03296721794472884,0.05105692215029799
231,0.1663153879647538,0.18733055126236917,0.057058646442799905,0.041335819423006154,0.057988491051497386,0.03355893724117268,0.04378722793684497,0.03229096732022158,0.04260378934395727
232,0.15993327269596655,0.17834154915460765,0.05951005495663872,0.038292691612723494,0.05080332816610777,0.03034674677476321,0.04344910262459133,0.026035649043529438,0.040997694110752526
233,0.17603649069204563,0.20237960644565106,0.06149654116612879,0.048098325668078735,0.05655145847441946,0.04353363395265475,0.04784473168388852,0.03406612520955313,0.048098325668078735
234,0.16585046566040507,0.18698551234163194,0.05874927300406805,0.04370269660878156,0.05333926800800999,0.03102299739927047,0.04387175926490837,0.0267118996680367,0.04784473168388852
235,0.1766704756525212,0.20300876198356851,0.060017242925019164,0.04573144848230334,0.05570614519378539,0.04158941340719638,0.04843645098033236,0.03546089212259935,0.05452270660089769
236,0.18043211975134282,0.2096415566327395,0.06103161886178005,0.04961988957322006,0.055875207849912206,0.041251288094942745,0.05164864144674184,0.04235019535976704,0.04987348355741029
237,0.17840336787782105,0.20634336238593695,0.06035536823727279,0.04945082691709325,0.05604427050603902,0.041420350751069555,0.04843645098033236,0.03981425551786482,0.05240942339931251
238,0.17929094682248684,0.2077930113934776,0.060017242925019164,0.054860831913151324,0.062130526126604343,0.03854628559691371,0.047083949731317846,0.03279815528860202,0.05359286199220021
239,0.1639062451149467,0.18406067441721044,0.05655145847441946,0.03871534825304053,0.05680505245860968,0.030008621462509582,0.04378722793684497,0.03186831067990454,0.04454800988941563
240,0.17337375385804832,0.19868435156728487,0.06103161886178005,0.04615410512262037,0.058918335660194866,0.03761644098821623,0.04784473168388852,0.028740651541558474,0.04860551363645918
241,0.16703390425329276,0.1879315492136941,0.057058646442799905,0.043195508640401115,0.05367739332026361,0.03761644098821623,0.04488613520166926,0.026542837011909882,0.04657676176293741
242,0.1733314881940166,0.19811690993807,0.06103161886178005,0.047253012387444664,0.05545255120959517,0.035418626458567644,0.048859107620649406,0.02941690216606573,0.05156411011867843
243,0.15946835039161783,0.1748497427685109,0.056974115114736504,0.03972972418980142,0.04919723293290303,0.03178377935184114,0.0395606615336746,0.02781080693286099,0.04251925801589386
244,0.17476852077109453,0.20172972658179017,0.06251091710288967,0.048182856996142144,0.056213333162165834,0.037954566300469866,0.047083949731317846,0.03186831067990454,0.05105692215029799
245,0.18060118240746964,0.21057204268530685,0.06234185444676286,0.05038067152579073,0.06035536823727279,0.04573144848230334,0.04945082691709325,0.03186831067990454,0.05452270660089769
246,0.16893585913471942,0.19243682339906354,0.06077802487758983,0.040236912158181856,0.05604427050603902,0.0395606615336746,0.042434726687830444,0.03127659138346069,0.04615410512262037
247,0.18389790420194252,0.21632050432464847,0.0627645110870799,0.048182856996142144,0.06306037073530182,0.03744737833208942,0.04911270160483962,0.04429441590522541,0.05570614519378539
248,0.17730446061299676,0.20552872045692555,0.06217279179063605,0.04683035574712763,0.05655145847441946,0.03744737833208942,0.048098325668078735,0.0383772229407869,0.053085674023819765
249,0.17028836038373393,0.19411044110787168,0.05951005495663872,0.042181132703640226,0.05781942839537057,0.04040597481430868,0.04404082192103519,0.03119206005539728,0.04716848105938126
250,0.18208048064857923,0.21246608760181562,0.06234185444676286,0.04826738832420555,0.06035536823727279,0.04581597981036674,0.04961988957322006,0.03740511266805772,0.0535083306641368
251,0.16880906214262434,0.19123121662774017,0.05858021034794124,0.041420350751069555,0.056128801834102425,0.03355893724117268,0.041420350751069555,0.03579901743485298,0.04590051113843015
252,0.1757828967078554,0.20235502860499027,0.06103161886178005,0.04556238582617652,0.05942552362857531,0.04040597481430868,0.04792926301195192,0.03406612520955313,0.049028170276776216
253,0.1653010120279929,0.1862891590106225,0.058073022379560794,0.04235019535976704,0.05841114769181443,0.03195284200796795,0.04049050614237208,0.02569752373127581,0.04556238582617652
254,0.16661124761297572,0.18793233551115537,0.05951005495663872,0.04869004496452259,0.05063426550998095,0.03178377935184114,0.04378722793684497,0.025612992403212406,0.047083949731317846
255,0.17176765862484356,0.19592852625962548,0.05874927300406805,0.04547785449811311,0.05984818026889235,0.0348269071621238,0.044125353249098595,0.03347440591310928,0.04590051113843015
256,0.18047438541537453,0.20920285279586312,0.06052443089339961,0.05266301738350273,0.05748130308311695,0.03964519286173801,0.04970442090128348,0.03939159887754779,0.05452270660089769
257,0.17869922752604298,0.2077432132398102,0.06251091710288967,0.04869004496452259,0.05367739332026361,0.04175847606332319,0.04860551363645918,0.04361816528071815,0.04784473168388852
258,0.17751578893315526,0.20527343070312756,0.06043989956533619,0.04683035574712763,0.057312240426990124,0.04353363395265475,0.05021160886966392,0.03939159887754779,0.047083949731317846
259,0.17764258592525037,0.20594219975771352,0.06200372913450923,0.04446347856135222,0.062891308079175,0.039307067549484376,0.04961988957322006,0.03271362396053862,0.05080332816610777
260,0.16914718745487795,0.19258370834973113,0.05976364894082894,0.05198676675899547,0.054269112616707464,0.031361122711524095,0.041251288094942745,0.028740651541558474,0.047083949731317846
261,0.1722325809291923,0.19570182944293366,0.05655145847441946,0.05266301738350273,0.053001142695756356,0.03288268661666543,0.04378722793684497,0.03981425551786482,0.04784473168388852
262,0.18288352826518164,0.21446288860280954,0.06521591960091871,0.053085674023819765,0.05528348855346835,0.04640769910681059,0.047253012387444664,0.041335819423006154,0.053085674023819765
263,0.18060118240746964,0.21121279991786124,0.06234185444676286,0.04945082691709325,0.058918335660194866,0.04057503747043549,0.054100049960580654,0.03271362396053862,0.05545255120959517
264,0.16635765362878552,0.18851977037185777,0.05967911761276553,0.04666129309100082,0.05333926800800999,0.02882518286962188,0.042181132703640226,0.02882518286962188,0.04657676176293741
265,0.1800939944390892,0.20965351687906275,0.06234185444676286,0.04564691715423993,0.057312240426990124,0.04387175926490837,0.04776020035582511,0.041166756766879344,0.05452270660089769
266,0.16534327769202461,0.18529791277710456,0.05367739332026361,0.03863081692497712,0.05841114769181443,0.0348269071621238,0.039138004893357566,0.03398159388148972,0.04674582441906422
267,0.17929094682248684,0.20914942884825896,0.05976364894082894,0.048182856996142144,0.06546951358510893,0.04353363395265475,0.04961988957322006,0.03296721794472884,0.04936629558902984
268,0.18250313728889628,0.21278794434946033,0.06149654116612879,0.05266301738350273,0.06035536823727279,0.04040597481430868,0.054945363241214726,0.03406612520955313,0.05545255120959517
269,0.1661040596445953,0.18635710539757658,0.05672052113054628,0.04361816528071815,0.053001142695756356,0.0395606615336746,0.0383772229407869,0.03060034075895343,0.04784473168388852
270,0.1801362601031209,0.20970366762497614,0.06267997975901649,0.05164864144674184,0.058918335660194866,0.038292691612723494,0.049028170276776216,0.03740511266805772,0.052155829415122285
271,0.17468398944303112,0.20159077857966157,0.06293357374320671,0.04776020035582511,0.0546917692570245,0.04040597481430868,0.04716848105938126,0.03102299739927047,0.052832080039629546
272,0.16496288671573928,0.18551372272036074,0.05722770909892672,0.040067849502055046,0.05452270660089769,0.035080501146314017,0.044378947233288814,0.026458305683846477,0.04657676176293741
273,0.18216501197664267,0.21251924057779062,0.05967911761276553,0.0628067767511116,0.05832661636375101,0.040997694110752526,0.05333926800800999,0.030684872087016837,0.05181770410286866
274,0.16251147820190048,0.18271764448753616,0.05951005495663872,0.038292691612723494,0.0523248920712491,0.032375498648284984,0.04158941340719638,0.03060034075895343,0.04260378934395727
275,0.17599422502801393,0.20373481791812764,0.0627645110870799,0.04759113769969829,0.057312240426990124,0.04175847606332319,0.04945082691709325,0.030515809430890026,0.05088785949417118
276,0.17620555334817245,0.20269087616263692,0.06149654116612879,0.04573144848230334,0.057988491051497386,0.039307067549484376,0.04716848105938126,0.03322081192891906,0.05359286199220021
277,0.16204655589755174,0.18091117845418056,0.05646692714635606,0.04150488207913297,0.054269112616707464,0.03355893724117268,0.04158941340719638,0.026035649043529438,0.04277285200008408
278,0.16593499698846848,0.18642547587485325,0.057058646442799905,0.04446347856135222,0.053001142695756356,0.03448878184987016,0.04268832067202067,0.0278953382609244,0.046069573794556964
279,0.1828412626011499,0.21342381225387014,0.0615810724941922,0.04683035574712763,0.058918335660194866,0.04057503747043549,0.052155829415122285,0.04556238582617652,0.05257848605543932
280,0.17620555334817245,0.2028618739070504,0.06120068151790686,0.05088785949417118,0.054015518632517245,0.04040597481430868,0.04970442090128348,0.03279815528860202,0.05198676675899547
281,0.1685977338224658,0.19100329575550049,0.05858021034794124,0.048774576292586,0.0546072379289611,0.0326290926324752,0.044125353249098595,0.029924090134446173,0.04759113769969829
282,0.166568981948944,0.18914753642526222,0.05967911761276553,0.03761644098821623,0.053254736679946575,0.031361122711524095,0.04251925801589386,0.039307067549484376,0.043364571296527925
283,0.17962907213474044,0.20769528346617744,0.061327478510001976,0.04961988957322006,0.053846455976390435,0.039898786845928236,0.05139504746255162,0.0372360500119309,0.05528348855346835
284,0.17878375885410636,0.20690397711683176,0.05951005495663872,0.04590051113843015,0.05883380433213146,0.04344910262459133,0.05029614019772733,0.03879987958110393,0.05198676675899547
285,0.18347524756162548,0.2148223684557589,0.06124294718193857,0.054860831913151324,0.06322943339142863,0.041166756766879344,0.048098325668078735,0.0407441001265623,0.052832080039629546
286,0.17869922752604298,0.20624405850616703,0.060186305581145974,0.04784473168388852,0.055114425897341536,0.041335819423006154,0.05063426550998095,0.03406612520955313,0.05908739831632168
287,0.16432890175526374,0.18505804651730315,0.05858021034794124,0.040067849502055046,0.055029894569278134,0.03474237583406039,0.041251288094942745,0.03060034075895343,0.042265664031703634
288,0.17878375885410636,0.2063990602277858,0.06077802487758983,0.05156411011867843,0.05832661636375101,0.041251288094942745,0.04852098230839577,0.035080501146314017,0.052155829415122285
289,0.16635765362878552,0.18828182250496134,0.05959458628470213,0.040067849502055046,0.055029894569278134,0.034150656537616536,0.04260378934395727,0.030684872087016837,0.04666129309100082
290,0.17645914733236268,0.20323937816855323,0.05967911761276553,0.0534237993360734,0.05781942839537057,0.03761644098821623,0.04683035574712763,0.03406612520955313,0.05021160886966392
291,0.18174235533632563,0.2122645236465846,0.06259544843095308,0.052916611367692955,0.06187693214241412,0.04556238582617652,0.04970442090128348,0.0314456540395875,0.05359286199220021
292,0.18541946810708385,0.21740127422343067,0.06103161886178005,0.05655145847441946,0.06035536823727279,0.04860551363645918,0.05021160886966392,0.04260378934395727,0.04911270160483962
293,0.1698657037434169,0.19331942063437554,0.05976364894082894,0.04328003996846452,0.053085674023819765,0.04082863145462571,0.04598504246649355,0.031107528727333876,0.04657676176293741
294,0.161581633593203,0.17960207421571484,0.05638239581829265,0.039307067549484376,0.05088785949417118,0.03195284200796795,0.0383772229407869,0.03440425052180676,0.04251925801589386
295,0.1662308566366904,0.18689707096209157,0.05765036573924376,0.04344910262459133,0.05333926800800999,0.03440425052180676,0.04488613520166926,0.026627368339973288,0.04573144848230334
296,0.17988266611893067,0.20843823518405633,0.060017242925019164,0.051733172774805256,0.06035536823727279,0.04057503747043549,0.04776020035582511,0.03888441090916735,0.052155829415122285
297,0.17612102202010904,0.20262302876152166,0.06077802487758983,0.04936629558902984,0.05739677175505354,0.041251288094942745,0.04716848105938126,0.03406612520955313,0.04953535824515666
298,0.16639991929281722,0.1881521255669044,0.05976364894082894,0.041420350751069555,0.0546917692570245,0.03406612520955313,0.04158941340719638,0.030008621462509582,0.046069573794556964
299,0.1815732926801988,0.212787187999906,0.06344076171158715,0.048182856996142144,0.06035536823727279,0.041251288094942745,0.04835191965226896,0.040236912158181856,0.054945363241214726
300,0.177558054597187,0.20518636298619244,0.06010177425308257,0.04759113769969829,0.054015518632517245,0.04082863145462571,0.04961988957322006,0.0407441001265623,0.052155829415122285
301,0.18237634029680116,0.21217918898347538,0.05942552362857531,0.05147957879061503,0.06170786948628731,0.04387175926490837,0.05249395472737591,0.03406612520955313,0.054945363241214726
302,0.17751578893315526,0.20486760291878006,0.05976364894082894,0.05367739332026361,0.0546917692570245,0.040321443486245265,0.04683035574712763,0.037954566300469866,0.050972390822234585
303,0.16694937292522938,0.1878589649118018,0.057903959723433984,0.043195508640401115,0.054184581288644056,0.034911438490187206,0.04260378934395727,0.03060034075895343,0.04674582441906422
304,0.17519117741141155,0.20182002623013015,0.060017242925019164,0.04716848105938126,0.05917192964438509,0.039307067549484376,0.05063426550998095,0.032206435992158174,0.04843645098033236
305,0.180263057095216,0.20887138203110434,0.06149654116612879,0.05240942339931251,0.05959458628470213,0.04353363395265475,0.049028170276776216,0.037489643996121126,0.04784473168388852
306,0.18148876135213543,0.21120002927799564,0.06069349354952642,0.048774576292586,0.05832661636375101,0.041251288094942745,0.052832080039629546,0.04192753871945,0.05122598480642481
307,0.1800939944390892,0.20846874209803345,0.0615810724941922,0.04894363894871281,0.0581575537076242,0.04353363395265475,0.05376192464832702,0.029924090134446173,0.05604427050603902
308,0.17734672627702844,0.20467065877934146,0.06060896222146302,0.05164864144674184,0.05832661636375101,0.03617940841113831,0.04843645098033236,0.03406612520955313,0.05333926800800999
309,0.16521648069992953,0.18575934253694373,0.05646692714635606,0.04057503747043549,0.05781942839537057,0.03169924802377773,0.042434726687830444,0.029924090134446173,0.04742207504357148
310,0.1805166510794062,0.20973600782053006,0.06094708753371664,0.05021160886966392,0.061961463470477526,0.04158941340719638,0.05012707754160051,0.034911438490187206,0.053085674023819765
311,0.16322999449043946,0.18256017881395872,0.0557906765218488,0.04370269660878156,0.05139504746255162,0.028487057557368252,0.03939159887754779,0.03347440591310928,0.04556238582617652
312,0.17747352326912355,0.20590267148438324,0.06234185444676286,0.04869004496452259,0.05773489706730717,0.04057503747043549,0.04716848105938126,0.03854628559691371,0.04843645098033236
313,0.17789617990944062,0.20651981918007323,0.06234185444676286,0.05131051613448821,0.06035536823727279,0.03617940841113831,0.04776020035582511,0.03186831067990454,0.05393098730445384
314,0.17950227514264533,0.20792396404237312,0.06027083690920938,0.051733172774805256,0.058918335660194866,0.04040597481430868,0.05139504746255162,0.03372799989729951,0.0535083306641368
315,0.17958680647070874,0.20815315943673715,0.05976364894082894,0.04894363894871281,0.059256460972448494,0.039307067549484376,0.04911270160483962,0.041335819423006154,0.05147957879061503
316,0.18567306209127404,0.21923791160487746,0.06035536823727279,0.054860831913151324,0.06770959377878923,0.04328003996846452,0.04776020035582511,0.04378722793684497,0.04987348355741029
317,0.17950227514264533,0.2092553716148851,0.06369435569577737,0.04776020035582511,0.05722770909892672,0.04082863145462571,0.0523248920712491,0.035376360794535947,0.05105692215029799
318,0.17388094182642874,0.19929034775937707,0.05984818026889235,0.04894363894871281,0.05756583441118035,0.03761644098821623,0.04792926301195192,0.03153018536765091,0.04894363894871281
319,0.16508968370783442,0.18610105510255712,0.05874927300406805,0.042265664031703634,0.05240942339931251,0.03567222044275786,0.04260378934395727,0.02527486709095877,0.047083949731317846
320,0.17717766362090165,0.2046047335492324,0.06077802487758983,0.048182856996142144,0.058918335660194866,0.038292691612723494,0.04928176426096644,0.03406612520955313,0.052155829415122285
321,0.1758251623718871,0.20243121554212515,0.06208826046257264,0.05029614019772733,0.054860831913151324,0.042012070047513415,0.04945082691709325,0.030684872087016837,0.049788952229346886
322,0.1766282099884895,0.2029785600414455,0.059256460972448494,0.05131051613448821,0.05333926800800999,0.04057503747043549,0.04784473168388852,0.04370269660878156,0.04471707254554245
323,0.1757828967078554,0.20285468817087707,0.05976364894082894,0.04454800988941563,0.06052443089339961,0.03710925301983579,0.04961988957322006,0.03406612520955313,0.049958014885473696
324,0.17214804960112892,0.19601407771187118,0.05874927300406805,0.04792926301195192,0.05545255120959517,0.037954566300469866,0.04395629059297178,0.027979869588987807,0.05443817527283428
325,0.17468398944303112,0.20054562103010581,0.05976364894082894,0.04792926301195192,0.055959739177975615,0.037954566300469866,0.04970442090128348,0.03338987458504587,0.049788952229346886
326,0.1755715683876969,0.20194464331793638,0.06043989956533619,0.04945082691709325,0.057312240426990124,0.04040597481430868,0.04784473168388852,0.034150656537616536,0.04843645098033236
327,0.163863979450915,0.184991971679469,0.05908739831632168,0.038968942237230755,0.053846455976390435,0.0395606615336746,0.04294191465621089,0.02417595982613448,0.043195508640401115
328,0.177980711237504,0.20764496488836157,0.059002866988258275,0.04759113769969829,0.06821678174716966,0.039307067549484376,0.04835191965226896,0.030431278102826618,0.05038067152579073
329,0.15874983410307886,0.17682679257628903,0.05781942839537057,0.038292691612723494,0.053170205351883174,0.029924090134446173,0.040152380830118455,0.024091428498071072,0.043364571296527925
330,0.1708378140161461,0.1942370945057178,0.05841114769181443,0.04480160387360585,0.05570614519378539,0.04040597481430868,0.04640769910681059,0.02882518286962188,0.04919723293290303
331,0.18343298189759377,0.21573371591932283,0.06420154366415783,0.04945082691709325,0.060186305581145974,0.04057503747043549,0.054184581288644056,0.03512276681034572,0.05672052113054628
332,0.1767972726446163,0.2043088309995646,0.06200372913450923,0.05063426550998095,0.05832661636375101,0.04082863145462571,0.04961988957322006,0.03271362396053862,0.04860551363645918
333,0.17527570873947498,0.20177672378778846,0.06027083690920938,0.04945082691709325,0.06187693214241412,0.03710925301983579,0.04835191965226896,0.03034674677476321,0.04784473168388852
334,0.16293413484221753,0.1822082722248967,0.05748130308311695,0.044125353249098595,0.05105692215029799,0.029247839509938915,0.04260378934395727,0.030008621462509582,0.04260378934395727
335,0.16830187417424386,0.1897798419939344,0.05655145847441946,0.04615410512262037,0.0557906765218488,0.040321443486245265,0.040152380830118455,0.03102299739927047,0.04573144848230334
336,0.1731201598738581,0.1979248575796577,0.059256460972448494,0.04573144848230334,0.05655145847441946,0.042012070047513415,0.04843645098033236,0.03034674677476321,0.04945082691709325
337,0.16090538296869575,0.18016950450887095,0.056974115114736504,0.03634847106726513,0.057988491051497386,0.030008621462509582,0.04294191465621089,0.024429553810324703,0.043195508640401115
338,0.1814464956881037,0.21170401473647035,0.06267997975901649,0.05257848605543932,0.0557906765218488,0.04040597481430868,0.04716848105938126,0.04387175926490837,0.05443817527283428
339,0.16830187417424386,0.19044419446391006,0.05841114769181443,0.04759113769969829,0.056213333162165834,0.03457331317793357,0.04192753871945,0.029924090134446173,0.04463254121747904
340,0.17586742803591884,0.2040291474034818,0.06327169905546035,0.051141453478361396,0.057312240426990124,0.03998331817399164,0.04911270160483962,0.03212190466409476,0.04784473168388852
341,0.17823430522169423,0.20620446742247786,0.06200372913450923,0.04945082691709325,0.05832661636375101,0.04404082192103519,0.05139504746255162,0.030684872087016837,0.05021160886966392
342,0.18060118240746964,0.20983936242295084,0.0615810724941922,0.04894363894871281,0.05680505245860968,0.04040597481430868,0.05054973418191754,0.041166756766879344,0.0546917692570245
343,0.1777271172533138,0.20606571543261926,0.06234185444676286,0.047253012387444664,0.057988491051497386,0.03770097231627964,0.04970442090128348,0.03512276681034572,0.051733172774805256
344,0.1792064154944234,0.2086691081622448,0.062257323118699456,0.04894363894871281,0.06187693214241412,0.04192753871945,0.04852098230839577,0.03322081192891906,0.05139504746255162
345,0.18508134279483024,0.21886729560276993,0.06124294718193857,0.05257848605543932,0.06779412510685263,0.0407441001265623,0.0523248920712491,0.03474237583406039,0.054945363241214726
346,0.17519117741141155,0.20105492530107516,0.06069349354952642,0.04750660637163488,0.05655145847441946,0.036094877083074905,0.048098325668078735,0.03740511266805772,0.048098325668078735
347,0.17734672627702844,0.20411941258648486,0.06060896222146302,0.048859107620649406,0.05680505245860968,0.04378722793684497,0.04699941840325444,0.034150656537616536,0.05198676675899547
348,0.17992493178296237,0.20967703572305493,0.06293357374320671,0.04936629558902984,0.0546917692570245,0.04632316777874718,0.05054973418191754,0.035165032474377425,0.053254736679946575
349,0.1677101548778,0.1902609328661066,0.05874927300406805,0.040067849502055046,0.05570614519378539,0.036094877083074905,0.042012070047513415,0.03347440591310928,0.04759113769969829
350,0.17975586912683558,0.21002098729041221,0.06267997975901649,0.0546917692570245,0.0615388068301605,0.04150488207913297,0.049028170276776216,0.03271362396053862,0.04792926301195192
351,0.1708378140161461,0.193982564997516,0.057988491051497386,0.04454800988941563,0.054269112616707464,0.035165032474377425,0.045308791841986294,0.03546089212259935,0.049028170276776216
352,0.17933321248651854,0.2079268885095704,0.05967911761276553,0.05257848605543932,0.05917192964438509,0.036855659035645576,0.048859107620649406,0.04082863145462571,0.04961988957322006
353,0.18043211975134282,0.21043464739046083,0.06242638577482627,0.05147957879061503,0.05756583441118035,0.04488613520166926,0.04961988957322006,0.03879987958110393,0.04894363894871281
354,0.1580313178145399,0.1748532324695318,0.05646692714635606,0.03871534825304053,0.05088785949417118,0.03195284200796795,0.03871534825304053,0.028487057557368252,0.03888441090916735
355,0.18292579392921335,0.2150494297362123,0.06335623038352375,0.052916611367692955,0.06069349354952642,0.03964519286173801,0.04835191965226896,0.04235019535976704,0.05333926800800999
356,0.17950227514264533,0.20863928656596387,0.0615810724941922,0.04547785449811311,0.06060896222146302,0.039307067549484376,0.052916611367692955,0.03338987458504587,0.05452270660089769
357,0.17688180397267972,0.20424947974965352,0.06069349354952642,0.051141453478361396,0.05376192464832702,0.041251288094942745,0.04835191965226896,0.04082863145462571,0.04759113769969829
358,0.18123516736794518,0.21055501790872577,0.06200372913450923,0.052916611367692955,0.06035536823727279,0.03761644098821623,0.04961988957322006,0.035165032474377425,0.054945363241214726
359,0.17612102202010904,0.20243819729402712,0.05993271159695575,0.04657676176293741,0.05781942839537057,0.03939159887754779,0.04742207504357148,0.03512276681034572,0.052832080039629546
360,0.1696543754232584,0.1928089556703267,0.06060896222146302,0.043195508640401115,0.05528348855346835,0.039307067549484376,0.04268832067202067,0.029501433494129137,0.04666129309100082
361,0.18208048064857923,0.21267924677429967,0.062257323118699456,0.04936629558902984,0.05748130308311695,0.041251288094942745,0.04945082691709325,0.04556238582617652,0.052155829415122285
362,0.18093930771972325,0.21019292236673304,0.06200372913450923,0.05139504746255162,0.05748130308311695,0.041420350751069555,0.05333926800800999,0.03499596981825061,0.05122598480642481
363,0.1767972726446163,0.2040511817528811,0.05984818026889235,0.04961988957322006,0.057988491051497386,0.04387175926490837,0.04945082691709325,0.03296721794472884,0.04894363894871281
364,0.17937547815055022,0.20747683712842177,0.06069349354952642,0.04801379434001533,0.053846455976390435,0.03812362895659668,0.05071879683804437,0.04260378934395727,0.05443817527283428
365,0.16445569874735885,0.18554300714063268,0.05976364894082894,0.042012070047513415,0.05477630058508791,0.035165032474377425,0.039307067549484376,0.02485221045064174,0.04556238582617652
366,0.16758335788570491,0.18946881437102517,0.05841114769181443,0.040997694110752526,0.05680505245860968,0.034911438490187206,0.04674582441906422,0.03060034075895343,0.04277285200008408
367,0.17831883654975764,0.20637775657047616,0.06094708753371664,0.05266301738350273,0.05942552362857531,0.03888441090916735,0.04945082691709325,0.03296721794472884,0.050972390822234585
368,0.16103217996079086,0.1785990221398654,0.05959458628470213,0.039307067549484376,0.04792926301195192,0.03322081192891906,0.042012070047513415,0.025782055059339216,0.04454800988941563
369,0.16792148319795855,0.1894807637391305,0.05781942839537057,0.04378722793684497,0.0546072379289611,0.03710925301983579,0.045308791841986294,0.027641744276734177,0.04784473168388852
370,0.1730778942098264,0.19815306979407948,0.05976364894082894,0.04556238582617652,0.05883380433213146,0.03710925301983579,0.04742207504357148,0.03127659138346069,0.04860551363645918
371,0.1767972726446163,0.20503080834572154,0.06234185444676286,0.0534237993360734,0.057312240426990124,0.039307067549484376,0.04860551363645918,0.03296721794472884,0.04792926301195192
372,0.1780652425655674,0.20548613953028777,0.05951005495663872,0.046238636450683775,0.05748130308311695,0.045308791841986294,0.04784473168388852,0.041166756766879344,0.048774576292586
373,0.1801785257671526,0.21037699739013624,0.06301810507127012,0.05249395472737591,0.06035536823727279,0.039307067549484376,0.049028170276776216,0.034150656537616536,0.05333926800800999
374,0.16724523257345128,0.18896822489024648,0.0581575537076242,0.04057503747043549,0.054269112616707464,0.03668659637951875,0.04480160387360585,0.03186831067990454,0.04573144848230334
375,0.1792064154944234,0.2091570503495254,0.06141200983806538,0.05224036074318569,0.06428607499222123,0.03778550364434305,0.04860551363645918,0.03186831067990454,0.04953535824515666
376,0.181404230024072,0.2107244118693512,0.0615810724941922,0.051733172774805256,0.060186305581145974,0.04260378934395727,0.05054973418191754,0.03546089212259935,0.052155829415122285
377,0.17916414983039172,0.20773263656659277,0.0615810724941922,0.04657676176293741,0.06035536823727279,0.03770097231627964,0.04936629558902984,0.03778550364434305,0.05198676675899547
378,0.1778539142454089,0.20503025049052426,0.0581575537076242,0.04683035574712763,0.06339849604755546,0.03744737833208942,0.045139729185859484,0.037320581339994316,0.05333926800800999
379,0.1776003202612187,0.2046049990746249,0.05942552362857531,0.051141453478361396,0.05959458628470213,0.03744737833208942,0.04784473168388852,0.03740511266805772,0.04894363894871281
380,0.16255374386593216,0.1810902625057536,0.05874927300406805,0.043110977312337706,0.049788952229346886,0.03169924802377773,0.04404082192103519,0.024514085138388108,0.04344910262459133
381,0.17848789920588443,0.20787047130242967,0.06293357374320671,0.04640769910681059,0.057312240426990124,0.039307067549484376,0.05046520285385414,0.03812362895659668,0.05147957879061503
382,0.1801785257671526,0.20896258384392488,0.06035536823727279,0.048182856996142144,0.06035536823727279,0.03668659637951875,0.04716848105938126,0.04581597981036674,0.04860551363645918
383,0.17967133779877215,0.20888593326509391,0.06208826046257264,0.04683035574712763,0.06043989956533619,0.039307067549484376,0.0523248920712491,0.03296721794472884,0.0546917692570245
384,0.18089704205569157,0.21037966950593423,0.06060896222146302,0.05198676675899547,0.06322943339142863,0.044378947233288814,0.048859107620649406,0.03271362396053862,0.052832080039629546
385,0.18326391924146695,0.21349978734090905,0.0615810724941922,0.052916611367692955,0.05908739831632168,0.03710925301983579,0.053170205351883174,0.03546089212259935,0.059256460972448494
386,0.16022913234418848,0.17644674008597572,0.05562161386572198,0.04429441590522541,0.05038067152579073,0.03313628060085565,0.03871534825304053,0.027641744276734177,0.03964519286173801
387,0.16458249573945394,0.18534389787326644,0.05748130308311695,0.039138004893357566,0.05147957879061503,0.03102299739927047,0.041251288094942745,0.03846175426885031,0.043364571296527925
388,0.17848789920588443,0.20772168888457967,0.06141200983806538,0.04454800988941563,0.06411701233609442,0.04167394473525978,0.048859107620649406,0.032037373336031356,0.052832080039629546
389,0.16280733785012239,0.18165445129918412,0.055959739177975615,0.039138004893357566,0.05477630058508791,0.034150656537616536,0.039898786845928236,0.030093152790572987,0.04471707254554245
390,0.17409227014658726,0.1995454863697425,0.05976364894082894,0.04547785449811311,0.05139504746255162,0.037954566300469866,0.04792926301195192,0.041166756766879344,0.049028170276776216
391,0.16018686668015678,0.1783780608765473,0.05655145847441946,0.03787003497240646,0.053001142695756356,0.0314456540395875,0.0406595687984989,0.026204711699656255,0.04497066652973267
392,0.1802207914311843,0.20973706739699452,0.06369435569577737,0.05139504746255162,0.05663598980248287,0.04328003996846452,0.048859107620649406,0.03546089212259935,0.05443817527283428
393,0.17836110221378934,0.2069916693200234,0.06217279179063605,0.05435364394477088,0.057312240426990124,0.040067849502055046,0.04843645098033236,0.032206435992158174,0.05359286199220021
394,0.17857243053394786,0.20780869363421411,0.06267997975901649,0.048182856996142144,0.062130526126604343,0.0395606615336746,0.04919723293290303,0.03195284200796795,0.05257848605543932
395,0.18262993428099142,0.2136166087911298,0.06043989956533619,0.048774576292586,0.06035536823727279,0.03863081692497712,0.05562161386572198,0.0406595687984989,0.05333926800800999
396,0.1629764005062492,0.18334422504050904,0.05841114769181443,0.040067849502055046,0.05452270660089769,0.032375498648284984,0.040152380830118455,0.02544392974708559,0.04640769910681059
397,0.1803053227592477,0.20944522631449067,0.05976364894082894,0.051141453478361396,0.06187693214241412,0.04158941340719638,0.051141453478361396,0.035629954778726165,0.04987348355741029
398,0.17819203955766252,0.20603656603053636,0.06120068151790686,0.048182856996142144,0.0557906765218488,0.039307067549484376,0.04911270160483962,0.03939159887754779,0.05240942339931251
399,0.18043211975134282,0.2090641153505732,0.06052443089339961,0.051733172774805256,0.057312240426990124,0.041251288094942745,0.04961988957322006,0.038208160284660085,0.05528348855346835
400,0.16635765362878552,0.18692380271288173,0.05655145847441946,0.04446347856135222,0.054945363241214726,0.03381253122536291,0.04590051113843015,0.02696549365222692,0.04488613520166926
401,0.1663153879647538,0.18757866427549966,0.05874927300406805,0.042012070047513415,0.051141453478361396,0.038039097628533275,0.043364571296527925,0.027979869588987807,0.04784473168388852
402,0.17988266611893067,0.20841994356744,0.06069349354952642,0.050042546213537105,0.06128521284597027,0.041251288094942745,0.04742207504357148,0.03406612520955313,0.05646692714635606
403,0.18212274631261097,0.21203811853415763,0.06077802487758983,0.04826738832420555,0.05967911761276553,0.04057503747043549,0.05054973418191754,0.0453933231700497,0.05257848605543932
404,0.16555460601218314,0.1875861179026477,0.05976364894082894,0.0395606615336746,0.05655145847441946,0.032375498648284984,0.04251925801589386,0.03186831067990454,0.04395629059297178
405,0.1639485107789784,0.18318673510240732,0.055114425897341536,0.03863081692497712,0.053001142695756356,0.03744737833208942,0.04268832067202067,0.029924090134446173,0.04657676176293741
406,0.1642443704272003,0.18513271309181284,0.06103161886178005,0.03812362895659668,0.0535083306641368,0.03524956380244083,0.03905347356529416,0.027641744276734177,0.045055197857796075
407,0.1647938240596125,0.18524752639357212,0.05756583441118035,0.04057503747043549,0.05333926800800999,0.03448878184987016,0.042012070047513415,0.03102299739927047,0.04463254121747904
408,0.16952757843116328,0.19219114564323378,0.057988491051497386,0.04378722793684497,0.055114425897341536,0.03372799989729951,0.044125353249098595,0.03406612520955313,0.048774576292586
409,0.16335679148253457,0.18381532011269794,0.05874927300406805,0.04057503747043549,0.054945363241214726,0.03871534825304053,0.041251288094942745,0.024429553810324703,0.04277285200008408
410,0.18055891674343794,0.2096678680685017,0.0615810724941922,0.05266301738350273,0.06187693214241412,0.04057503747043549,0.04945082691709325,0.03186831067990454,0.05570614519378539
411,0.17586742803591884,0.2021389479622354,0.05967911761276553,0.049958014885473696,0.05765036573924376,0.037954566300469866,0.04742207504357148,0.034150656537616536,0.05198676675899547
412,0.17379641049836533,0.19908995513262773,0.06077802487758983,0.04894363894871281,0.05748130308311695,0.0360103457550115,0.04454800988941563,0.03579901743485298,0.04387175926490837
413,0.18089704205569157,0.21003908312870478,0.06069349354952642,0.052071298087058876,0.06187693214241412,0.043026445984274304,0.051902235430932066,0.031361122711524095,0.05224036074318569
414,0.18301032525727673,0.21418984307595862,0.0627645110870799,0.05663598980248287,0.0534237993360734,0.04454800988941563,0.04742207504357148,0.04277285200008408,0.052832080039629546
415,0.17633235034026756,0.20330496960406302,0.06069349354952642,0.04894363894871281,0.05781942839537057,0.038292691612723494,0.05046520285385414,0.03271362396053862,0.05147957879061503
416,0.17823430522169423,0.20604120022882635,0.06208826046257264,0.04666129309100082,0.05722770909892672,0.03888441090916735,0.048859107620649406,0.038039097628533275,0.05359286199220021
417,0.1811506360398818,0.21047791670839655,0.06069349354952642,0.0546072379289611,0.06035536823727279,0.04573144848230334,0.049788952229346886,0.034150656537616536,0.04945082691709325
418,0.17912188416636002,0.20739669093872512,0.06027083690920938,0.05359286199220021,0.05917192964438509,0.04150488207913297,0.048182856996142144,0.03288268661666543,0.05443817527283428
419,0.17827657088572593,0.207588156826648,0.06369435569577737,0.05131051613448821,0.05849567901987783,0.03905347356529416,0.048859107620649406,0.03322081192891906,0.052155829415122285
420,0.18089704205569157,0.21161117340555552,0.06259544843095308,0.05063426550998095,0.06010177425308257,0.040067849502055046,0.05046520285385414,0.03888441090916735,0.05156411011867843
421,0.17510664608334817,0.20188807341243978,0.05993271159695575,0.05266301738350273,0.05883380433213146,0.03567222044275786,0.046238636450683775,0.03279815528860202,0.049028170276776216
422,0.15959514738371294,0.17739086345266758,0.05722770909892672,0.03998331817399164,0.05147957879061503,0.029163308181875507,0.03812362895659668,0.030008621462509582,0.04260378934395727
423,0.1651742150358978,0.185775081335555,0.057058646442799905,0.040236912158181856,0.05680505245860968,0.03195284200796795,0.04480160387360585,0.026796430996100105,0.04581597981036674
424,0.18064344807150132,0.21301263447205396,0.05908739831632168,0.04759113769969829,0.07531741330449587,0.036855659035645576,0.04716848105938126,0.030684872087016837,0.04860551363645918
425,0.1803053227592477,0.2095717149360341,0.06149654116612879,0.04683035574712763,0.06306037073530182,0.04547785449811311,0.048859107620649406,0.03322081192891906,0.053170205351883174
426,0.1788260245181381,0.20628043611760583,0.05993271159695575,0.04699941840325444,0.05832661636375101,0.0476756690277617,0.04792926301195192,0.03406612520955313,0.05452270660089769
427,0.1792064154944234,0.20721084545593332,0.0615810724941922,0.0535083306641368,0.05748130308311695,0.0406595687984989,0.048098325668078735,0.034150656537616536,0.05435364394477088
428,0.17062648569598757,0.19441342070559745,0.059256460972448494,0.04640769910681059,0.05773489706730717,0.03169924802377773,0.045139729185859484,0.027641744276734177,0.052155829415122285
429,0.16758335788570491,0.1887379288246658,0.05646692714635606,0.04150488207913297,0.05604427050603902,0.037954566300469866,0.045139729185859484,0.03186831067990454,0.04556238582617652
430,0.17396547315449218,0.19959142371497726,0.05967911761276553,0.04683035574712763,0.05756583441118035,0.03905347356529416,0.04961988957322006,0.03279815528860202,0.04784473168388852
431,0.18579985908336918,0.2191891623351936,0.06344076171158715,0.05164864144674184,0.059002866988258275,0.045308791841986294,0.05376192464832702,0.038039097628533275,0.05773489706730717
432,0.17616328768414077,0.20463132398308953,0.06369435569577737,0.04733754371550807,0.060186305581145974,0.039222536221420974,0.04716848105938126,0.032206435992158174,0.04919723293290303
433,0.16593499698846848,0.18740301172425555,0.057988491051497386,0.0395606615336746,0.0523248920712491,0.03178377935184114,0.047253012387444664,0.0326290926324752,0.04657676176293741
434,0.17929094682248684,0.20770807678871384,0.06120068151790686,0.049788952229346886,0.057312240426990124,0.041420350751069555,0.04945082691709325,0.038039097628533275,0.05147957879061503
435,0.18047438541537453,0.2089868019903054,0.06035536823727279,0.053170205351883174,0.055114425897341536,0.039138004893357566,0.04860551363645918,0.037954566300469866,0.05781942839537057
436,0.17823430522169423,0.2071059727395805,0.06403248100803101,0.04945082691709325,0.05781942839537057,0.04057503747043549,0.04784473168388852,0.03372799989729951,0.054269112616707464
437,0.16145483660110788,0.1804583521102399,0.05638239581829265,0.039307067549484376,0.053001142695756356,0.0290787768538121,0.04387175926490837,0.02781080693286099,0.04471707254554245
438,0.17713539795686994,0.20443069529396252,0.06200372913450923,0.04683035574712763,0.05739677175505354,0.04082863145462571,0.04961988957322006,0.03512276681034572,0.05021160886966392
439,0.16889359347068772,0.19187646919364393,0.05976364894082894,0.04480160387360585,0.0546072379289611,0.039898786845928236,0.04344910262459133,0.027979869588987807,0.04522426051392289
440,0.18077024506359646,0.20937972383601938,0.060017242925019164,0.048182856996142144,0.05367739332026361,0.04860551363645918,0.04860551363645918,0.04260378934395727,0.05224036074318569
441,0.18005172877505748,0.20843657160459103,0.06149654116612879,0.05139504746255162,0.05638239581829265,0.041420350751069555,0.05063426550998095,0.03474237583406039,0.0557906765218488
442,0.18355977888968888,0.21624332423225556,0.06293357374320671,0.05655145847441946,0.06187693214241412,0.041251288094942745,0.04911270160483962,0.03770097231627964,0.051141453478361396
443,0.17840336787782105,0.20630118200315065,0.06149654116612879,0.04860551363645918,0.057312240426990124,0.04158941340719638,0.0523248920712491,0.03186831067990454,0.0535083306641368
444,0.17595195936398222,0.20269847855219258,0.06035536823727279,0.04894363894871281,0.05942552362857531,0.037954566300469866,0.046238636450683775,0.03279815528860202,0.05147957879061503
445,0.17011929772760714,0.1936858909817308,0.05951005495663872,0.04480160387360585,0.057312240426990124,0.036263939739201716,0.043364571296527925,0.03195284200796795,0.04657676176293741
446,0.17531797440350666,0.20186327371856078,0.06208826046257264,0.04750660637163488,0.054184581288644056,0.040067849502055046,0.04961988957322006,0.03406612520955313,0.048859107620649406
447,0.1639485107789784,0.1840293663302202,0.056974115114736504,0.0383772229407869,0.057312240426990124,0.031361122711524095,0.042181132703640226,0.02882518286962188,0.04657676176293741
448,0.17629008467623586,0.2037396549061984,0.06149654116612879,0.048182856996142144,0.06103161886178005,0.038039097628533275,0.048859107620649406,0.03153018536765091,0.04919723293290303
449,0.17210578393709722,0.19643059792365722,0.05942552362857531,0.048182856996142144,0.05570614519378539,0.03744737833208942,0.04716848105938126,0.031107528727333876,0.047083949731317846
450,0.17481078643512624,0.20097485117014444,0.06043989956533619,0.04759113769969829,0.05993271159695575,0.040067849502055046,0.044125353249098595,0.03406612520955313,0.048098325668078735
451,0.17396547315449218,0.19918251596594222,0.05951005495663872,0.04615410512262037,0.05756583441118035,0.03761644098821623,0.04911270160483962,0.031107528727333876,0.05147957879061503
452,0.18089704205569157,0.21025452371075817,0.06043989956533619,0.054860831913151324,0.058918335660194866,0.03998331817399164,0.052155829415122285,0.03512276681034572,0.049788952229346886
453,0.18178462100035733,0.21309905661397002,0.06369435569577737,0.048774576292586,0.057312240426990124,0.04344910262459133,0.05359286199220021,0.03778550364434305,0.050972390822234585
454,0.18089704205569157,0.21001477394585377,0.05908739831632168,0.04919723293290303,0.060186305581145974,0.04057503747043549,0.05139504746255162,0.038208160284660085,0.055198957225404945
455,0.17869922752604298,0.20688589191434473,0.05976364894082894,0.04953535824515666,0.060186305581145974,0.037954566300469866,0.050042546213537105,0.03512276681034572,0.05359286199220021
456,0.17967133779877215,0.20832312902669167,0.06124294718193857,0.051733172774805256,0.05942552362857531,0.0407441001265623,0.045308791841986294,0.038208160284660085,0.053085674023819765
457,0.18262993428099142,0.21248782917508935,0.06052443089339961,0.0523248920712491,0.057988491051497386,0.04328003996846452,0.05131051613448821,0.041335819423006154,0.054100049960580654
458,0.17299336288176298,0.19761386994652969,0.060017242925019164,0.046238636450683775,0.05477630058508791,0.03558768911469446,0.04716848105938126,0.03512276681034572,0.048182856996142144
459,0.17768485158928207,0.20498104463917483,0.06124294718193857,0.04556238582617652,0.05781942839537057,0.043195508640401115,0.04869004496452259,0.03465784450599698,0.05198676675899547
460,0.18098157338375495,0.21001545910912137,0.06120068151790686,0.050042546213537105,0.06035536823727279,0.04488613520166926,0.04961988957322006,0.03296721794472884,0.05604427050603902
461,0.18482774881063999,0.21719412769007385,0.06234185444676286,0.05562161386572198,0.06010177425308257,0.04387175926490837,0.052916611367692955,0.034150656537616536,0.05646692714635606
462,0.17929094682248684,0.2084914575477255,0.06234185444676286,0.05274754871156614,0.06035536823727279,0.040067849502055046,0.04742207504357148,0.031107528727333876,0.055875207849912206
463,0.16407530777107351,0.18394702414499084,0.05655145847441946,0.04057503747043549,0.05147957879061503,0.03305174927279224,0.03871534825304053,0.033305343256982464,0.049028170276776216
464,0.18343298189759377,0.21534564328426803,0.06217279179063605,0.05452270660089769,0.06060896222146302,0.04057503747043549,0.047253012387444664,0.04387175926490837,0.053085674023819765
465,0.17599422502801393,0.20200953053247062,0.05959458628470213,0.048859107620649406,0.057312240426990124,0.04040597481430868,0.04742207504357148,0.03546089212259935,0.04953535824515666
466,0.17853016486991616,0.20631213621080702,0.06027083690920938,0.05131051613448821,0.05917192964438509,0.045308791841986294,0.05021160886966392,0.030177684118636396,0.052155829415122285
467,0.1756560997157603,0.20185929140457934,0.06035536823727279,0.04826738832420555,0.05832661636375101,0.040913162782689125,0.04792926301195192,0.032037373336031356,0.05147957879061503
468,0.16327226015447113,0.18264580642901496,0.05646692714635606,0.04471707254554245,0.054945363241214726,0.03710925301983579,0.04260378934395727,0.022062676624549298,0.04277285200008408
469,0.1767972726446163,0.20364043471369203,0.059256460972448494,0.04573144848230334,0.06035536823727279,0.039307067549484376,0.048098325668078735,0.03448878184987016,0.052832080039629546
470,0.1754025057315701,0.2012086359759088,0.06103161886178005,0.05063426550998095,0.05477630058508791,0.03905347356529416,0.04792926301195192,0.03127659138346069,0.05376192464832702
471,0.1653010120279929,0.18689555524034934,0.05976364894082894,0.03871534825304053,0.05545255120959517,0.03710925301983579,0.041335819423006154,0.025951117715466033,0.04590051113843015
472,0.18579985908336918,0.2189805236142265,0.05976364894082894,0.048098325668078735,0.06445513764834804,0.04547785449811311,0.052916611367692955,0.03905347356529416,0.05883380433213146
473,0.1642443704272003,0.1848642692138094,0.05832661636375101,0.040067849502055046,0.05156411011867843,0.032037373336031356,0.04488613520166926,0.028064400917051213,0.04784473168388852
474,0.17510664608334817,0.20103948366710495,0.06149654116612879,0.04556238582617652,0.05570614519378539,0.043026445984274304,0.045139729185859484,0.034911438490187206,0.04843645098033236
475,0.16204655589755174,0.18157932071890423,0.05832661636375101,0.041420350751069555,0.05240942339931251,0.031361122711524095,0.041082225438815935,0.027641744276734177,0.04277285200008408
476,0.17844563354185275,0.2062785471961511,0.059256460972448494,0.04657676176293741,0.06035536823727279,0.04040597481430868,0.04919723293290303,0.03778550364434305,0.052071298087058876
477,0.16973890675132178,0.19260459806609212,0.05874927300406805,0.04471707254554245,0.05748130308311695,0.03871534825304053,0.045139729185859484,0.027979869588987807,0.04556238582617652
478,0.1685977338224658,0.19123684370172916,0.05908739831632168,0.043195508640401115,0.054184581288644056,0.040067849502055046,0.04370269660878156,0.027641744276734177,0.047083949731317846
479,0.17768485158928207,0.2051707953275222,0.060186305581145974,0.05266301738350273,0.05781942839537057,0.03744737833208942,0.050042546213537105,0.03271362396053862,0.05452270660089769
480,0.16614632530862697,0.1878545985501254,0.05655145847441946,0.0395606615336746,0.06094708753371664,0.03195284200796795,0.043364571296527925,0.027050024980290327,0.04657676176293741
481,0.17853016486991616,0.207433250675418,0.06293357374320671,0.04497066652973267,0.05748130308311695,0.04547785449811311,0.04911270160483962,0.03186831067990454,0.05646692714635606
482,0.17641688166833097,0.20369175852074356,0.0615810724941922,0.048182856996142144,0.059256460972448494,0.040067849502055046,0.04961988957322006,0.03186831067990454,0.04936629558902984
483,0.18060118240746964,0.20955835690250646,0.06120068151790686,0.05147957879061503,0.061961463470477526,0.04057503747043549,0.049028170276776216,0.03322081192891906,0.0557906765218488
484,0.1700347663995437,0.19364411876696422,0.05976364894082894,0.042181132703640226,0.054269112616707464,0.041420350751069555,0.04742207504357148,0.02840252622930484,0.04784473168388852
485,0.17599422502801393,0.2029354384729296,0.06043989956533619,0.04683035574712763,0.05832661636375101,0.039222536221420974,0.05376192464832702,0.032037373336031356,0.04683035574712763
486,0.1776003202612187,0.204941442272593,0.06077802487758983,0.05080332816610777,0.05959458628470213,0.0406595687984989,0.048859107620649406,0.0314456540395875,0.051733172774805256
487,0.17869922752604298,0.20659569685128149,0.05984818026889235,0.04683035574712763,0.06035536823727279,0.0394761302056112,0.045139729185859484,0.037954566300469866,0.056128801834102425
488,0.17493758342722135,0.2007364049267562,0.06149654116612879,0.04801379434001533,0.05359286199220021,0.042181132703640226,0.04961988957322006,0.027979869588987807,0.05224036074318569
489,0.18060118240746964,0.21004912415331004,0.05976364894082894,0.050042546213537105,0.06094708753371664,0.03761644098821623,0.052071298087058876,0.03271362396053862,0.05841114769181443
490,0.17831883654975764,0.206640525804258,0.05967911761276553,0.04961988957322006,0.06187693214241412,0.0395606615336746,0.05038067152579073,0.034150656537616536,0.049958014885473696
491,0.16559687167621484,0.18708395421255547,0.05874927300406805,0.04057503747043549,0.05139504746255162,0.039222536221420974,0.04150488207913297,0.032206435992158174,0.04328003996846452
492,0.17459945811496771,0.20059056589093416,0.06069349354952642,0.045308791841986294,0.05832661636375101,0.038292691612723494,0.049028170276776216,0.03102299739927047,0.053085674023819765
493,0.16415983909913692,0.18474330686056475,0.05866474167600465,0.039138004893357566,0.057143177770863314,0.030008621462509582,0.0394761302056112,0.030008621462509582,0.04615410512262037
494,0.1653010120279929,0.18560788697865718,0.054945363241214726,0.039138004893357566,0.05781942839537057,0.03296721794472884,0.04260378934395727,0.03271362396053862,0.04657676176293741
495,0.18047438541537453,0.210148844994419,0.06234185444676286,0.048774576292586,0.05832661636375101,0.040067849502055046,0.052071298087058876,0.03520729813840912,0.054269112616707464
496,0.17586742803591884,0.2025497792739244,0.05976364894082894,0.04945082691709325,0.055959739177975615,0.04158941340719638,0.04961988957322006,0.03322081192891906,0.049788952229346886
497,0.18216501197664267,0.21280658395901014,0.06293357374320671,0.05376192464832702,0.05832661636375101,0.04277285200008408,0.04894363894871281,0.035629954778726165,0.056128801834102425
498,0.16787921753392684,0.1893016738747446,0.05748130308311695,0.04683035574712763,0.05443817527283428,0.03567222044275786,0.04268832067202067,0.030008621462509582,0.04657676176293741
499,0.18575759341933748,0.2186561709248714,0.06293357374320671,0.05266301738350273,0.05959458628470213,0.04285738332814749,0.05224036074318569,0.04268832067202067,0.05562161386572198
500,0.17878375885410636,0.2066619855724531,0.05976364894082894,0.046238636450683775,0.05781942839537057,0.04860551363645918,0.04860551363645918,0.03939159887754779,0.04657676176293741
501,0.17946000947861365,0.2076520632189612,0.06077802487758983,0.048182856996142144,0.05553708253765858,0.04573144848230334,0.04919723293290303,0.03778550364434305,0.053254736679946575
502,0.18322165357743525,0.21674253042686292,0.06293357374320671,0.05147957879061503,0.06428607499222123,0.04040597481430868,0.05333926800800999,0.03406612520955313,0.053085674023819765
503,0.18351751322565718,0.21448169652113422,0.05984818026889235,0.051733172774805256,0.06306037073530182,0.045055197857796075,0.05266301738350273,0.03347440591310928,0.056213333162165834
504,0.1849968114667668,0.21599852818814633,0.061116150189843454,0.055198957225404945,0.05570614519378539,0.039307067549484376,0.053846455976390435,0.04192753871945,0.05841114769181443
505,0.16280733785012239,0.18222032028169208,0.055959739177975615,0.03981425551786482,0.05359286199220021,0.03279815528860202,0.04260378934395727,0.02696549365222692,0.0453933231700497
506,0.17874149319007468,0.20784249151610645,0.06538498225704552,0.04733754371550807,0.05748130308311695,0.04057503747043549,0.048182856996142144,0.03546089212259935,0.052832080039629546
507,0.16766788921376832,0.1901093912802019,0.05908739831632168,0.03871534825304053,0.053170205351883174,0.03761644098821623,0.04480160387360585,0.03279815528860202,0.04784473168388852
508,0.17295109721773128,0.19786844728711087,0.05951005495663872,0.047253012387444664,0.05781942839537057,0.037954566300469866,0.04683035574712763,0.03102299739927047,0.04919723293290303
509,0.16956984409519496,0.1924069881672766,0.0581575537076242,0.043195508640401115,0.0557906765218488,0.03567222044275786,0.04370269660878156,0.03296721794472884,0.04911270160483962
510,0.17421906713868238,0.1993853630307232,0.06077802487758983,0.048774576292586,0.05359286199220021,0.04082863145462571,0.04860551363645918,0.029839558806382765,0.05257848605543932
511,0.17819203955766252,0.20712110635269526,0.06234185444676286,0.04573144848230334,0.05638239581829265,0.03744737833208942,0.060017242925019164,0.030515809430890026,0.049788952229346886
512,0.16766788921376832,0.18907343608742905,0.05773489706730717,0.04683035574712763,0.05266301738350273,0.036855659035645576,0.042181132703640226,0.031361122711524095,0.045308791841986294
513,0.16356811980269306,0.1840004390007143,0.05874927300406805,0.04454800988941563,0.05139504746255162,0.030008621462509582,0.04294191465621089,0.025359398419022183,0.04522426051392289
514,0.18271446560905483,0.21474723781932334,0.06069349354952642,0.05063426550998095,0.06711787448234537,0.04040597481430868,0.049028170276776216,0.040913162782689125,0.050042546213537105
515,0.17624781901220415,0.2027959628570823,0.06094708753371664,0.05181770410286866,0.057988491051497386,0.03668659637951875,0.04742207504357148,0.032206435992158174,0.05139504746255162
516,0.17709313229283824,0.20391926262872356,0.05883380433213146,0.052916611367692955,0.05773489706730717,0.03710925301983579,0.048182856996142144,0.03879987958110393,0.04919723293290303
517,0.17607875635607734,0.20255993909095144,0.0615810724941922,0.04547785449811311,0.05781942839537057,0.04454800988941563,0.046238636450683775,0.03195284200796795,0.05198676675899547
518,0.18191141799245245,0.2112295117360778,0.06060896222146302,0.05240942339931251,0.05638239581829265,0.04632316777874718,0.05333926800800999,0.034150656537616536,0.05545255120959517
519,0.17848789920588443,0.20771994268872765,0.0627645110870799,0.048774576292586,0.0593409923005119,0.0418430073913866,0.04860551363645918,0.03322081192891906,0.0523248920712491
520,0.18317938791340355,0.21501678818834155,0.06335623038352375,0.049958014885473696,0.05959458628470213,0.041420350751069555,0.04961988957322006,0.037954566300469866,0.05883380433213146
521,0.18355977888968888,0.21586633926998408,0.06310263639933353,0.051141453478361396,0.06052443089339961,0.04057503747043549,0.0546917692570245,0.03546089212259935,0.05604427050603902
522,0.16830187417424386,0.19047027295964633,0.05951005495663872,0.04454800988941563,0.05105692215029799,0.037954566300469866,0.043195508640401115,0.029924090134446173,0.04860551363645918
523,0.17683953830864801,0.20424403504537178,0.06094708753371664,0.048182856996142144,0.05917192964438509,0.03863081692497712,0.04598504246649355,0.03939159887754779,0.04792926301195192
524,0.16191975890545662,0.1808021695509828,0.057058646442799905,0.04057503747043549,0.0535083306641368,0.03102299739927047,0.039138004893357566,0.02975502747831936,0.043195508640401115
525,0.18389790420194252,0.2177867515004561,0.060017242925019164,0.049028170276776216,0.0709217842451987,0.0453933231700497,0.04928176426096644,0.03905347356529416,0.04784473168388852
526,0.17751578893315526,0.20453987520684946,0.06035536823727279,0.04640769910681059,0.05781942839537057,0.04564691715423993,0.05054973418191754,0.031361122711524095,0.05359286199220021
527,0.1837288415458157,0.21485022045692062,0.05976364894082894,0.05063426550998095,0.06306037073530182,0.041335819423006154,0.04953535824515666,0.04429441590522541,0.05452270660089769
528,0.16885132780665602,0.19119212433400506,0.05672052113054628,0.04370269660878156,0.06187693214241412,0.03846175426885031,0.03939159887754779,0.02696549365222692,0.04666129309100082
529,0.17950227514264533,0.20816914501426198,0.06077802487758983,0.046238636450683775,0.06035536823727279,0.041420350751069555,0.05333926800800999,0.031107528727333876,0.057143177770863314
530,0.1811929017039135,0.21187060304951316,0.0638634183519042,0.049028170276776216,0.05917192964438509,0.04404082192103519,0.04716848105938126,0.03888441090916735,0.0534237993360734
531,0.17603649069204563,0.20304041109232074,0.06103161886178005,0.04911270160483962,0.06035536823727279,0.039898786845928236,0.049788952229346886,0.03195284200796795,0.04742207504357148
532,0.1744303954588409,0.20028796683416303,0.05976364894082894,0.04869004496452259,0.05570614519378539,0.039307067549484376,0.04961988957322006,0.03296721794472884,0.04784473168388852
533,0.17506438041931646,0.20079236234003214,0.06027083690920938,0.04759113769969829,0.05629786449022924,0.039307067549484376,0.04843645098033236,0.03520729813840912,0.04784473168388852
534,0.18072797939956475,0.21044988576042098,0.06234185444676286,0.05376192464832702,0.05655145847441946,0.04852098230839577,0.04894363894871281,0.03296721794472884,0.052155829415122285
535,0.15853850578292034,0.17509407980548422,0.05908739831632168,0.038292691612723494,0.04801379434001533,0.02967049615025595,0.039898786845928236,0.02417595982613448,0.04556238582617652
536,0.18089704205569157,0.2095012593750492,0.06060896222146302,0.04911270160483962,0.05942552362857531,0.043195508640401115,0.04961988957322006,0.03613714274710661,0.0546917692570245
537,0.1756138340517286,0.202981970522662,0.0627645110870799,0.04801379434001533,0.05655145847441946,0.039222536221420974,0.047253012387444664,0.03186831067990454,0.053085674023819765
538,0.1770508666288065,0.2041386669773345,0.06043989956533619,0.052155829415122285,0.057312240426990124,0.03871534825304053,0.05054973418191754,0.03186831067990454,0.05257848605543932
539,0.17975586912683558,0.20796734385616766,0.0615810724941922,0.04869004496452259,0.06035536823727279,0.0395606615336746,0.04716848105938126,0.03715151868386749,0.05333926800800999
540,0.17011929772760714,0.19429335333170963,0.05841114769181443,0.04057503747043549,0.0593409923005119,0.03102299739927047,0.04387175926490837,0.039898786845928236,0.043026445984274304
541,0.16458249573945394,0.18336472657189626,0.05765036573924376,0.04446347856135222,0.049958014885473696,0.03195284200796795,0.044125353249098595,0.027979869588987807,0.04497066652973267
542,0.17045742303986075,0.19368204056243618,0.05858021034794124,0.04716848105938126,0.057312240426990124,0.037954566300469866,0.04387175926490837,0.02882518286962188,0.04826738832420555
543,0.17337375385804832,0.19866533725151092,0.06120068151790686,0.048182856996142144,0.05680505245860968,0.04040597481430868,0.04666129309100082,0.03034674677476321,0.04759113769969829
544,0.1685554681584341,0.19128457176625083,0.059256460972448494,0.04683035574712763,0.055114425897341536,0.03440425052180676,0.04268832067202067,0.030515809430890026,0.04497066652973267
545,0.17933321248651854,0.20959331467712855,0.06267997975901649,0.052916611367692955,0.06043989956533619,0.03888441090916735,0.04945082691709325,0.03381253122536291,0.049788952229346886
546,0.17388094182642874,0.19910932720700047,0.05908739831632168,0.048182856996142144,0.0557906765218488,0.039222536221420974,0.04683035574712763,0.034150656537616536,0.046069573794556964
547,0.17946000947861365,0.20788061055681792,0.06124294718193857,0.05249395472737591,0.058918335660194866,0.042181132703640226,0.04961988957322006,0.03195284200796795,0.05452270660089769
548,0.1651319493718661,0.18585932160730884,0.05874927300406805,0.04429441590522541,0.0546072379289611,0.03288268661666543,0.0383772229407869,0.027641744276734177,0.04657676176293741
549,0.16576593433234166,0.1848516789840912,0.05655145847441946,0.043195508640401115,0.05038067152579073,0.03617940841113831,0.04547785449811311,0.027472681620607363,0.04657676176293741
550,0.17464172377899942,0.20075096240654242,0.06060896222146302,0.04497066652973267,0.05781942839537057,0.036855659035645576,0.049028170276776216,0.03271362396053862,0.05224036074318569
551,0.17984040045489896,0.20820781179090078,0.05967911761276553,0.05274754871156614,0.06035536823727279,0.03871534825304053,0.04784473168388852,0.03770097231627964,0.0535083306641368
552,0.1780652425655674,0.20569740496761657,0.060017242925019164,0.04894363894871281,0.05553708253765858,0.04395629059297178,0.052916611367692955,0.03322081192891906,0.05021160886966392
553,0.1779384455734723,0.20498061288685845,0.06043989956533619,0.04683035574712763,0.05858021034794124,0.04564691715423993,0.04961988957322006,0.03127659138346069,0.05393098730445384
554,0.18165782400826222,0.21307466492610075,0.06293357374320671,0.051141453478361396,0.059002866988258275,0.04175847606332319,0.05063426550998095,0.04082863145462571,0.05139504746255162
555,0.17747352326912355,0.20473813837798852,0.06035536823727279,0.04911270160483962,0.058918335660194866,0.04590051113843015,0.04784473168388852,0.03322081192891906,0.049028170276776216
556,0.16407530777107351,0.1835246824367434,0.05629786449022924,0.04370269660878156,0.05122598480642481,0.04040597481430868,0.0395606615336746,0.02527486709095877,0.0453933231700497
557,0.17350055085014343,0.19875100709438645,0.060186305581145974,0.04801379434001533,0.055114425897341536,0.039307067549484376,0.05054973418191754,0.030684872087016837,0.04792926301195192
558,0.17717766362090165,0.20442184053468918,0.0615810724941922,0.048859107620649406,0.05266301738350273,0.04387175926490837,0.048859107620649406,0.03871534825304053,0.048098325668078735
559,0.1755715683876969,0.20208071254602913,0.0615810724941922,0.04547785449811311,0.05570614519378539,0.04057503747043549,0.04961988957322006,0.03279815528860202,0.053085674023819765
560,0.16551234034815143,0.18686044580066732,0.06043989956533619,0.04446347856135222,0.05156411011867843,0.03313628060085565,0.04150488207913297,0.03060034075895343,0.04251925801589386
561,0.1671184355813562,0.18959251958334583,0.06069349354952642,0.0418430073913866,0.056128801834102425,0.03178377935184114,0.044125353249098595,0.030431278102826618,0.04454800988941563
562,0.16707616991732446,0.18918212059860467,0.05858021034794124,0.04370269660878156,0.05367739332026361,0.031361122711524095,0.042181132703640226,0.03389706255342632,0.04657676176293741
563,0.17637461600429927,0.20305076646367104,0.06043989956533619,0.052071298087058876,0.05917192964438509,0.03744737833208942,0.04716848105938126,0.029924090134446173,0.053085674023819765
564,0.17743125760509187,0.20654767988041853,0.0638634183519042,0.05257848605543932,0.06035536823727279,0.03710925301983579,0.04776020035582511,0.031361122711524095,0.048859107620649406
565,0.1766282099884895,0.20341712153677047,0.06120068151790686,0.04742207504357148,0.05655145847441946,0.04057503747043549,0.04961988957322006,0.035629954778726165,0.04894363894871281
566,0.17954454080667703,0.20775947958863508,0.06069349354952642,0.05249395472737591,0.05545255120959517,0.04192753871945,0.052832080039629546,0.037489643996121126,0.048098325668078735
567,0.16187749324142492,0.18061939894171072,0.05655145847441946,0.03778550364434305,0.05139504746255162,0.03364346856923609,0.04378722793684497,0.026204711699656255,0.04581597981036674
568,0.18491228013870342,0.22017304540970148,0.06403248100803101,0.04894363894871281,0.0686394383874867,0.04547785449811311,0.04961988957322006,0.03381253122536291,0.05528348855346835
569,0.17366961350627025,0.20050974652143028,0.06310263639933353,0.048774576292586,0.054269112616707464,0.03660206505145535,0.04733754371550807,0.03296721794472884,0.047083949731317846
570,0.16268054085802727,0.18005795580854966,0.05655145847441946,0.04150488207913297,0.049788952229346886,0.03355893724117268,0.039898786845928236,0.029924090134446173,0.046069573794556964
571,0.18098157338375495,0.2113385200951509,0.06267997975901649,0.05021160886966392,0.058918335660194866,0.03761644098821623,0.0523248920712491,0.035629954778726165,0.053846455976390435
572,0.1755293027236652,0.20158559594750552,0.06077802487758983,0.052916611367692955,0.054015518632517245,0.039222536221420974,0.04716848105938126,0.03186831067990454,0.05257848605543932
573,0.16673804460507083,0.18777291965594978,0.05655145847441946,0.04344910262459133,0.05570614519378539,0.028994245525748693,0.041420350751069555,0.029924090134446173,0.053085674023819765
574,0.16572366866830995,0.1885403180985155,0.06251091710288967,0.03787003497240646,0.05266301738350273,0.03305174927279224,0.03863081692497712,0.03398159388148972,0.04522426051392289
575,0.17650141299639438,0.20332982617268752,0.06043989956533619,0.04573144848230334,0.06035536823727279,0.04404082192103519,0.04961988957322006,0.03186831067990454,0.04860551363645918
576,0.16508968370783442,0.1855105975842447,0.05841114769181443,0.04632316777874718,0.05240942339931251,0.0326290926324752,0.03905347356529416,0.030008621462509582,0.04488613520166926
577,0.1627650721860907,0.18178494322467642,0.056974115114736504,0.040067849502055046,0.053001142695756356,0.03558768911469446,0.03770097231627964,0.02840252622930484,0.04556238582617652
578,0.18537720244305214,0.21813358792095996,0.06234185444676286,0.053001142695756356,0.06077802487758983,0.04547785449811311,0.05029614019772733,0.04260378934395727,0.05528348855346835
579,0.1828412626011499,0.212951214466874,0.060017242925019164,0.05266301738350273,0.05781942839537057,0.04953535824515666,0.0523248920712491,0.03778550364434305,0.050042546213537105
580,0.1745149267869043,0.19995093338667524,0.06043989956533619,0.04640769910681059,0.05739677175505354,0.041251288094942745,0.04852098230839577,0.030515809430890026,0.05139504746255162
581,0.1776003202612187,0.20634038171002317,0.06267997975901649,0.05181770410286866,0.058918335660194866,0.039898786845928236,0.04776020035582511,0.03271362396053862,0.049958014885473696
582,0.1662308566366904,0.18746293506466313,0.05858021034794124,0.04251925801589386,0.05122598480642481,0.03364346856923609,0.042434726687830444,0.03119206005539728,0.04843645098033236
583,0.17962907213474044,0.20949697423105137,0.06217279179063605,0.048182856996142144,0.059002866988258275,0.04167394473525978,0.04961988957322006,0.03879987958110393,0.05021160886966392
584,0.17650141299639438,0.2036185418982466,0.060017242925019164,0.05435364394477088,0.058918335660194866,0.037954566300469866,0.04716848105938126,0.03186831067990454,0.049788952229346886
585,0.17569836537979203,0.20244084176498675,0.06077802487758983,0.04666129309100082,0.061792400814350716,0.041082225438815935,0.04716848105938126,0.03296721794472884,0.04699941840325444
586,0.18216501197664267,0.21232583708227562,0.06200372913450923,0.04961988957322006,0.058918335660194866,0.0418430073913866,0.05063426550998095,0.037954566300469866,0.056974115114736504
587,0.17523344307544328,0.2015245231189326,0.06043989956533619,0.04454800988941563,0.05773489706730717,0.0395606615336746,0.04488613520166926,0.037954566300469866,0.049788952229346886
588,0.17392320749046045,0.1989192080874095,0.06094708753371664,0.04759113769969829,0.05604427050603902,0.03744737833208942,0.047083949731317846,0.02975502747831936,0.05333926800800999
589,0.18127743303197688,0.2105674472414583,0.0615810724941922,0.051733172774805256,0.059002866988258275,0.04328003996846452,0.051141453478361396,0.03322081192891906,0.055029894569278134
590,0.1792064154944234,0.20851939403089703,0.06267997975901649,0.051733172774805256,0.0593409923005119,0.042012070047513415,0.049788952229346886,0.031361122711524095,0.052155829415122285
591,0.1790373528382966,0.208535334569569,0.06251091710288967,0.051141453478361396,0.06010177425308257,0.037954566300469866,0.049028170276776216,0.034150656537616536,0.053254736679946575
592,0.18072797939956475,0.2095236285128596,0.06200372913450923,0.05266301738350273,0.05883380433213146,0.04353363395265475,0.04716848105938126,0.03347440591310928,0.05722770909892672
593,0.17848789920588443,0.20747912189589826,0.0627645110870799,0.04657676176293741,0.059002866988258275,0.04057503747043549,0.04843645098033236,0.034911438490187206,0.05452270660089769
594,0.18525040545095703,0.21678716652316052,0.0615810724941922,0.056974115114736504,0.06187693214241412,0.04353363395265475,0.05105692215029799,0.03296721794472884,0.05883380433213146
595,0.1744726611228726,0.20038125966658468,0.05942552362857531,0.05224036074318569,0.058918335660194866,0.03694019036370898,0.04598504246649355,0.027979869588987807,0.04970442090128348
596,0.17937547815055022,0.20787106488636736,0.0615810724941922,0.051733172774805256,0.05832661636375101,0.04175847606332319,0.04742207504357148,0.03939159887754779,0.04919723293290303
597,0.18038985408731112,0.2105599468205622,0.06217279179063605,0.049028170276776216,0.0557906765218488,0.0418430073913866,0.051141453478361396,0.04040597481430868,0.052071298087058876
598,0.17857243053394786,0.20695545894469652,0.05976364894082894,0.04945082691709325,0.06035536823727279,0.041420350751069555,0.051902235430932066,0.03296721794472884,0.049958014885473696
599,0.17895282151023317,0.20734445595462636,0.06149654116612879,0.049788952229346886,0.06187693214241412,0.03972972418980142,0.04945082691709325,0.031107528727333876,0.054100049960580654
600,0.16931625011100476,0.1916631829810202,0.0581575537076242,0.04547785449811311,0.053254736679946575,0.03770097231627964,0.04683035574712763,0.0278953382609244,0.04860551363645918
601,0.1801362601031209,0.20866582424493604,0.061327478510001976,0.05139504746255162,0.057312240426990124,0.04328003996846452,0.05164864144674184,0.032206435992158174,0.055875207849912206
602,0.16585046566040507,0.1863135732107865,0.057312240426990124,0.040997694110752526,0.05545255120959517,0.03972972418980142,0.0383772229407869,0.029924090134446173,0.04716848105938126
603,0.17016156339163882,0.1932532152324966,0.05874927300406805,0.049028170276776216,0.054945363241214726,0.03474237583406039,0.045139729185859484,0.028487057557368252,0.04776020035582511
604,0.1802207914311843,0.20898935982295422,0.06077802487758983,0.04640769910681059,0.05883380433213146,0.04040597481430868,0.05376192464832702,0.034150656537616536,0.05722770909892672
605,0.17891055584620147,0.20819492979729667,0.0627645110870799,0.05105692215029799,0.058918335660194866,0.04463254121747904,0.04683035574712763,0.032375498648284984,0.05274754871156614
606,0.1776003202612187,0.2049176415577929,0.06043989956533619,0.05274754871156614,0.054269112616707464,0.03677112770758216,0.049028170276776216,0.03846175426885031,0.05147957879061503
607,0.17016156339163882,0.19356954835106513,0.05967911761276553,0.04378722793684497,0.05553708253765858,0.03457331317793357,0.04683035574712763,0.03195284200796795,0.04657676176293741
608,0.18110837037585006,0.21039490131767294,0.060017242925019164,0.04573144848230334,0.06035536823727279,0.04150488207913297,0.04961988957322006,0.04581597981036674,0.05012707754160051
609,0.17375414483433363,0.1993857767891757,0.06027083690920938,0.0453933231700497,0.057312240426990124,0.038292691612723494,0.04961988957322006,0.03347440591310928,0.04759113769969829
610,0.17730446061299676,0.20610880229293932,0.06293357374320671,0.052071298087058876,0.05883380433213146,0.03871534825304053,0.04911270160483962,0.0314456540395875,0.04953535824515666
611,0.18127743303197688,0.2116015196376737,0.0638634183519042,0.046238636450683775,0.06035536823727279,0.04387175926490837,0.04970442090128348,0.03613714274710661,0.05452270660089769
612,0.17895282151023317,0.20733169846433264,0.06120068151790686,0.05063426550998095,0.06035536823727279,0.04353363395265475,0.04961988957322006,0.03296721794472884,0.049788952229346886
613,0.1776003202612187,0.20626614202586654,0.06293357374320671,0.0557906765218488,0.05655145847441946,0.04040597481430868,0.046238636450683775,0.029924090134446173,0.053170205351883174
614,0.16720296690941958,0.1891478529717048,0.05908739831632168,0.040997694110752526,0.05570614519378539,0.035165032474377425,0.04328003996846452,0.029501433494129137,0.04556238582617652
615,0.18199594932051585,0.21207513847081763,0.06060896222146302,0.04759113769969829,0.06077802487758983,0.04353363395265475,0.04953535824515666,0.04260378934395727,0.05240942339931251
616,0.17840336787782105,0.20641000110594065,0.0615810724941922,0.05071879683804437,0.055114425897341536,0.040913162782689125,0.048859107620649406,0.0383772229407869,0.050972390822234585
617,0.18203821498454756,0.21266184396320092,0.0615810724941922,0.049958014885473696,0.06229958878273116,0.036855659035645576,0.052155829415122285,0.03879987958110393,0.05139504746255162
618,0.1850390771307985,0.21693974112361578,0.06267997975901649,0.0546917692570245,0.06069349354952642,0.04471707254554245,0.048182856996142144,0.03740511266805772,0.05832661636375101
619,0.17747352326912355,0.20479042831572236,0.05976364894082894,0.04945082691709325,0.05655145847441946,0.04328003996846452,0.04835191965226896,0.03939159887754779,0.049028170276776216
620,0.17827657088572593,0.20611839511271657,0.060186305581145974,0.05181770410286866,0.057143177770863314,0.04285738332814749,0.05249395472737591,0.03271362396053862,0.04894363894871281
621,0.1885471272454299,0.2269121607032057,0.06420154366415783,0.054860831913151324,0.06982287698037441,0.037954566300469866,0.054184581288644056,0.04378722793684497,0.04860551363645918
622,0.17984040045489896,0.20856440173133017,0.0615810724941922,0.05021160886966392,0.06035536823727279,0.041420350751069555,0.04961988957322006,0.03338987458504587,0.05443817527283428
623,0.16534327769202461,0.1855105064290742,0.05553708253765858,0.04573144848230334,0.05477630058508791,0.03195284200796795,0.04260378934395727,0.027979869588987807,0.04657676176293741
624,0.1677101548778,0.18928878719918205,0.05655145847441946,0.04167394473525978,0.0557906765218488,0.0407441001265623,0.04615410512262037,0.027472681620607363,0.04598504246649355
625,0.17362734784223852,0.19995713091567296,0.06217279179063605,0.048182856996142144,0.05680505245860968,0.0395606615336746,0.04564691715423993,0.029501433494129137,0.049028170276776216
626,0.17857243053394786,0.20750575330896576,0.06251091710288967,0.048182856996142144,0.0557906765218488,0.04387175926490837,0.05029614019772733,0.03322081192891906,0.05435364394477088
627,0.18178462100035733,0.2112483089644057,0.0615810724941922,0.04776020035582511,0.05841114769181443,0.05046520285385414,0.04784473168388852,0.03939159887754779,0.05240942339931251
628,0.1858843904114326,0.21811399698385264,0.06124294718193857,0.055198957225404945,0.06035536823727279,0.03846175426885031,0.052832080039629546,0.043364571296527925,0.05646692714635606
629,0.18309485658534014,0.2151849173871964,0.0615810724941922,0.04547785449811311,0.06584990456139427,0.03710925301983579,0.054015518632517245,0.03474237583406039,0.0557906765218488
630,0.1811929017039135,0.2120446953532695,0.0627645110870799,0.04860551363645918,0.05781942839537057,0.039222536221420974,0.05376192464832702,0.038208160284660085,0.05198676675899547
631,0.17874149319007468,0.20614746110648646,0.06027083690920938,0.04869004496452259,0.060186305581145974,0.04175847606332319,0.045139729185859484,0.037574175324184535,0.052071298087058876
632,0.1700347663995437,0.1931140973168762,0.05874927300406805,0.044378947233288814,0.05832661636375101,0.040321443486245265,0.04251925801589386,0.02967049615025595,0.04615410512262037
633,0.17590969369995052,0.20386671605645815,0.06234185444676286,0.04683035574712763,0.05832661636375101,0.03770097231627964,0.04919723293290303,0.03431971919374335,0.049028170276776216
634,0.17726219494896506,0.20414303745949264,0.05967911761276553,0.048774576292586,0.058918335660194866,0.04463254121747904,0.04784473168388852,0.03465784450599698,0.04784473168388852
635,0.17971360346280385,0.20820604797417894,0.06077802487758983,0.051141453478361396,0.05781942839537057,0.04328003996846452,0.05266301738350273,0.034235187865679945,0.049788952229346886
636,0.1792064154944234,0.20921992221193209,0.06538498225704552,0.048182856996142144,0.06035536823727279,0.03744737833208942,0.048182856996142144,0.03406612520955313,0.053085674023819765
637,0.1859266560754643,0.21841223902434956,0.0615810724941922,0.052916611367692955,0.0626377140949848,0.045308791841986294,0.054184581288644056,0.03879987958110393,0.05443817527283428
638,0.1858421247474009,0.2210012604832476,0.0638634183519042,0.052916611367692955,0.06754053112266241,0.041251288094942745,0.04928176426096644,0.04192753871945,0.05147957879061503
639,0.17033062604776564,0.19355675261913496,0.057988491051497386,0.05663598980248287,0.053001142695756356,0.03355893724117268,0.04260378934395727,0.029501433494129137,0.04556238582617652
640,0.17278203456160446,0.1966347959172167,0.05841114769181443,0.04826738832420555,0.05147957879061503,0.04353363395265475,0.049028170276776216,0.029924090134446173,0.050972390822234585
641,0.18444735783435467,0.21594094870336467,0.06149654116612879,0.05021160886966392,0.06339849604755546,0.041335819423006154,0.04936629558902984,0.041335819423006154,0.057143177770863314
642,0.1792486811584551,0.20822704011882306,0.06069349354952642,0.048182856996142144,0.06187693214241412,0.039222536221420974,0.04683035574712763,0.041082225438815935,0.048774576292586
643,0.16098991429675913,0.17951549603440298,0.055875207849912206,0.03871534825304053,0.05147957879061503,0.0326290926324752,0.042434726687830444,0.027979869588987807,0.044378947233288814
644,0.16521648069992953,0.18543868063930902,0.05739677175505354,0.04463254121747904,0.05333926800800999,0.03322081192891906,0.04057503747043549,0.027134556308353732,0.04640769910681059
645,0.17717766362090165,0.20476172993176422,0.0593409923005119,0.048098325668078735,0.06272224542304819,0.04049050614237208,0.04936629558902984,0.03338987458504587,0.04843645098033236
646,0.16179296191336154,0.180739941684157,0.05655145847441946,0.04057503747043549,0.05156411011867843,0.030515809430890026,0.043195508640401115,0.027641744276734177,0.04471707254554245
647,0.181404230024072,0.2125252359571715,0.06437060632028463,0.05266301738350273,0.06035536823727279,0.04057503747043549,0.04970442090128348,0.035165032474377425,0.053001142695756356
648,0.16673804460507083,0.1875406384081558,0.056974115114736504,0.04463254121747904,0.054269112616707464,0.03195284200796795,0.045308791841986294,0.030684872087016837,0.04683035574712763
649,0.17971360346280385,0.2081697856924105,0.06094708753371664,0.051733172774805256,0.05781942839537057,0.039222536221420974,0.049788952229346886,0.03879987958110393,0.053085674023819765
650,0.16204655589755174,0.18127296774353327,0.05646692714635606,0.040152380830118455,0.05655145847441946,0.030008621462509582,0.041335819423006154,0.030684872087016837,0.041420350751069555
651,0.18296805959324502,0.21352340707705295,0.0615810724941922,0.05266301738350273,0.06187693214241412,0.04328003996846452,0.04961988957322006,0.039307067549484376,0.05257848605543932
652,0.17747352326912355,0.20496707099638403,0.06043989956533619,0.048182856996142144,0.05333926800800999,0.0418430073913866,0.04961988957322006,0.03981425551786482,0.04987348355741029
653,0.1792064154944234,0.20882258613697285,0.05908739831632168,0.048774576292586,0.06352529303965056,0.037278315675962605,0.045139729185859484,0.04082863145462571,0.05038067152579073
654,0.17781164858137719,0.20514948954137993,0.06060896222146302,0.04666129309100082,0.05832661636375101,0.04057503747043549,0.05021160886966392,0.03406612520955313,0.055875207849912206
655,0.17396547315449218,0.19957791017745505,0.05908739831632168,0.04454800988941563,0.06043989956533619,0.04632316777874718,0.045139729185859484,0.029839558806382765,0.0476756690277617
656,0.17814977389363082,0.20617797517336242,0.06124294718193857,0.052916611367692955,0.05739677175505354,0.037193784347899196,0.05105692215029799,0.034150656537616536,0.04945082691709325
657,0.18161555834423052,0.21119180368485518,0.06120068151790686,0.04894363894871281,0.06035536823727279,0.043026445984274304,0.05333926800800999,0.03102299739927047,0.05781942839537057
658,0.1674565608936098,0.18916430951376742,0.05748130308311695,0.040997694110752526,0.058918335660194866,0.03406612520955313,0.04158941340719638,0.029839558806382765,0.048182856996142144
659,0.17650141299639438,0.20364094356443874,0.05993271159695575,0.04759113769969829,0.06043989956533619,0.0418430073913866,0.04683035574712763,0.0326290926324752,0.05147957879061503
660,0.17637461600429927,0.20343573641863869,0.06149654116612879,0.04683035574712763,0.05917192964438509,0.041420350751069555,0.046238636450683775,0.03322081192891906,0.05088785949417118
661,0.1769240696367114,0.20409844146276854,0.0615810724941922,0.04919723293290303,0.0581575537076242,0.04175847606332319,0.048098325668078735,0.03271362396053862,0.05080332816610777
662,0.15798905215050818,0.17402447462823328,0.05604427050603902,0.0394761302056112,0.05038067152579073,0.03102299739927047,0.03863081692497712,0.026035649043529438,0.04277285200008408
663,0.17616328768414077,0.2027156287139942,0.060017242925019164,0.05266301738350273,0.05781942839537057,0.040067849502055046,0.049028170276776216,0.030431278102826618,0.050972390822234585
664,0.18161555834423052,0.21049614437686678,0.060186305581145974,0.05257848605543932,0.055198957225404945,0.041420350751069555,0.048774576292586,0.045055197857796075,0.053846455976390435
665,0.17937547815055022,0.20665425943713303,0.05858021034794124,0.05240942339931251,0.0546917692570245,0.039307067549484376,0.05266301738350273,0.03740511266805772,0.05452270660089769
666,0.1803475884232794,0.20874097379562806,0.05908739831632168,0.05435364394477088,0.05917192964438509,0.041251288094942745,0.04843645098033236,0.03499596981825061,0.05536801988153176
667,0.1673297639015147,0.1896637893809326,0.05967911761276553,0.04328003996846452,0.05545255120959517,0.03448878184987016,0.04268832067202067,0.02628924302771966,0.04784473168388852
668,0.18254540295292798,0.21584199519383618,0.06344076171158715,0.05536801988153176,0.06538498225704552,0.041420350751069555,0.04911270160483962,0.03186831067990454,0.053085674023819765
669,0.18482774881063999,0.2160076881188547,0.0616656038222556,0.04894363894871281,0.060186305581145974,0.04192753871945,0.049788952229346886,0.044378947233288814,0.0581575537076242
670,0.17654367866042608,0.20353516855460682,0.06043989956533619,0.04547785449811311,0.05739677175505354,0.0394761302056112,0.04860551363645918,0.038039097628533275,0.04987348355741029
671,0.18423602951419613,0.21616861717179428,0.0627645110870799,0.05266301738350273,0.05781942839537057,0.04488613520166926,0.05054973418191754,0.0418430073913866,0.056128801834102425
672,0.17468398944303112,0.1999072713005642,0.05849567901987783,0.05257848605543932,0.0557906765218488,0.036855659035645576,0.04674582441906422,0.03186831067990454,0.05333926800800999
673,0.17967133779877215,0.20942578732605896,0.06234185444676286,0.05376192464832702,0.05756583441118035,0.038292691612723494,0.052916611367692955,0.03169924802377773,0.053085674023819765
674,0.17734672627702844,0.20448632455571703,0.060017242925019164,0.05198676675899547,0.05748130308311695,0.040913162782689125,0.04945082691709325,0.03338987458504587,0.05105692215029799
675,0.1776003202612187,0.20520680103624409,0.06043989956533619,0.04454800988941563,0.05562161386572198,0.04674582441906422,0.04860551363645918,0.03879987958110393,0.049788952229346886
676,0.17865696186201127,0.2074850410186899,0.06035536823727279,0.0557906765218488,0.06043989956533619,0.040067849502055046,0.04961988957322006,0.032206435992158174,0.04911270160483962
677,0.18330618490549866,0.21581348219777197,0.06318716772739694,0.04894363894871281,0.05638239581829265,0.04564691715423993,0.048182856996142144,0.0488168419566177,0.052155829415122285
678,0.1801362601031209,0.2118926844308096,0.0627645110870799,0.04945082691709325,0.06538498225704552,0.039222536221420974,0.04945082691709325,0.032037373336031356,0.05181770410286866
679,0.17536024006753836,0.20106356664362937,0.057988491051497386,0.04657676176293741,0.059256460972448494,0.04082863145462571,0.04970442090128348,0.030684872087016837,0.05435364394477088
680,0.1778539142454089,0.20690792953520787,0.06369435569577737,0.05240942339931251,0.057312240426990124,0.040067849502055046,0.049788952229346886,0.03186831067990454,0.05088785949417118
681,0.17738899194106014,0.20418033618040504,0.06077802487758983,0.05147957879061503,0.05122598480642481,0.041251288094942745,0.05131051613448821,0.03448878184987016,0.052155829415122285
682,0.1801362601031209,0.20863336597785703,0.06043989956533619,0.04573144848230334,0.057058646442799905,0.04632316777874718,0.04860551363645918,0.043195508640401115,0.049958014885473696
683,0.1604827263283787,0.17986425500639203,0.05976364894082894,0.03660206505145535,0.05477630058508791,0.035080501146314017,0.039898786845928236,0.02358424052969063,0.04192753871945
684,0.17168312729678017,0.19570070155033312,0.059256460972448494,0.046238636450683775,0.05562161386572198,0.03558768911469446,0.04776020035582511,0.03186831067990454,0.04860551363645918
685,0.1662308566366904,0.18936645167605975,0.06284904241514332,0.041420350751069555,0.05156411011867843,0.03558768911469446,0.04277285200008408,0.028064400917051213,0.04395629059297178
686,0.17789617990944062,0.20543921765416667,0.06043989956533619,0.05198676675899547,0.0557906765218488,0.038968942237230755,0.05063426550998095,0.03296721794472884,0.05452270660089769
687,0.1815310270161671,0.21229141958555534,0.0627645110870799,0.05038067152579073,0.060186305581145974,0.03770097231627964,0.04970442090128348,0.03770097231627964,0.055875207849912206
688,0.17637461600429927,0.20289056668530273,0.05967911761276553,0.05088785949417118,0.05553708253765858,0.040913162782689125,0.049028170276776216,0.034150656537616536,0.050972390822234585
689,0.17607875635607734,0.20514521252844237,0.060186305581145974,0.04547785449811311,0.06838584440329648,0.03668659637951875,0.04742207504357148,0.027134556308353732,0.04860551363645918
690,0.18081251072762813,0.209867436742095,0.06043989956533619,0.05359286199220021,0.05722770909892672,0.04590051113843015,0.05063426550998095,0.03406612520955313,0.05452270660089769
691,0.18237634029680116,0.21156826314864108,0.0615810724941922,0.050042546213537105,0.05748130308311695,0.04919723293290303,0.04961988957322006,0.03740511266805772,0.05452270660089769
692,0.18224954330470608,0.2122067121243979,0.06234185444676286,0.04776020035582511,0.05832661636375101,0.048182856996142144,0.04860551363645918,0.0360526114190432,0.05646692714635606
693,0.17066875136001927,0.19402834041955258,0.05874927300406805,0.04344910262459133,0.055198957225404945,0.039222536221420974,0.04260378934395727,0.03465784450599698,0.04657676176293741
694,0.18000946311102578,0.20848380396231797,0.06124294718193857,0.0523248920712491,0.06094708753371664,0.045308791841986294,0.04598504246649355,0.031361122711524095,0.053846455976390435
695,0.1788682901821698,0.20637335310303842,0.06094708753371664,0.04666129309100082,0.05266301738350273,0.04615410512262037,0.0523248920712491,0.03457331317793357,0.054100049960580654
696,0.16052499199241038,0.17981722625795607,0.05841114769181443,0.03871534825304053,0.05528348855346835,0.029247839509938915,0.04049050614237208,0.026035649043529438,0.04251925801589386
697,0.18322165357743525,0.21496864508208552,0.0627645110870799,0.04945082691709325,0.05680505245860968,0.041420350751069555,0.0535083306641368,0.040236912158181856,0.05773489706730717
698,0.18398243553000593,0.21546423661472477,0.06234185444676286,0.053001142695756356,0.060186305581145974,0.04581597981036674,0.050042546213537105,0.03499596981825061,0.05781942839537057
699,0.1802207914311843,0.21023241966357356,0.06242638577482627,0.05240942339931251,0.06035536823727279,0.04040597481430868,0.04488613520166926,0.03879987958110393,0.053170205351883174
700,0.18077024506359646,0.21019067288861507,0.06120068151790686,0.050042546213537105,0.05832661636375101,0.03905347356529416,0.052155829415122285,0.03939159887754779,0.05257848605543932
701,0.18072797939956475,0.2096458152208916,0.06103161886178005,0.04894363894871281,0.055875207849912206,0.04192753871945,0.055029894569278134,0.03571448610678957,0.05333926800800999
702,0.1767972726446163,0.20573987143319603,0.06310263639933353,0.04556238582617652,0.06060896222146302,0.03888441090916735,0.04784473168388852,0.03372799989729951,0.049958014885473696
703,0.1813619643600403,0.21219855210979888,0.06284904241514332,0.053170205351883174,0.061792400814350716,0.04463254121747904,0.04970442090128348,0.03186831067990454,0.052832080039629546
704,0.1769240696367114,0.20390925682427236,0.05883380433213146,0.04869004496452259,0.05739677175505354,0.037954566300469866,0.05071879683804437,0.03879987958110393,0.04928176426096644
705,0.17700860096477483,0.2043188997337975,0.060017242925019164,0.04683035574712763,0.05883380433213146,0.042012070047513415,0.05139504746255162,0.031107528727333876,0.05224036074318569
706,0.17865696186201127,0.2063981743149449,0.06208826046257264,0.05063426550998095,0.0557906765218488,0.04378722793684497,0.04835191965226896,0.03271362396053862,0.055875207849912206
707,0.1767972726446163,0.2052066991165081,0.0638634183519042,0.04860551363645918,0.05722770909892672,0.034150656537616536,0.04961988957322006,0.034150656537616536,0.05122598480642481
708,0.17937547815055022,0.2076795865694983,0.06060896222146302,0.04581597981036674,0.06035536823727279,0.04784473168388852,0.051141453478361396,0.031107528727333876,0.05359286199220021
709,0.18161555834423052,0.21120259247495737,0.06010177425308257,0.058918335660194866,0.05841114769181443,0.03905347356529416,0.04784473168388852,0.03740511266805772,0.05333926800800999
710,0.16496288671573928,0.18578651737851162,0.059256460972448494,0.041420350751069555,0.0535083306641368,0.03592581442694809,0.03812362895659668,0.02781080693286099,0.04556238582617652
711,0.17819203955766252,0.20754900052945377,0.06462420030447485,0.049958014885473696,0.05781942839537057,0.04082863145462571,0.04961988957322006,0.03186831067990454,0.053085674023819765
712,0.16373718245881988,0.18521093012949516,0.06077802487758983,0.0394761302056112,0.05240942339931251,0.027979869588987807,0.042434726687830444,0.02882518286962188,0.04674582441906422
713,0.16728749823748298,0.18909278702599175,0.0581575537076242,0.041420350751069555,0.057988491051497386,0.038968942237230755,0.039898786845928236,0.027979869588987807,0.04666129309100082
714,0.17912188416636002,0.207463264312018,0.06035536823727279,0.05367739332026361,0.059002866988258275,0.03744737833208942,0.04919723293290303,0.034911438490187206,0.05156411011867843
715,0.18047438541537453,0.2091829283874925,0.060017242925019164,0.056128801834102425,0.05748130308311695,0.04395629059297178,0.04961988957322006,0.03322081192891906,0.05359286199220021
716,0.1767972726446163,0.20503106116717956,0.05976364894082894,0.04776020035582511,0.06420154366415783,0.04040597481430868,0.04826738832420555,0.032544561304411794,0.048098325668078735
717,0.18347524756162548,0.21432719579486176,0.06043989956533619,0.054860831913151324,0.06035536823727279,0.038292691612723494,0.053170205351883174,0.03871534825304053,0.054945363241214726
718,0.17764258592525037,0.20615852928125764,0.06360982436771397,0.047253012387444664,0.05739677175505354,0.04294191465621089,0.047253012387444664,0.035080501146314017,0.050042546213537105
719,0.17916414983039172,0.206915585856143,0.059256460972448494,0.04894363894871281,0.057312240426990124,0.0476756690277617,0.049788952229346886,0.035165032474377425,0.05131051613448821
720,0.17891055584620147,0.20804950803438113,0.0616656038222556,0.048859107620649406,0.05917192964438509,0.037193784347899196,0.055029894569278134,0.03322081192891906,0.049028170276776216
721,0.17751578893315526,0.20583719984857332,0.06251091710288967,0.052071298087058876,0.05832661636375101,0.04328003996846452,0.047253012387444664,0.03186831067990454,0.04919723293290303
722,0.17950227514264533,0.20805993150942187,0.06200372913450923,0.050042546213537105,0.05477630058508791,0.04353363395265475,0.052071298087058876,0.03512276681034572,0.05088785949417118
723,0.17569836537979203,0.20360217188546154,0.06453966897641145,0.04826738832420555,0.05655145847441946,0.0395606615336746,0.04911270160483962,0.02840252622930484,0.049788952229346886
724,0.184109232522101,0.21565434292324057,0.06069349354952642,0.05629786449022924,0.06238412011079456,0.041251288094942745,0.05164864144674184,0.03778550364434305,0.05224036074318569
725,0.17992493178296237,0.209082864279587,0.06200372913450923,0.05021160886966392,0.05841114769181443,0.039307067549484376,0.04860551363645918,0.03981425551786482,0.052155829415122285
726,0.16724523257345128,0.1895800469772201,0.05841114769181443,0.040997694110752526,0.05367739332026361,0.028656120213495062,0.037193784347899196,0.04328003996846452,0.04471707254554245
727,0.1677101548778,0.18934604703293684,0.05874927300406805,0.043110977312337706,0.05147957879061503,0.03465784450599698,0.04488613520166926,0.02781080693286099,0.05063426550998095
728,0.1803053227592477,0.2105036805378661,0.06310263639933353,0.05198676675899547,0.057143177770863314,0.040152380830118455,0.051141453478361396,0.03457331317793357,0.05452270660089769
729,0.17971360346280385,0.20949231687736128,0.06377888702384078,0.04683035574712763,0.05841114769181443,0.04378722793684497,0.05131051613448821,0.03288268661666543,0.0546917692570245
730,0.177980711237504,0.20509994366402715,0.06103161886178005,0.05452270660089769,0.05604427050603902,0.041335819423006154,0.04936629558902984,0.030008621462509582,0.05359286199220021
731,0.17874149319007468,0.20561029592633687,0.05781942839537057,0.05181770410286866,0.059002866988258275,0.03744737833208942,0.04784473168388852,0.04260378934395727,0.05012707754160051
732,0.16673804460507083,0.18890940123150493,0.059256460972448494,0.03981425551786482,0.05959458628470213,0.03246002997634839,0.040067849502055046,0.029501433494129137,0.04657676176293741
733,0.1647938240596125,0.1863180080050943,0.05908739831632168,0.0395606615336746,0.05435364394477088,0.034150656537616536,0.042265664031703634,0.02721908763641714,0.04742207504357148
734,0.17743125760509187,0.20423603307373553,0.060186305581145974,0.04894363894871281,0.05680505245860968,0.04522426051392289,0.04792926301195192,0.034150656537616536,0.05088785949417118
735,0.17844563354185275,0.205801042514645,0.0615810724941922,0.046238636450683775,0.054184581288644056,0.04522426051392289,0.04961988957322006,0.03296721794472884,0.05646692714635606
736,0.17303562854579468,0.19754559324096949,0.05874927300406805,0.04683035574712763,0.056213333162165834,0.03744737833208942,0.047253012387444664,0.03389706255342632,0.04936629558902984
737,0.16407530777107351,0.18552381838618445,0.05951005495663872,0.042181132703640226,0.054269112616707464,0.0290787768538121,0.042265664031703634,0.026035649043529438,0.047083949731317846
738,0.1765859443244578,0.20354408021968096,0.06077802487758983,0.04683035574712763,0.05638239581829265,0.04158941340719638,0.05046520285385414,0.03381253122536291,0.05257848605543932
739,0.17485305209915794,0.20212255092624407,0.0638634183519042,0.048182856996142144,0.05756583441118035,0.03761644098821623,0.049028170276776216,0.029924090134446173,0.04860551363645918
740,0.17341601952208002,0.19834941915372592,0.05967911761276553,0.04640769910681059,0.05570614519378539,0.03888441090916735,0.04598504246649355,0.03271362396053862,0.052155829415122285
741,0.18385563853791081,0.2142138748454305,0.05976364894082894,0.052916611367692955,0.05984818026889235,0.03939159887754779,0.054945363241214726,0.03740511266805772,0.05781942839537057
742,0.17523344307544328,0.2013695583416994,0.06094708753371664,0.04683035574712763,0.057312240426990124,0.04395629059297178,0.049028170276776216,0.03186831067990454,0.04860551363645918
743,0.17607875635607734,0.2024987022042821,0.05976364894082894,0.05131051613448821,0.0557906765218488,0.040913162782689125,0.04801379434001533,0.03186831067990454,0.05452270660089769
744,0.1776003202612187,0.20512757263671855,0.0615810724941922,0.048182856996142144,0.060186305581145974,0.040236912158181856,0.04970442090128348,0.030431278102826618,0.05333926800800999
745,0.17861469619797957,0.20602481793010402,0.05883380433213146,0.046069573794556964,0.058918335660194866,0.04547785449811311,0.04987348355741029,0.031614716695714314,0.05765036573924376
746,0.18098157338375495,0.21121116615758237,0.06267997975901649,0.048182856996142144,0.06035536823727279,0.042012070047513415,0.05105692215029799,0.03465784450599698,0.053846455976390435
747,0.17743125760509187,0.2045403841971582,0.05967911761276553,0.04657676176293741,0.06035536823727279,0.0394761302056112,0.049028170276776216,0.03465784450599698,0.05224036074318569
748,0.17992493178296237,0.20856816751920007,0.06103161886178005,0.04945082691709325,0.0593409923005119,0.040152380830118455,0.04792926301195192,0.03905347356529416,0.05452270660089769
749,0.17109140800033631,0.19470609443287654,0.05874927300406805,0.05021160886966392,0.05333926800800999,0.03457331317793357,0.046238636450683775,0.032206435992158174,0.04784473168388852
750,0.16758335788570491,0.18890941109891915,0.05553708253765858,0.04547785449811311,0.055114425897341536,0.03372799989729951,0.04158941340719638,0.03279815528860202,0.04860551363645918
751,0.1696121097592267,0.19296426729509644,0.05908739831632168,0.041420350751069555,0.054269112616707464,0.04057503747043549,0.047253012387444664,0.031361122711524095,0.04742207504357148
752,0.18634931271578134,0.22067654278891688,0.06639935819380641,0.052916611367692955,0.05841114769181443,0.04395629059297178,0.052071298087058876,0.041335819423006154,0.056128801834102425
753,0.1754447713956018,0.20208611423581765,0.05976364894082894,0.05021160886966392,0.0557906765218488,0.03964519286173801,0.049958014885473696,0.03271362396053862,0.04987348355741029
754,0.18301032525727673,0.21457626162915103,0.06027083690920938,0.05274754871156614,0.06728693713847218,0.04395629059297178,0.04860551363645918,0.034911438490187206,0.05131051613448821
755,0.18072797939956475,0.20944824610934734,0.05883380433213146,0.05249395472737591,0.05781942839537057,0.04082863145462571,0.05333926800800999,0.039307067549484376,0.05147957879061503
756,0.1734582851861117,0.19880846734264251,0.06094708753371664,0.046914887075191036,0.057312240426990124,0.03710925301983579,0.048098325668078735,0.032206435992158174,0.04919723293290303
757,0.16466702706751737,0.1846540019331909,0.05553708253765858,0.04328003996846452,0.05367739332026361,0.03406612520955313,0.041251288094942745,0.027979869588987807,0.04674582441906422
758,0.17189445561693867,0.1959863761941047,0.05967911761276553,0.04454800988941563,0.05773489706730717,0.03871534825304053,0.047083949731317846,0.029924090134446173,0.04928176426096644
759,0.177558054597187,0.2045394705239174,0.06043989956533619,0.051141453478361396,0.05655145847441946,0.03710925301983579,0.049028170276776216,0.03512276681034572,0.05359286199220021
760,0.16483608972364416,0.1863105870946321,0.05976364894082894,0.039307067549484376,0.054269112616707464,0.03102299739927047,0.04268832067202067,0.029924090134446173,0.046238636450683775
761,0.1685132024944024,0.19124241089935723,0.05841114769181443,0.042265664031703634,0.05917192964438509,0.034911438490187206,0.04378722793684497,0.027979869588987807,0.04522426051392289
762,0.18064344807150132,0.21098553052288285,0.06411701233609442,0.04894363894871281,0.060186305581145974,0.04344910262459133,0.04852098230839577,0.03512276681034572,0.052155829415122285
763,0.17641688166833097,0.203227580403142,0.06069349354952642,0.04649223043487399,0.05722770909892672,0.036094877083074905,0.04683035574712763,0.03770097231627964,0.05333926800800999
764,0.16787921753392684,0.18929691949464433,0.05638239581829265,0.042434726687830444,0.05739677175505354,0.041420350751069555,0.04192753871945,0.02882518286962188,0.04564691715423993
765,0.18237634029680116,0.2123349699939073,0.0615810724941922,0.0546917692570245,0.05832661636375101,0.04666129309100082,0.051141453478361396,0.034150656537616536,0.053085674023819765
766,0.16690710726119765,0.18775545011279668,0.05646692714635606,0.046238636450683775,0.054269112616707464,0.03567222044275786,0.04150488207913297,0.029501433494129137,0.04674582441906422
767,0.1827989969371182,0.21296409702257432,0.06234185444676286,0.05181770410286866,0.057143177770863314,0.045308791841986294,0.048859107620649406,0.03740511266805772,0.05765036573924376
768,0.1776003202612187,0.20657340438189095,0.06360982436771397,0.04936629558902984,0.060186305581145974,0.039307067549484376,0.04674582441906422,0.03119206005539728,0.05164864144674184
769,0.16551234034815143,0.18627814495961342,0.060017242925019164,0.04429441590522541,0.05088785949417118,0.032206435992158174,0.04158941340719638,0.027641744276734177,0.04556238582617652
770,0.16242694687383707,0.18113245588917698,0.055959739177975615,0.04260378934395727,0.0523248920712491,0.03364346856923609,0.041082225438815935,0.028740651541558474,0.041166756766879344
771,0.1651319493718661,0.18570072730942008,0.056974115114736504,0.040321443486245265,0.05147957879061503,0.034150656537616536,0.04192753871945,0.03389706255342632,0.04649223043487399
772,0.16056725765644211,0.17934206704137653,0.05756583441118035,0.039222536221420974,0.052916611367692955,0.03034674677476321,0.03888441090916735,0.02628924302771966,0.04657676176293741
773,0.17265523756950935,0.19751082699565722,0.05976364894082894,0.04666129309100082,0.05680505245860968,0.03736284700402601,0.04928176426096644,0.03060034075895343,0.04894363894871281
774,0.17933321248651854,0.2093202813126538,0.0638634183519042,0.051141453478361396,0.05883380433213146,0.04192753871945,0.05063426550998095,0.03186831067990454,0.05333926800800999
775,0.17286656588966787,0.19678155898728958,0.05739677175505354,0.05156411011867843,0.05638239581829265,0.03406612520955313,0.0394761302056112,0.0407441001265623,0.04784473168388852
776,0.17857243053394786,0.20625632367487204,0.06077802487758983,0.048182856996142144,0.058918335660194866,0.03744737833208942,0.04928176426096644,0.03740511266805772,0.05257848605543932
777,0.17895282151023317,0.20701184152646734,0.06052443089339961,0.04640769910681059,0.05841114769181443,0.04353363395265475,0.04961988957322006,0.03812362895659668,0.05147957879061503
778,0.17962907213474044,0.20799240501384791,0.05976364894082894,0.04987348355741029,0.06187693214241412,0.04564691715423993,0.048859107620649406,0.031361122711524095,0.054100049960580654
779,0.16496288671573928,0.1858731833228784,0.05841114769181443,0.04057503747043549,0.054184581288644056,0.032544561304411794,0.04370269660878156,0.030684872087016837,0.04471707254554245
780,0.1674988265576415,0.18852451060208403,0.057058646442799905,0.04573144848230334,0.05528348855346835,0.03524956380244083,0.04268832067202067,0.029501433494129137,0.04556238582617652
781,0.17814977389363082,0.20537335412424268,0.06035536823727279,0.048774576292586,0.05832661636375101,0.04057503747043549,0.048098325668078735,0.03715151868386749,0.05240942339931251
782,0.17764258592525037,0.20635475453817828,0.0627645110870799,0.05063426550998095,0.059256460972448494,0.0418430073913866,0.048098325668078735,0.030684872087016837,0.05147957879061503
783,0.16783695186989514,0.18943487731823436,0.05748130308311695,0.04192753871945,0.05545255120959517,0.04040597481430868,0.04683035574712763,0.027979869588987807,0.04378722793684497
784,0.17607875635607734,0.20381480781188013,0.05951005495663872,0.04759113769969829,0.06411701233609442,0.03736284700402601,0.04488613520166926,0.03060034075895343,0.053085674023819765
785,0.17844563354185275,0.20754622882984797,0.06234185444676286,0.049958014885473696,0.058918335660194866,0.039898786845928236,0.048859107620649406,0.03440425052180676,0.05181770410286866
786,0.17590969369995052,0.20266158049184627,0.06027083690920938,0.04573144848230334,0.058918335660194866,0.04082863145462571,0.049028170276776216,0.03406612520955313,0.04987348355741029
787,0.17709313229283824,0.20428519225693406,0.05984818026889235,0.04869004496452259,0.0581575537076242,0.03770097231627964,0.04961988957322006,0.03457331317793357,0.05257848605543932
788,0.18220727764067438,0.21268410076690228,0.06208826046257264,0.04522426051392289,0.06322943339142863,0.04344910262459133,0.05266301738350273,0.03613714274710661,0.05088785949417118
789,0.17751578893315526,0.2048244678988008,0.06027083690920938,0.04945082691709325,0.05266301738350273,0.041251288094942745,0.04961988957322006,0.038208160284660085,0.052832080039629546
790,0.17290883155369957,0.19725051101260752,0.0581575537076242,0.04666129309100082,0.05917192964438509,0.03643300239532853,0.04784473168388852,0.029501433494129137,0.050972390822234585
791,0.18301032525727673,0.21320795379424226,0.0615810724941922,0.04936629558902984,0.05781942839537057,0.04328003996846452,0.05139504746255162,0.04277285200008408,0.05452270660089769
792,0.17464172377899942,0.20082633621769264,0.06103161886178005,0.05274754871156614,0.05832661636375101,0.03617940841113831,0.04598504246649355,0.02882518286962188,0.04928176426096644
793,0.1792486811584551,0.20787249920959905,0.06069349354952642,0.05131051613448821,0.06043989956533619,0.03939159887754779,0.05063426550998095,0.03186831067990454,0.05562161386572198
794,0.1767127413165529,0.20392638105797503,0.059256460972448494,0.048774576292586,0.060862556205653236,0.03905347356529416,0.048098325668078735,0.03372799989729951,0.05021160886966392
795,0.18081251072762813,0.20966706146048614,0.06077802487758983,0.046238636450683775,0.058918335660194866,0.04395629059297178,0.04471707254554245,0.04404082192103519,0.054100049960580654
796,0.170711017024051,0.19388930844672364,0.05883380433213146,0.04784473168388852,0.057312240426990124,0.03677112770758216,0.04387175926490837,0.02975502747831936,0.04792926301195192
797,0.18326391924146695,0.21520529509816383,0.059256460972448494,0.05562161386572198,0.0651313882728553,0.04167394473525978,0.055114425897341536,0.030684872087016837,0.05359286199220021
798,0.18047438541537453,0.21093440533615315,0.0639479496799676,0.04928176426096644,0.06035536823727279,0.03744737833208942,0.05131051613448821,0.035629954778726165,0.05131051613448821
799,0.18093930771972325,0.2117638541362776,0.06043989956533619,0.05274754871156614,0.0651313882728553,0.0395606615336746,0.051141453478361396,0.03169924802377773,0.052832080039629546
800,0.17696633530074313,0.20392984520740073,0.06043989956533619,0.05181770410286866,0.05748130308311695,0.037954566300469866,0.04801379434001533,0.03431971919374335,0.050972390822234585
801,0.17590969369995052,0.20238209741119123,0.0615810724941922,0.052916611367692955,0.05773489706730717,0.041420350751069555,0.047253012387444664,0.030684872087016837,0.04792926301195192
802,0.18216501197664267,0.2118159685673262,0.06035536823727279,0.053170205351883174,0.0593409923005119,0.04395629059297178,0.051141453478361396,0.034235187865679945,0.05570614519378539
803,0.17747352326912355,0.2061227493604733,0.06453966897641145,0.04784473168388852,0.05781942839537057,0.03998331817399164,0.04776020035582511,0.035376360794535947,0.04911270160483962
804,0.16018686668015678,0.17865843032338785,0.05781942839537057,0.03787003497240646,0.05122598480642481,0.029247839509938915,0.041251288094942745,0.02696549365222692,0.04471707254554245
805,0.18085477639165987,0.20987998873435929,0.06124294718193857,0.05021160886966392,0.05680505245860968,0.041082225438815935,0.05333926800800999,0.03613714274710661,0.05452270660089769
806,0.1770508666288065,0.20565028050000006,0.06428607499222123,0.05274754871156614,0.05545255120959517,0.04158941340719638,0.04784473168388852,0.03186831067990454,0.049958014885473696
807,0.17878375885410636,0.2073325959048447,0.0616656038222556,0.04683035574712763,0.06035536823727279,0.0407441001265623,0.05249395472737591,0.031107528727333876,0.05452270660089769
808,0.18110837037585006,0.2102305908871815,0.06043989956533619,0.05680505245860968,0.05477630058508791,0.043110977312337706,0.05198676675899547,0.03465784450599698,0.051141453478361396
809,0.17768485158928207,0.20486949969710183,0.06043989956533619,0.04666129309100082,0.05553708253765858,0.043195508640401115,0.0546917692570245,0.03127659138346069,0.051733172774805256
810,0.17696633530074313,0.2047729216755083,0.06234185444676286,0.05266301738350273,0.05147957879061503,0.039307067549484376,0.04860551363645918,0.035165032474377425,0.05088785949417118
811,0.16141257093707617,0.18029850809006798,0.05562161386572198,0.03753190966015283,0.053254736679946575,0.03355893724117268,0.041420350751069555,0.026204711699656255,0.04640769910681059
812,0.17168312729678017,0.1958328742043118,0.05976364894082894,0.04657676176293741,0.05680505245860968,0.03668659637951875,0.04674582441906422,0.032206435992158174,0.04573144848230334
813,0.1778539142454089,0.20555953975441094,0.05984818026889235,0.05198676675899547,0.05917192964438509,0.03617940841113831,0.04919723293290303,0.03271362396053862,0.05443817527283428
814,0.17645914733236268,0.2031631522923608,0.06120068151790686,0.05274754871156614,0.055959739177975615,0.03939159887754779,0.048182856996142144,0.03195284200796795,0.05147957879061503
815,0.17933321248651854,0.20868398466527688,0.06267997975901649,0.05021160886966392,0.05773489706730717,0.04328003996846452,0.04961988957322006,0.03406612520955313,0.052832080039629546
816,0.17527570873947498,0.20159631025222322,0.06094708753371664,0.04919723293290303,0.058918335660194866,0.035080501146314017,0.04370269660878156,0.03512276681034572,0.04860551363645918
817,0.18005172877505748,0.209374530094517,0.06027083690920938,0.05021160886966392,0.06077802487758983,0.041251288094942745,0.053846455976390435,0.032037373336031356,0.053254736679946575
818,0.16847093683037068,0.19192892112916332,0.05976364894082894,0.039307067549484376,0.05917192964438509,0.03474237583406039,0.04378722793684497,0.03153018536765091,0.045055197857796075
819,0.16779468620586344,0.1900618940809853,0.059002866988258275,0.04150488207913297,0.05333926800800999,0.037193784347899196,0.043110977312337706,0.030684872087016837,0.049028170276776216
820,0.18520813978692532,0.21807651412279758,0.06580763889736255,0.051141453478361396,0.06043989956533619,0.04328003996846452,0.05224036074318569,0.03740511266805772,0.054945363241214726
821,0.1788260245181381,0.20631206470346097,0.06103161886178005,0.05139504746255162,0.057988491051497386,0.039307067549484376,0.047253012387444664,0.037320581339994316,0.05147957879061503
822,0.16585046566040507,0.18611683288593064,0.05655145847441946,0.04344910262459133,0.05105692215029799,0.036855659035645576,0.03871534825304053,0.03322081192891906,0.0476756690277617
823,0.1779384455734723,0.20519174076332208,0.06027083690920938,0.04454800988941563,0.055875207849912206,0.0394761302056112,0.04547785449811311,0.044378947233288814,0.05333926800800999
824,0.18123516736794518,0.21268293284073525,0.06360982436771397,0.052071298087058876,0.06077802487758983,0.037954566300469866,0.04911270160483962,0.03981425551786482,0.049958014885473696
825,0.16348358847462965,0.1824495202805096,0.05874927300406805,0.03939159887754779,0.05038067152579073,0.03431971919374335,0.04158941340719638,0.029501433494129137,0.045308791841986294
826,0.17426133280271408,0.1996158730937759,0.05951005495663872,0.051141453478361396,0.056213333162165834,0.039307067549484376,0.04776020035582511,0.030684872087016837,0.04953535824515666
827,0.18254540295292798,0.21180937053512183,0.06043989956533619,0.05452270660089769,0.05367739332026361,0.04395629059297178,0.054269112616707464,0.03740511266805772,0.054100049960580654
828,0.16179296191336154,0.18182021489941055,0.05984818026889235,0.039222536221420974,0.05147957879061503,0.03178377935184114,0.03854628559691371,0.027050024980290327,0.04556238582617652
829,0.18199594932051585,0.21290013857620801,0.06335623038352375,0.04826738832420555,0.05781942839537057,0.044125353249098595,0.04919723293290303,0.037954566300469866,0.05672052113054628
830,0.17696633530074313,0.20418616717200896,0.06043989956533619,0.05274754871156614,0.057312240426990124,0.03888441090916735,0.05139504746255162,0.032037373336031356,0.04936629558902984
831,0.18043211975134282,0.2090814148838211,0.06035536823727279,0.05393098730445384,0.06035536823727279,0.04277285200008408,0.04792926301195192,0.03431971919374335,0.052071298087058876
832,0.1766704756525212,0.20390331708774934,0.059256460972448494,0.054860831913151324,0.05739677175505354,0.036855659035645576,0.05054973418191754,0.032037373336031356,0.04953535824515666
833,0.1805166510794062,0.2100810192557111,0.060017242925019164,0.054860831913151324,0.06035536823727279,0.0418430073913866,0.0535083306641368,0.03322081192891906,0.049028170276776216
834,0.16462476140348567,0.18459225047354147,0.05646692714635606,0.04454800988941563,0.0534237993360734,0.035080501146314017,0.037278315675962605,0.027641744276734177,0.04759113769969829
835,0.1858843904114326,0.21794586820819076,0.06124294718193857,0.048774576292586,0.06128521284597027,0.047083949731317846,0.04911270160483962,0.04640769910681059,0.05604427050603902
836,0.1766704756525212,0.20293222555343213,0.05858021034794124,0.05257848605543932,0.05680505245860968,0.03939159887754779,0.048859107620649406,0.03499596981825061,0.049788952229346886
837,0.18402470119403763,0.21661001995157875,0.06479326296060167,0.0523248920712491,0.06103161886178005,0.03939159887754779,0.05333926800800999,0.0360526114190432,0.05435364394477088
838,0.17819203955766252,0.2057905767842745,0.060017242925019164,0.05266301738350273,0.05756583441118035,0.039222536221420974,0.04961988957322006,0.03431971919374335,0.052071298087058876
839,0.17738899194106014,0.20422761612118298,0.05951005495663872,0.04742207504357148,0.058918335660194866,0.04454800988941563,0.04835191965226896,0.0314456540395875,0.05435364394477088
840,0.18110837037585006,0.2120152976175432,0.062257323118699456,0.049958014885473696,0.06035536823727279,0.03710925301983579,0.04961988957322006,0.044125353249098595,0.049028170276776216
841,0.18296805959324502,0.2151451104957077,0.06242638577482627,0.04945082691709325,0.06103161886178005,0.0418430073913866,0.05376192464832702,0.03778550364434305,0.053254736679946575
842,0.17295109721773128,0.19800766318094978,0.06043989956533619,0.04759113769969829,0.05570614519378539,0.037954566300469866,0.04801379434001533,0.031107528727333876,0.04919723293290303
843,0.1642443704272003,0.1847150709223032,0.05874927300406805,0.03871534825304053,0.05122598480642481,0.03668659637951875,0.040997694110752526,0.027641744276734177,0.04784473168388852
844,0.1743881297948092,0.19979529198920087,0.059256460972448494,0.04776020035582511,0.05655145847441946,0.04175847606332319,0.048774576292586,0.03169924802377773,0.049958014885473696
845,0.18178462100035733,0.21287035261160114,0.06352529303965056,0.05376192464832702,0.057312240426990124,0.044378947233288814,0.05249395472737591,0.03512276681034572,0.049028170276776216
846,0.18123516736794518,0.21183233970566784,0.06069349354952642,0.049028170276776216,0.0638634183519042,0.04573144848230334,0.04911270160483962,0.034150656537616536,0.05122598480642481
847,0.17941774381458192,0.20829318602945765,0.06208826046257264,0.048859107620649406,0.057312240426990124,0.040067849502055046,0.054015518632517245,0.03364346856923609,0.05139504746255162
848,0.17316242553788977,0.19827316362187414,0.060017242925019164,0.04378722793684497,0.055114425897341536,0.03770097231627964,0.04590051113843015,0.03939159887754779,0.04556238582617652
849,0.17895282151023317,0.20739026681223657,0.0615810724941922,0.054184581288644056,0.05680505245860968,0.039307067549484376,0.047253012387444664,0.03905347356529416,0.04860551363645918
850,0.1803475884232794,0.2104566526470135,0.06234185444676286,0.048182856996142144,0.062130526126604343,0.03770097231627964,0.049028170276776216,0.03322081192891906,0.05773489706730717
851,0.1789950871742649,0.20820388459034148,0.0639479496799676,0.04826738832420555,0.056213333162165834,0.042012070047513415,0.04911270160483962,0.03288268661666543,0.05756583441118035
852,0.18165782400826222,0.2120128142998269,0.06234185444676286,0.05359286199220021,0.060186305581145974,0.04158941340719638,0.04835191965226896,0.035376360794535947,0.05545255120959517
853,0.1813196986960086,0.2120877681686844,0.0627645110870799,0.054860831913151324,0.06035536823727279,0.04057503747043549,0.04911270160483962,0.03613714274710661,0.05021160886966392
854,0.16931625011100476,0.19126217741586948,0.05672052113054628,0.04497066652973267,0.05604427050603902,0.036094877083074905,0.04564691715423993,0.030177684118636396,0.04860551363645918
855,0.17721992928493333,0.2043349125714953,0.06200372913450923,0.052832080039629546,0.056889583786673095,0.03871534825304053,0.04784473168388852,0.03271362396053862,0.05359286199220021
856,0.18313712224937184,0.21500186087156475,0.06453966897641145,0.053846455976390435,0.05883380433213146,0.04860551363645918,0.04961988957322006,0.035629954778726165,0.04919723293290303
857,0.18305259092130846,0.2137620107670347,0.05967911761276553,0.05131051613448821,0.062130526126604343,0.04057503747043549,0.052155829415122285,0.04040597481430868,0.05452270660089769
858,0.1660617939805636,0.18732123189264036,0.057988491051497386,0.048182856996142144,0.05359286199220021,0.029924090134446173,0.040236912158181856,0.02781080693286099,0.04649223043487399
859,0.16809054585408537,0.1903754895721021,0.05976364894082894,0.043195508640401115,0.05156411011867843,0.038292691612723494,0.04387175926490837,0.0278953382609244,0.04843645098033236
860,0.1662308566366904,0.18749475109245403,0.05756583441118035,0.04057503747043549,0.05756583441118035,0.030008621462509582,0.042434726687830444,0.029924090134446173,0.04911270160483962
861,0.1640330421070418,0.18356475384965962,0.05646692714635606,0.03778550364434305,0.054269112616707464,0.03347440591310928,0.04370269660878156,0.029924090134446173,0.048098325668078735
862,0.18423602951419613,0.21636672898115739,0.0615810724941922,0.04961988957322006,0.058918335660194866,0.04387175926490837,0.04970442090128348,0.04907043594080792,0.05257848605543932
863,0.1803053227592477,0.2108131414704734,0.06369435569577737,0.05198676675899547,0.06128521284597027,0.04547785449811311,0.049028170276776216,0.032037373336031356,0.04970442090128348
864,0.16923171878294135,0.19185076036749998,0.05781942839537057,0.04378722793684497,0.05832661636375101,0.038292691612723494,0.04260378934395727,0.027979869588987807,0.048774576292586
865,0.16889359347068772,0.19187612789225245,0.05858021034794124,0.04522426051392289,0.057143177770863314,0.037193784347899196,0.042434726687830444,0.03271362396053862,0.04328003996846452
866,0.17933321248651854,0.20760669952650532,0.06043989956533619,0.05156411011867843,0.061961463470477526,0.043364571296527925,0.04742207504357148,0.03296721794472884,0.05088785949417118
867,0.16420210476316863,0.18517259866871816,0.06069349354952642,0.041082225438815935,0.0523248920712491,0.03364346856923609,0.03871534825304053,0.026627368339973288,0.04657676176293741
868,0.16238468120980534,0.18137961798659,0.056974115114736504,0.04057503747043549,0.05477630058508791,0.032206435992158174,0.039138004893357566,0.027557212948670768,0.04463254121747904
869,0.1824608716248646,0.21365714458804558,0.06103161886178005,0.05063426550998095,0.0639479496799676,0.043195508640401115,0.05139504746255162,0.03465784450599698,0.05257848605543932
870,0.1780229769015357,0.20577797885979404,0.06120068151790686,0.053001142695756356,0.057312240426990124,0.04175847606332319,0.04404082192103519,0.03879987958110393,0.04936629558902984
871,0.17730446061299676,0.2049961273254005,0.06060896222146302,0.05266301738350273,0.060186305581145974,0.03744737833208942,0.04911270160483962,0.033305343256982464,0.04843645098033236
872,0.17189445561693867,0.19536428134345,0.05748130308311695,0.04826738832420555,0.0557906765218488,0.03964519286173801,0.04742207504357148,0.03186831067990454,0.04776020035582511
873,0.17891055584620147,0.20703842897610436,0.06094708753371664,0.04683035574712763,0.057312240426990124,0.04158941340719638,0.04894363894871281,0.044125353249098595,0.04860551363645918
874,0.17481078643512624,0.20135434013705514,0.06103161886178005,0.04353363395265475,0.06035536823727279,0.035165032474377425,0.04192753871945,0.037954566300469866,0.04919723293290303
875,0.17734672627702844,0.20445213941155874,0.06060896222146302,0.048182856996142144,0.05781942839537057,0.04353363395265475,0.049028170276776216,0.03322081192891906,0.05257848605543932
876,0.18148876135213543,0.2123098018198742,0.0639479496799676,0.05274754871156614,0.06035536823727279,0.037954566300469866,0.04936629558902984,0.03512276681034572,0.055198957225404945
877,0.18571532775530578,0.2206023611773793,0.06420154366415783,0.05562161386572198,0.06420154366415783,0.04632316777874718,0.04784473168388852,0.03770097231627964,0.050972390822234585
878,0.18038985408731112,0.20881351394006667,0.06077802487758983,0.05224036074318569,0.05765036573924376,0.03939159887754779,0.04784473168388852,0.04277285200008408,0.05257848605543932
879,0.17984040045489896,0.2093563281418675,0.06335623038352375,0.05063426550998095,0.05748130308311695,0.039307067549484376,0.047253012387444664,0.03499596981825061,0.05646692714635606
880,0.18258766861695971,0.21382894796622107,0.06284904241514332,0.05198676675899547,0.05908739831632168,0.04666129309100082,0.05131051613448821,0.034235187865679945,0.05452270660089769
881,0.17929094682248684,0.2074185258446802,0.06027083690920938,0.05249395472737591,0.05917192964438509,0.043026445984274304,0.04961988957322006,0.031107528727333876,0.05452270660089769
882,0.1755715683876969,0.2017335524672382,0.060017242925019164,0.04936629558902984,0.05638239581829265,0.04040597481430868,0.04750660637163488,0.03296721794472884,0.05257848605543932
883,0.1765859443244578,0.2036902356205841,0.06043989956533619,0.04869004496452259,0.05917192964438509,0.04040597481430868,0.04961988957322006,0.03186831067990454,0.05088785949417118
884,0.1757828967078554,0.20276473732384329,0.06103161886178005,0.04446347856135222,0.06272224542304819,0.039307067549484376,0.047253012387444664,0.03186831067990454,0.049788952229346886
885,0.1629764005062492,0.18319194984578563,0.05858021034794124,0.0383772229407869,0.053254736679946575,0.03567222044275786,0.04404082192103519,0.026035649043529438,0.043026445984274304
886,0.17967133779877215,0.20779311240824133,0.06060896222146302,0.04911270160483962,0.05638239581829265,0.043195508640401115,0.04936629558902984,0.037954566300469866,0.054100049960580654
887,0.17379641049836533,0.19874843488231897,0.05874927300406805,0.046914887075191036,0.058918335660194866,0.04057503747043549,0.04843645098033236,0.02882518286962188,0.05105692215029799
888,0.17946000947861365,0.2076948580689315,0.06149654116612879,0.050042546213537105,0.05832661636375101,0.0360103457550115,0.04792926301195192,0.037954566300469866,0.05570614519378539
889,0.1780229769015357,0.20585223221988944,0.06035536823727279,0.048859107620649406,0.057312240426990124,0.0418430073913866,0.052916611367692955,0.032206435992158174,0.053085674023819765
890,0.174557192450936,0.2005882096642252,0.06200372913450923,0.04480160387360585,0.05477630058508791,0.041251288094942745,0.04776020035582511,0.034150656537616536,0.04953535824515666
891,0.17337375385804832,0.19834056783414025,0.05967911761276553,0.04573144848230334,0.055875207849912206,0.037954566300469866,0.04860551363645918,0.03186831067990454,0.05147957879061503
892,0.16720296690941958,0.1899492720071967,0.05993271159695575,0.039307067549484376,0.053846455976390435,0.031107528727333876,0.04598504246649355,0.03322081192891906,0.04640769910681059
893,0.17523344307544328,0.2016908958237916,0.06043989956533619,0.044378947233288814,0.057143177770863314,0.03939159887754779,0.04961988957322006,0.03271362396053862,0.053254736679946575
894,0.18199594932051585,0.2140415547264558,0.06200372913450923,0.05139504746255162,0.06728693713847218,0.04082863145462571,0.05054973418191754,0.03431971919374335,0.049788952229346886
895,0.17654367866042608,0.20332691129394972,0.05959458628470213,0.051733172774805256,0.059002866988258275,0.039222536221420974,0.04860551363645918,0.028740651541558474,0.053085674023819765
896,0.18326391924146695,0.21370417648914983,0.05976364894082894,0.05367739332026361,0.062130526126604343,0.041251288094942745,0.048859107620649406,0.04268832067202067,0.052155829415122285
897,0.17337375385804832,0.19913035628864234,0.05976364894082894,0.04378722793684497,0.05883380433213146,0.03499596981825061,0.04961988957322006,0.032206435992158174,0.049958014885473696
898,0.18398243553000593,0.21647604543416288,0.06428607499222123,0.05376192464832702,0.059256460972448494,0.045308791841986294,0.05063426550998095,0.03499596981825061,0.05536801988153176
899,0.1756138340517286,0.20182019363210224,0.06103161886178005,0.05249395472737591,0.055114425897341536,0.04158941340719638,0.049028170276776216,0.02882518286962188,0.04953535824515666
900,0.16069405464853723,0.17925100890379356,0.05672052113054628,0.0383772229407869,0.055114425897341536,0.03381253122536291,0.04192753871945,0.024429553810324703,0.04235019535976704
901,0.1871523603323837,0.22112948053473758,0.0639479496799676,0.0523248920712491,0.059002866988258275,0.04945082691709325,0.055029894569278134,0.03939159887754779,0.05655145847441946
902,0.17874149319007468,0.20697607952044247,0.05993271159695575,0.051141453478361396,0.06035536823727279,0.04040597481430868,0.04945082691709325,0.03406612520955313,0.053085674023819765
903,0.1849545458027351,0.21846328497602296,0.06103161886178005,0.050042546213537105,0.06838584440329648,0.04353363395265475,0.04961988957322006,0.03389706255342632,0.06027083690920938
904,0.1780652425655674,0.20542269380922765,0.06060896222146302,0.05266301738350273,0.05638239581829265,0.04158941340719638,0.048859107620649406,0.0360526114190432,0.04953535824515666
905,0.17379641049836533,0.19887445744756907,0.05967911761276553,0.049788952229346886,0.054860831913151324,0.04328003996846452,0.048098325668078735,0.03060034075895343,0.04792926301195192
906,0.17992493178296237,0.20919873880339449,0.06094708753371664,0.04581597981036674,0.06314490206336523,0.041251288094942745,0.0523248920712491,0.03195284200796795,0.05528348855346835
907,0.17865696186201127,0.20817520729503694,0.0627645110870799,0.04945082691709325,0.05781942839537057,0.03905347356529416,0.04784473168388852,0.040913162782689125,0.04936629558902984
908,0.18165782400826222,0.21160945223183578,0.0615810724941922,0.04759113769969829,0.06035536823727279,0.042012070047513415,0.05105692215029799,0.03888441090916735,0.05435364394477088
909,0.18685650068416176,0.21943362587116647,0.0615810724941922,0.05748130308311695,0.06035536823727279,0.04454800988941563,0.05638239581829265,0.03440425052180676,0.05646692714635606
910,0.16555460601218314,0.18620486667742497,0.05638239581829265,0.03863081692497712,0.05333926800800999,0.03440425052180676,0.03981425551786482,0.038208160284660085,0.043195508640401115
911,0.18081251072762813,0.21020414371707694,0.05976364894082894,0.05063426550998095,0.06187693214241412,0.04175847606332319,0.04961988957322006,0.03778550364434305,0.05198676675899547
912,0.1685132024944024,0.19161178928856296,0.060017242925019164,0.04235019535976704,0.057988491051497386,0.03440425052180676,0.04260378934395727,0.031107528727333876,0.04471707254554245
913,0.16306093183431264,0.18373031023434633,0.05841114769181443,0.041420350751069555,0.05781942839537057,0.02721908763641714,0.03879987958110393,0.026120180371592847,0.04674582441906422
914,0.17891055584620147,0.20673102913262403,0.0615810724941922,0.0535083306641368,0.05604427050603902,0.03770097231627964,0.04945082691709325,0.033305343256982464,0.05570614519378539
915,0.1647938240596125,0.18545280586984605,0.05976364894082894,0.04057503747043549,0.05105692215029799,0.03668659637951875,0.039898786845928236,0.027134556308353732,0.04556238582617652
916,0.17874149319007468,0.2076227462172756,0.06120068151790686,0.04615410512262037,0.06145427550209708,0.04057503747043549,0.05029614019772733,0.039307067549484376,0.04666129309100082
917,0.17633235034026756,0.2027206210475652,0.06069349354952642,0.048098325668078735,0.05781942839537057,0.03787003497240646,0.04776020035582511,0.0372360500119309,0.049028170276776216
918,0.17688180397267972,0.2033522530082923,0.06077802487758983,0.05063426550998095,0.054184581288644056,0.04353363395265475,0.04556238582617652,0.03512276681034572,0.05240942339931251
919,0.18085477639165987,0.21042357968988135,0.06043989956533619,0.053001142695756356,0.06103161886178005,0.04040597481430868,0.051733172774805256,0.03271362396053862,0.05452270660089769
920,0.17751578893315526,0.20459885276305537,0.06094708753371664,0.05240942339931251,0.05917192964438509,0.037954566300469866,0.048098325668078735,0.029501433494129137,0.05477630058508791
921,0.1805166510794062,0.20969000740591096,0.060186305581145974,0.04894363894871281,0.06322943339142863,0.041335819423006154,0.044125353249098595,0.04378722793684497,0.049028170276776216
922,0.1801362601031209,0.20919142046710945,0.06027083690920938,0.04961988957322006,0.060186305581145974,0.0406595687984989,0.052071298087058876,0.03406612520955313,0.054269112616707464
923,0.1777271172533138,0.20580345195808797,0.06077802487758983,0.058242085035687605,0.05570614519378539,0.040067849502055046,0.04792926301195192,0.03279815528860202,0.04911270160483962
924,0.1674565608936098,0.18958765883814974,0.05908739831632168,0.040067849502055046,0.05545255120959517,0.03770097231627964,0.04294191465621089,0.029501433494129137,0.04792926301195192
925,0.16787921753392684,0.1892297594543492,0.057143177770863314,0.04573144848230334,0.05105692215029799,0.03406612520955313,0.04268832067202067,0.03448878184987016,0.04657676176293741
926,0.17481078643512624,0.20092737703347602,0.06060896222146302,0.048774576292586,0.05841114769181443,0.03939159887754779,0.048859107620649406,0.030684872087016837,0.049028170276776216
927,0.18085477639165987,0.21016702587390074,0.06052443089339961,0.04911270160483962,0.059002866988258275,0.04370269660878156,0.05333926800800999,0.03288268661666543,0.0557906765218488
928,0.18520813978692532,0.21643906511529892,0.061327478510001976,0.051733172774805256,0.058918335660194866,0.04573144848230334,0.05274754871156614,0.043195508640401115,0.05333926800800999
929,0.17734672627702844,0.20483975343812327,0.05976364894082894,0.051141453478361396,0.06204599479854094,0.041251288094942745,0.04683035574712763,0.03305174927279224,0.049028170276776216
930,0.1778539142454089,0.2056009578274093,0.05976364894082894,0.046914887075191036,0.062130526126604343,0.041251288094942745,0.049028170276776216,0.03338987458504587,0.052832080039629546
931,0.17493758342722135,0.20125098882446407,0.06043989956533619,0.049958014885473696,0.05553708253765858,0.039307067549484376,0.05029614019772733,0.03296721794472884,0.04776020035582511
932,0.1765859443244578,0.20352642096898796,0.06043989956533619,0.047253012387444664,0.05832661636375101,0.039222536221420974,0.04860551363645918,0.03499596981825061,0.049788952229346886
933,0.1660617939805636,0.1866210180432253,0.056974115114736504,0.04480160387360585,0.053254736679946575,0.034150656537616536,0.04268832067202067,0.027557212948670768,0.04784473168388852
934,0.1555376436366694,0.17014766380389768,0.05545255120959517,0.03668659637951875,0.05012707754160051,0.03102299739927047,0.0383772229407869,0.025359398419022183,0.040236912158181856
935,0.17650141299639438,0.20403897872853027,0.0615810724941922,0.049958014885473696,0.05883380433213146,0.039307067549484376,0.05029614019772733,0.03195284200796795,0.04860551363645918
936,0.18081251072762813,0.20967952289227332,0.05976364894082894,0.052071298087058876,0.05722770909892672,0.041251288094942745,0.05376192464832702,0.03512276681034572,0.05536801988153176
937,0.17713539795686994,0.20377317262322991,0.05874927300406805,0.0535083306641368,0.05773489706730717,0.037024721691772386,0.051902235430932066,0.029501433494129137,0.052155829415122285
938,0.17912188416636002,0.2071494965641457,0.0615810724941922,0.055029894569278134,0.05367739332026361,0.04344910262459133,0.049788952229346886,0.032206435992158174,0.05452270660089769
939,0.16331452581850284,0.18313754106604516,0.05655145847441946,0.03736284700402601,0.05832661636375101,0.03034674677476321,0.03939159887754779,0.03076940341508025,0.04742207504357148
940,0.17290883155369957,0.19792207599984307,0.060017242925019164,0.04463254121747904,0.05553708253765858,0.04158941340719638,0.04683035574712763,0.03271362396053862,0.04860551363645918
941,0.17493758342722135,0.20072753941192364,0.06010177425308257,0.05029614019772733,0.055114425897341536,0.04192753871945,0.04894363894871281,0.03034674677476321,0.05021160886966392
942,0.18081251072762813,0.20911857103863668,0.059256460972448494,0.05224036074318569,0.05951005495663872,0.04776020035582511,0.04683035574712763,0.035080501146314017,0.05257848605543932
943,0.18038985408731112,0.20913726683771403,0.06077802487758983,0.05266301738350273,0.058073022379560794,0.04192753871945,0.05063426550998095,0.03279815528860202,0.05781942839537057
944,0.1780229769015357,0.20578161989609606,0.0615810724941922,0.049958014885473696,0.054945363241214726,0.041251288094942745,0.051141453478361396,0.03406612520955313,0.053085674023819765
945,0.17637461600429927,0.20306732093810678,0.05993271159695575,0.052916611367692955,0.05477630058508791,0.037954566300469866,0.05131051613448821,0.03186831067990454,0.052155829415122285
946,0.1708800796801778,0.19611765051095248,0.06259544843095308,0.041420350751069555,0.05638239581829265,0.0395606615336746,0.04404082192103519,0.030684872087016837,0.04860551363645918
947,0.16694937292522938,0.18842590482055793,0.05655145847441946,0.037954566300469866,0.05917192964438509,0.03710925301983579,0.04251925801589386,0.0314456540395875,0.04666129309100082
948,0.16703390425329276,0.18882430843462022,0.05858021034794124,0.04378722793684497,0.054860831913151324,0.03770097231627964,0.042434726687830444,0.02721908763641714,0.04556238582617652
949,0.1777271172533138,0.20511583355324847,0.06035536823727279,0.050042546213537105,0.05917192964438509,0.041420350751069555,0.04387175926490837,0.03512276681034572,0.053254736679946575
950,0.16500515237977098,0.1858150202537436,0.057988491051497386,0.04370269660878156,0.0535083306641368,0.03169924802377773,0.041251288094942745,0.027641744276734177,0.04683035574712763
951,0.17781164858137719,0.20568705232317977,0.06149654116612879,0.05021160886966392,0.058918335660194866,0.04082863145462571,0.04911270160483962,0.03288268661666543,0.052155829415122285
952,0.1814464956881037,0.21225551519232463,0.06103161886178005,0.051141453478361396,0.0651313882728553,0.0453933231700497,0.04852098230839577,0.03406612520955313,0.05029614019772733
953,0.18491228013870342,0.21666502984872948,0.06043989956533619,0.05198676675899547,0.061961463470477526,0.04057503747043549,0.0557906765218488,0.0383772229407869,0.05655145847441946
954,0.1765859443244578,0.20333505152814776,0.06043989956533619,0.05139504746255162,0.0557906765218488,0.0395606615336746,0.048859107620649406,0.03338987458504587,0.05257848605543932
955,0.17675500698058458,0.20347031737762708,0.05959458628470213,0.04759113769969829,0.057988491051497386,0.040067849502055046,0.049788952229346886,0.03457331317793357,0.05147957879061503
956,0.16906265612681454,0.19218953741685937,0.05874927300406805,0.04260378934395727,0.059002866988258275,0.03643300239532853,0.042434726687830444,0.02721908763641714,0.04860551363645918
957,0.15967967871177632,0.17763958513466505,0.0557906765218488,0.03939159887754779,0.054269112616707464,0.02814893224511462,0.03964519286173801,0.030431278102826618,0.04192753871945
958,0.1837711072098474,0.2155155804261001,0.06217279179063605,0.05367739332026361,0.0593409923005119,0.046238636450683775,0.04961988957322006,0.03761644098821623,0.05435364394477088
959,0.17853016486991616,0.20712280962454582,0.06234185444676286,0.051141453478361396,0.055875207849912206,0.042012070047513415,0.049028170276776216,0.03474237583406039,0.051733172774805256
960,0.17747352326912355,0.2052119514680775,0.0615810724941922,0.051141453478361396,0.05917192964438509,0.037954566300469866,0.04936629558902984,0.03186831067990454,0.05198676675899547
961,0.16580819999637336,0.18723725093715027,0.059256460972448494,0.04150488207913297,0.05131051613448821,0.034911438490187206,0.04488613520166926,0.027388150292543954,0.04556238582617652
962,0.17531797440350666,0.20142925695759023,0.05976364894082894,0.04894363894871281,0.057312240426990124,0.03939159887754779,0.050042546213537105,0.030515809430890026,0.052071298087058876
963,0.1788260245181381,0.20736987369539792,0.05976364894082894,0.04945082691709325,0.06322943339142863,0.04192753871945,0.04961988957322006,0.032206435992158174,0.05156411011867843
964,0.18043211975134282,0.21047329426879308,0.06077802487758983,0.048859107620649406,0.0650468569447919,0.0406595687984989,0.04852098230839577,0.03406612520955313,0.05376192464832702
965,0.17654367866042608,0.20352394001355514,0.05984818026889235,0.049788952229346886,0.05629786449022924,0.0406595687984989,0.05080332816610777,0.0314456540395875,0.0535083306641368
966,0.16504741804380268,0.18636611241585002,0.05874927300406805,0.040321443486245265,0.057312240426990124,0.03288268661666543,0.04167394473525978,0.031107528727333876,0.04277285200008408
967,0.16800601452602193,0.1904739015043468,0.05646692714635606,0.04057503747043549,0.06069349354952642,0.031361122711524095,0.045308791841986294,0.03448878184987016,0.04235019535976704
968,0.17967133779877215,0.20906476480240743,0.06267997975901649,0.048859107620649406,0.06035536823727279,0.04353363395265475,0.04742207504357148,0.032375498648284984,0.05570614519378539
969,0.1815310270161671,0.2121681301105333,0.06234185444676286,0.057058646442799905,0.05722770909892672,0.04573144848230334,0.049958014885473696,0.032544561304411794,0.053001142695756356
970,0.18110837037585006,0.21110490147894734,0.05984818026889235,0.05562161386572198,0.0593409923005119,0.0395606615336746,0.05046520285385414,0.039307067549484376,0.050042546213537105
971,0.17366961350627025,0.19888278869545883,0.06060896222146302,0.04683035574712763,0.058073022379560794,0.03905347356529416,0.04792926301195192,0.029501433494129137,0.049788952229346886
972,0.1697811724153535,0.19264000178985935,0.05756583441118035,0.04378722793684497,0.05917192964438509,0.03905347356529416,0.04192753871945,0.031107528727333876,0.04742207504357148
973,0.16268054085802727,0.1826105236911402,0.05832661636375101,0.03778550364434305,0.053254736679946575,0.03567222044275786,0.041251288094942745,0.02781080693286099,0.043195508640401115
974,0.17641688166833097,0.20470243004910785,0.06445513764834804,0.048774576292586,0.055114425897341536,0.037193784347899196,0.050972390822234585,0.03060034075895343,0.05198676675899547
975,0.18389790420194252,0.2158746382928738,0.06234185444676286,0.053085674023819765,0.06052443089339961,0.044378947233288814,0.048859107620649406,0.041335819423006154,0.054100049960580654
976,0.17641688166833097,0.20324249735493888,0.05993271159695575,0.04573144848230334,0.057312240426990124,0.041166756766879344,0.05105692215029799,0.035376360794535947,0.04894363894871281
977,0.1743458641307775,0.20156797501514861,0.06344076171158715,0.043364571296527925,0.05655145847441946,0.03736284700402601,0.047253012387444664,0.03271362396053862,0.052155829415122285
978,0.18161555834423052,0.21135096527341324,0.06060896222146302,0.057903959723433984,0.05883380433213146,0.04040597481430868,0.04911270160483962,0.03512276681034572,0.05359286199220021
979,0.17721992928493333,0.2056576758965384,0.06267997975901649,0.04961988957322006,0.05655145847441946,0.03440425052180676,0.05029614019772733,0.0348269071621238,0.05257848605543932
980,0.16568140300427822,0.18670434140893433,0.05832661636375101,0.04657676176293741,0.05393098730445384,0.03406612520955313,0.041335819423006154,0.02840252622930484,0.04277285200008408
981,0.1860957187315911,0.2206247065113208,0.06069349354952642,0.053001142695756356,0.06796318776297944,0.04353363395265475,0.0523248920712491,0.037954566300469866,0.05452270660089769
982,0.18296805959324502,0.21606765088594196,0.06035536823727279,0.052916611367692955,0.07109084690132551,0.04235019535976704,0.04792926301195192,0.03406612520955313,0.05012707754160051
983,0.18182688666438904,0.21276339879222914,0.0627645110870799,0.04632316777874718,0.058918335660194866,0.04057503747043549,0.047083949731317846,0.04556238582617652,0.05545255120959517
984,0.18148876135213543,0.2115059983492595,0.06043989956533619,0.05063426550998095,0.06145427550209708,0.042012070047513415,0.04911270160483962,0.03981425551786482,0.05257848605543932
985,0.18250313728889628,0.21382183827977383,0.06267997975901649,0.048182856996142144,0.05333926800800999,0.04167394473525978,0.055875207849912206,0.04192753871945,0.054269112616707464
986,0.17683953830864801,0.2055980665703797,0.06327169905546035,0.04776020035582511,0.058918335660194866,0.040913162782689125,0.04598504246649355,0.03474237583406039,0.04894363894871281
987,0.17933321248651854,0.20779267614317665,0.06069349354952642,0.05266301738350273,0.06204599479854094,0.041251288094942745,0.050042546213537105,0.030684872087016837,0.053254736679946575
988,0.1675410922216732,0.18994745668011234,0.06043989956533619,0.041420350751069555,0.050972390822234585,0.03871534825304053,0.04598504246649355,0.025951117715466033,0.04852098230839577
989,0.1698657037434169,0.19239285469572256,0.05781942839537057,0.048774576292586,0.058073022379560794,0.03474237583406039,0.04378722793684497,0.02882518286962188,0.04471707254554245
990,0.16428663609123204,0.18434479575774204,0.057312240426990124,0.04057503747043549,0.053001142695756356,0.03305174927279224,0.04192753871945,0.030515809430890026,0.04657676176293741
991,0.17147179897662165,0.19509230107865133,0.05874927300406805,0.04640769910681059,0.054184581288644056,0.03744737833208942,0.04792926301195192,0.03271362396053862,0.04894363894871281
992,0.17946000947861365,0.20802767617870588,0.06010177425308257,0.05139504746255162,0.06187693214241412,0.04040597481430868,0.05054973418191754,0.030853934743143654,0.055875207849912206
993,0.1661040596445953,0.18736696082832108,0.05874927300406805,0.0407441001265623,0.05156411011867843,0.036094877083074905,0.044125353249098595,0.031107528727333876,0.04657676176293741
994,0.16115897695288597,0.1795482932815701,0.056974115114736504,0.0383772229407869,0.053846455976390435,0.031614716695714314,0.039307067549484376,0.028064400917051213,0.04471707254554245
995,0.1745149267869043,0.19992028401178838,0.05908739831632168,0.05088785949417118,0.054269112616707464,0.04057503747043549,0.04911270160483962,0.03102299739927047,0.05139504746255162
996,0.18216501197664267,0.21241404126282074,0.06027083690920938,0.05063426550998095,0.06187693214241412,0.043110977312337706,0.05249395472737591,0.037954566300469866,0.049958014885473696
997,0.17874149319007468,0.20674122195175865,0.060017242925019164,0.04919723293290303,0.059256460972448494,0.040067849502055046,0.04970442090128348,0.03546089212259935,0.053085674023819765
998,0.1639907764430101,0.18375907217442303,0.05638239581829265,0.03939159887754779,0.05638239581829265,0.032206435992158174,0.043110977312337706,0.030008621462509582,0.045055197857796075
999,0.17734672627702844,0.20551730011517608,0.0638634183519042,0.04911270160483962,0.055114425897341536,0.03567222044275786,0.04674582441906422,0.03431971919374335,0.05570614519378539
