rep,simple_rate,mle_rate,NA_rate,NP_rate,NS_rate,PB1_rate,PB2_rate,MP_rate,PA_rate
0,0.1382311090507718,0.1401964989452171,0.0256585849479864,0.03866857168217668,0.04047551428414756,0.026019973468380572,0.0498716158143961,0.04481217652887765,0.0484260617328194
1,0.1326295869846621,0.1337458493244618,0.025297196427592226,0.039391348722965035,0.04047551428414756,0.028911081631533973,0.03577746351902329,0.04481217652887765,0.0484260617328194
2,0.1284736190001291,0.12756179633373443,0.0256585849479864,0.04047551428414756,0.03975273724335921,0.026742750509168925,0.03577746351902329,0.04408939948808931,0.03902996020257086
3,0.13624347218860383,0.13875861851135265,0.030718024233504847,0.03902996020257086,0.03902996020257086,0.026019973468380572,0.04625773061045435,0.04408939948808931,0.04228245688611843
4,0.13136472716328249,0.13148566469294853,0.025297196427592226,0.039391348722965035,0.03902996020257086,0.026742750509168925,0.03577746351902329,0.04408939948808931,0.05023300433479028
5,0.13100333864288832,0.13175045407151617,0.02638136198877475,0.03902996020257086,0.039391348722965035,0.028911081631533973,0.03577746351902329,0.04408939948808931,0.0469805076512427
6,0.1394959688721514,0.1426217738088966,0.026019973468380572,0.04119829132493591,0.04119829132493591,0.04951022729400193,0.03577746351902329,0.04408939948808931,0.04083690280454173
7,0.13208750420407084,0.1322770012792945,0.026019973468380572,0.03902996020257086,0.03975273724335921,0.026019973468380572,0.03577746351902329,0.04408939948808931,0.05240133545715532
8,0.13317166976525338,0.13446779401978645,0.026742750509168925,0.039391348722965035,0.04083690280454173,0.028188304590745623,0.036500240559811645,0.04408939948808931,0.05059439285518445
9,0.13696624922939218,0.13894628582567597,0.025297196427592226,0.0513171698959728,0.03975273724335921,0.02638136198877475,0.03577746351902329,0.04408939948808931,0.05059439285518445
10,0.13642416644880093,0.13814206723939504,0.026019973468380572,0.037945794641388336,0.04083690280454173,0.026019973468380572,0.03397052091705242,0.04408939948808931,0.05999049438543299
11,0.13353305828564754,0.13494573788267786,0.026019973468380572,0.04011412576375339,0.043005233926906784,0.02638136198877475,0.03758440612099416,0.04408939948808931,0.053124112497943674
12,0.13208750420407084,0.13259475731415232,0.026742750509168925,0.03902996020257086,0.04047551428414756,0.026019973468380572,0.03505468647823494,0.04408939948808931,0.05023300433479028
13,0.13443652958663296,0.13608050268572155,0.028188304590745623,0.039391348722965035,0.04119829132493591,0.026742750509168925,0.03577746351902329,0.04408939948808931,0.05348550101833785
14,0.14003805165274266,0.14217281469181267,0.026019973468380572,0.03866857168217668,0.03902996020257086,0.027104139029563098,0.04878745025321358,0.04408939948808931,0.058183551783462115
15,0.1357013894080126,0.13710483810622465,0.026742750509168925,0.03902996020257086,0.04047551428414756,0.026019973468380572,0.045534953569666005,0.04408939948808931,0.04625773061045435
16,0.1337137525458446,0.13533362128727072,0.0256585849479864,0.04264384540651261,0.04119829132493591,0.027826916070351447,0.03577746351902329,0.04408939948808931,0.0527627239775495
17,0.14003805165274266,0.14222830636877537,0.02638136198877475,0.04228245688611843,0.04119829132493591,0.03035663571311067,0.03577746351902329,0.04408939948808931,0.060351882905827166
18,0.1281122304797349,0.12751349666335826,0.025297196427592226,0.03902996020257086,0.03975273724335921,0.026019973468380572,0.03577746351902329,0.04408939948808931,0.043005233926906784
19,0.14943415318299122,0.15462228361611452,0.026019973468380572,0.03902996020257086,0.04228245688611843,0.05601522066109707,0.03577746351902329,0.04408939948808931,0.05999049438543299
20,0.1357013894080126,0.1371054597385955,0.027104139029563098,0.04011412576375339,0.03830718316178251,0.026742750509168925,0.04661911913084853,0.04408939948808931,0.04661911913084853
21,0.1281122304797349,0.1275681425548476,0.025297196427592226,0.03902996020257086,0.03902996020257086,0.026019973468380572,0.03469329795784077,0.043005233926906784,0.04625773061045435
22,0.1311840329030854,0.1314380105710085,0.025297196427592226,0.03902996020257086,0.03902996020257086,0.025297196427592226,0.03577746351902329,0.04408939948808931,0.05023300433479028
23,0.1393152746119543,0.14167122775489827,0.02963385867232232,0.0498716158143961,0.04047551428414756,0.027465527549957274,0.03577746351902329,0.048064673212425225,0.04228245688611843
24,0.13443652958663296,0.1361385028982622,0.0256585849479864,0.04734189617163688,0.04119829132493591,0.027104139029563098,0.03577746351902329,0.04408939948808931,0.04661911913084853
25,0.13895388609156015,0.14123852670723622,0.026019973468380572,0.03902996020257086,0.04119829132493591,0.02963385867232232,0.0498716158143961,0.04408939948808931,0.05059439285518445
26,0.13082264438269123,0.13055801752923352,0.0256585849479864,0.04047551428414756,0.04119829132493591,0.025297196427592226,0.03577746351902329,0.04408939948808931,0.048064673212425225
27,0.13009986734190288,0.12994264479687417,0.0256585849479864,0.03902996020257086,0.04047551428414756,0.025297196427592226,0.03577746351902329,0.041559679845330086,0.05167855841636697
28,0.1409415229537281,0.14380498374014888,0.026742750509168925,0.04951022729400193,0.04047551428414756,0.028911081631533973,0.03577746351902329,0.04408939948808931,0.0570993862222796
29,0.13515930662742132,0.1367657283069495,0.0256585849479864,0.04011412576375339,0.04119829132493591,0.026742750509168925,0.04481217652887765,0.04481217652887765,0.047703284692031056
30,0.1367855549691951,0.13875126025478712,0.0256585849479864,0.039391348722965035,0.04047551428414756,0.025297196427592226,0.04661911913084853,0.04481217652887765,0.05059439285518445
31,0.13479791810702715,0.1360963405595423,0.026742750509168925,0.04625773061045435,0.04047551428414756,0.027826916070351447,0.03577746351902329,0.04408939948808931,0.04661911913084853
32,0.13497861236722425,0.13631221276198663,0.026019973468380572,0.03902996020257086,0.03902996020257086,0.026742750509168925,0.047703284692031056,0.04408939948808931,0.04625773061045435
33,0.1357013894080126,0.13742630052093055,0.026742750509168925,0.03902996020257086,0.039391348722965035,0.026019973468380572,0.03505468647823494,0.04481217652887765,0.05673799770188542
34,0.1353400008876184,0.13704279052552676,0.03035663571311067,0.039391348722965035,0.039391348722965035,0.026742750509168925,0.03505468647823494,0.04408939948808931,0.0527627239775495
35,0.1328102812448592,0.1330981081369026,0.026742750509168925,0.03902996020257086,0.03902996020257086,0.026742750509168925,0.03577746351902329,0.04408939948808931,0.05240133545715532
36,0.1485306818820058,0.15350631984838864,0.0256585849479864,0.05023300433479028,0.03975273724335921,0.0498716158143961,0.04734189617163688,0.04408939948808931,0.053124112497943674
37,0.13913458035175724,0.14080339245375798,0.025297196427592226,0.04011412576375339,0.03975273724335921,0.028188304590745623,0.03577746351902329,0.04408939948808931,0.06179743698740387
38,0.13190680994387374,0.1319264760887619,0.027104139029563098,0.03902996020257086,0.03902996020257086,0.026742750509168925,0.03577746351902329,0.04408939948808931,0.0484260617328194
39,0.13461722384683006,0.13562523062825124,0.0256585849479864,0.04083690280454173,0.03975273724335921,0.027104139029563098,0.03577746351902329,0.04408939948808931,0.054208278059126196
40,0.13768902627018054,0.13933983877975925,0.0256585849479864,0.039391348722965035,0.03866857168217668,0.027104139029563098,0.04951022729400193,0.04408939948808931,0.05095578137557863
41,0.13642416644880093,0.13774504240838473,0.031079412753899017,0.04011412576375339,0.03975273724335921,0.026019973468380572,0.03577746351902329,0.04408939948808931,0.05167855841636697
42,0.1353400008876184,0.13683618162527733,0.02638136198877475,0.04083690280454173,0.04119829132493591,0.027104139029563098,0.03577746351902329,0.04408939948808931,0.05456966657952037
43,0.13515930662742132,0.13744996105051063,0.0256585849479864,0.03758440612099416,0.04119829132493591,0.026019973468380572,0.04481217652887765,0.04408939948808931,0.0527627239775495
44,0.14202568851491065,0.14469507915756658,0.025297196427592226,0.049148838773607754,0.03975273724335921,0.02638136198877475,0.035416074998629116,0.041559679845330086,0.06179743698740387
45,0.1393152746119543,0.14139333726613662,0.0256585849479864,0.04228245688611843,0.03866857168217668,0.026742750509168925,0.03577746351902329,0.04408939948808931,0.061436048467009695
46,0.13479791810702715,0.13600893449809048,0.026742750509168925,0.04011412576375339,0.03975273724335921,0.03252496683547572,0.03577746351902329,0.04481217652887765,0.0513171698959728
47,0.13859249757116596,0.140490127627069,0.026019973468380572,0.03902996020257086,0.03975273724335921,0.027104139029563098,0.0498716158143961,0.04408939948808931,0.052039946936761144
48,0.1409415229537281,0.1434328859497139,0.025297196427592226,0.04083690280454173,0.04083690280454173,0.027826916070351447,0.047703284692031056,0.04408939948808931,0.05962910586503881
49,0.13624347218860383,0.13779548810951162,0.0256585849479864,0.03866857168217668,0.03902996020257086,0.02638136198877475,0.052039946936761144,0.04481217652887765,0.04083690280454173
50,0.13642416644880093,0.1384229581119188,0.025297196427592226,0.03902996020257086,0.04047551428414756,0.027826916070351447,0.04083690280454173,0.04408939948808931,0.055292443620308725
51,0.13552069514781548,0.1371130870904203,0.0256585849479864,0.03902996020257086,0.03902996020257086,0.026742750509168925,0.045534953569666005,0.04408939948808931,0.05095578137557863
52,0.1454588794586553,0.14923743448590035,0.031802189794687366,0.03866857168217668,0.03975273724335921,0.028188304590745623,0.05240133545715532,0.04408939948808931,0.054208278059126196
53,0.13154542142347955,0.1324813185812787,0.0256585849479864,0.03902996020257086,0.03902996020257086,0.028911081631533973,0.03577746351902329,0.04408939948808931,0.0498716158143961
54,0.13913458035175724,0.14146146879346094,0.027104139029563098,0.039391348722965035,0.04047551428414756,0.028188304590745623,0.03613885203941747,0.04734189617163688,0.05673799770188542
55,0.12937709030111452,0.1291485602854569,0.026742750509168925,0.03902996020257086,0.03902996020257086,0.025297196427592226,0.03577746351902329,0.04408939948808931,0.044450788008483476
56,0.1338944468060417,0.1353327063609084,0.026019973468380572,0.03902996020257086,0.03866857168217668,0.037945794641388336,0.03577746351902329,0.04264384540651261,0.04951022729400193
57,0.13913458035175724,0.14111933070831792,0.026742750509168925,0.04119829132493591,0.04047551428414756,0.028911081631533973,0.03505468647823494,0.04408939948808931,0.05962910586503881
58,0.13642416644880093,0.13865677630045042,0.026019973468380572,0.03902996020257086,0.043005233926906784,0.026742750509168925,0.047703284692031056,0.04408939948808931,0.0498716158143961
59,0.12793153621953782,0.1276226070512513,0.026742750509168925,0.03902996020257086,0.03902996020257086,0.026019973468380572,0.03505468647823494,0.04408939948808931,0.04011412576375339
60,0.14184499425471353,0.1451115464608947,0.025297196427592226,0.03902996020257086,0.04047551428414756,0.05059439285518445,0.03577746351902329,0.04481217652887765,0.048064673212425225
61,0.13154542142347955,0.1319434659115219,0.026742750509168925,0.03902996020257086,0.04083690280454173,0.026742750509168925,0.03577746351902329,0.04481217652887765,0.0469805076512427
62,0.12720875917874946,0.12680818197676538,0.025297196427592226,0.03902996020257086,0.03902996020257086,0.026742750509168925,0.035416074998629116,0.04408939948808931,0.04083690280454173
63,0.13154542142347955,0.13197378793940395,0.026019973468380572,0.03866857168217668,0.03902996020257086,0.026019973468380572,0.03397052091705242,0.04517356504927183,0.05023300433479028
64,0.13732763774978637,0.1394761911141075,0.026742750509168925,0.04228245688611843,0.04119829132493591,0.025297196427592226,0.03577746351902329,0.04481217652887765,0.05673799770188542
65,0.1322681984642679,0.13303863172932315,0.026742750509168925,0.03902996020257086,0.041559679845330086,0.026742750509168925,0.03577746351902329,0.04408939948808931,0.0513171698959728
66,0.1322681984642679,0.13225375994400654,0.026019973468380572,0.04011412576375339,0.04047551428414756,0.026019973468380572,0.03577746351902329,0.04408939948808931,0.05095578137557863
67,0.14383263111688152,0.14717687569160082,0.0256585849479864,0.05023300433479028,0.04083690280454173,0.02638136198877475,0.04408939948808931,0.04408939948808931,0.05962910586503881
68,0.13732763774978637,0.13961798911868634,0.026019973468380572,0.03830718316178251,0.03975273724335921,0.026742750509168925,0.04481217652887765,0.04589634209006018,0.0527627239775495
69,0.1398573573925456,0.14254697965612761,0.0256585849479864,0.04661911913084853,0.04119829132493591,0.025297196427592226,0.03577746351902329,0.04408939948808931,0.05926771734464464
70,0.1396766631323485,0.14175281943256157,0.026742750509168925,0.04083690280454173,0.04047551428414756,0.028911081631533973,0.04517356504927183,0.04408939948808931,0.054208278059126196
71,0.12991917308170578,0.13007504605981904,0.025297196427592226,0.03902996020257086,0.03902996020257086,0.028911081631533973,0.03830718316178251,0.04408939948808931,0.04192106836572426
72,0.12901570178072033,0.1287466708495167,0.026742750509168925,0.03902996020257086,0.04047551428414756,0.02638136198877475,0.03577746351902329,0.04408939948808931,0.04011412576375339
73,0.1353400008876184,0.1370142820340693,0.026742750509168925,0.041559679845330086,0.03902996020257086,0.026019973468380572,0.041559679845330086,0.04408939948808931,0.05240133545715532
74,0.13335236402545045,0.13487648549520337,0.025297196427592226,0.037945794641388336,0.03866857168217668,0.026019973468380572,0.04336662244730096,0.04264384540651261,0.0527627239775495
75,0.13913458035175724,0.141745703050594,0.027104139029563098,0.03902996020257086,0.041559679845330086,0.028188304590745623,0.03577746351902329,0.04481217652887765,0.05962910586503881
76,0.13750833200998344,0.1394575147012185,0.0256585849479864,0.04228245688611843,0.03975273724335921,0.026019973468380572,0.035416074998629116,0.04408939948808931,0.05926771734464464
77,0.1398573573925456,0.1422878594857288,0.0256585849479864,0.049148838773607754,0.04119829132493591,0.027826916070351447,0.0498716158143961,0.04408939948808931,0.04083690280454173
78,0.1328102812448592,0.1331242012895163,0.0256585849479864,0.04047551428414756,0.04047551428414756,0.02638136198877475,0.03577746351902329,0.04481217652887765,0.05023300433479028
79,0.13624347218860383,0.13817125003843767,0.026742750509168925,0.04734189617163688,0.03902996020257086,0.026742750509168925,0.03577746351902329,0.04408939948808931,0.05240133545715532
80,0.1342558353264359,0.13502007870848454,0.027104139029563098,0.04228245688611843,0.04083690280454173,0.026742750509168925,0.03577746351902329,0.04408939948808931,0.05059439285518445
81,0.13895388609156015,0.14159349582901337,0.0256585849479864,0.048064673212425225,0.04047551428414756,0.026742750509168925,0.03577746351902329,0.04481217652887765,0.05493105509991455
82,0.13660486070899802,0.13822185463298858,0.026019973468380572,0.037945794641388336,0.03975273724335921,0.026019973468380572,0.05095578137557863,0.04481217652887765,0.04228245688611843
83,0.13082264438269123,0.13054080250469716,0.025297196427592226,0.03902996020257086,0.03975273724335921,0.026742750509168925,0.03505468647823494,0.04408939948808931,0.048064673212425225
84,0.13479791810702715,0.13691844452672958,0.0256585849479864,0.04264384540651261,0.041559679845330086,0.026742750509168925,0.03577746351902329,0.04408939948808931,0.054208278059126196
85,0.13768902627018054,0.14012904727721795,0.026742750509168925,0.0513171698959728,0.04119829132493591,0.026742750509168925,0.03577746351902329,0.04408939948808931,0.0527627239775495
86,0.13190680994387374,0.1318617351372709,0.0256585849479864,0.04083690280454173,0.03902996020257086,0.026742750509168925,0.03577746351902329,0.04408939948808931,0.05167855841636697
87,0.13895388609156015,0.14097487699118233,0.026742750509168925,0.03902996020257086,0.03975273724335921,0.026019973468380572,0.0498716158143961,0.04408939948808931,0.0527627239775495
88,0.13154542142347955,0.13139628876862125,0.025297196427592226,0.039391348722965035,0.04047551428414756,0.02638136198877475,0.03577746351902329,0.04408939948808931,0.04878745025321358
89,0.14238707703530482,0.14586336453141566,0.03035663571311067,0.03902996020257086,0.04047551428414756,0.04661911913084853,0.03577746351902329,0.043005233926906784,0.0513171698959728
90,0.13714694348958925,0.13962283601376155,0.029995247192716495,0.03902996020257086,0.03902996020257086,0.026019973468380572,0.04481217652887765,0.04408939948808931,0.04661911913084853
91,0.13515930662742132,0.13634542445970488,0.025297196427592226,0.04047551428414756,0.03975273724335921,0.028188304590745623,0.03758440612099416,0.04408939948808931,0.055292443620308725
92,0.12829292473993198,0.12894350019542566,0.025297196427592226,0.03902996020257086,0.04119829132493591,0.0285496931111398,0.03577746351902329,0.04408939948808931,0.04083690280454173
93,0.1338944468060417,0.134657176951026,0.026742750509168925,0.03902996020257086,0.04047551428414756,0.027104139029563098,0.03577746351902329,0.04481217652887765,0.05059439285518445
94,0.13805041479057473,0.139906836847668,0.027104139029563098,0.039391348722965035,0.04119829132493591,0.04589634209006018,0.03577746351902329,0.04517356504927183,0.04228245688611843
95,0.13552069514781548,0.1367659889032432,0.026019973468380572,0.039391348722965035,0.03902996020257086,0.026742750509168925,0.04661911913084853,0.04408939948808931,0.0484260617328194
96,0.12937709030111452,0.12873594679580244,0.02638136198877475,0.04011412576375339,0.03902996020257086,0.027465527549957274,0.03505468647823494,0.04408939948808931,0.04192106836572426
97,0.14636235075964074,0.15028987653662634,0.025297196427592226,0.04625773061045435,0.03830718316178251,0.0527627239775495,0.03577746351902329,0.04408939948808931,0.05059439285518445
98,0.1384118033109689,0.1404451656032012,0.03144080127429319,0.043005233926906784,0.04119829132493591,0.027104139029563098,0.03505468647823494,0.04408939948808931,0.04951022729400193
99,0.12901570178072033,0.12875542404523585,0.025297196427592226,0.039391348722965035,0.03902996020257086,0.02493580790719805,0.03505468647823494,0.04408939948808931,0.04734189617163688
100,0.13696624922939218,0.13835314548193292,0.025297196427592226,0.04372801096769514,0.04047551428414756,0.025297196427592226,0.03577746351902329,0.048064673212425225,0.05059439285518445
101,0.1338944468060417,0.1342230082491381,0.026019973468380572,0.04228245688611843,0.04047551428414756,0.027104139029563098,0.03577746351902329,0.04408939948808931,0.05059439285518445
102,0.13082264438269123,0.13092818980102386,0.026019973468380572,0.03902996020257086,0.04119829132493591,0.026742750509168925,0.03577746351902329,0.04408939948808931,0.04661911913084853
103,0.1328102812448592,0.1346412924131904,0.026019973468380572,0.03902996020257086,0.04119829132493591,0.026019973468380572,0.03577746351902329,0.04481217652887765,0.053124112497943674
104,0.14347124259648733,0.1471175312218573,0.02638136198877475,0.0513171698959728,0.04119829132493591,0.02638136198877475,0.03577746351902329,0.04481217652887765,0.060351882905827166
105,0.13353305828564754,0.13390614808380755,0.026742750509168925,0.04047551428414756,0.04047551428414756,0.027465527549957274,0.03577746351902329,0.04481217652887765,0.0484260617328194
106,0.13913458035175724,0.1414234385499255,0.026019973468380572,0.03902996020257086,0.03975273724335921,0.027465527549957274,0.0498716158143961,0.04481217652887765,0.0513171698959728
107,0.14365193685668443,0.14646356910984856,0.026019973468380572,0.044450788008483476,0.04047551428414756,0.0484260617328194,0.03577746351902329,0.04408939948808931,0.05167855841636697
108,0.12955778456131162,0.12929887488068056,0.0256585849479864,0.041559679845330086,0.04119829132493591,0.026742750509168925,0.03577746351902329,0.04408939948808931,0.04228245688611843
109,0.13588208366820967,0.1377331255316035,0.0256585849479864,0.03902996020257086,0.03866857168217668,0.026742750509168925,0.045534953569666005,0.048064673212425225,0.043005233926906784
110,0.13497861236722425,0.1369936767841682,0.025297196427592226,0.03758440612099416,0.04083690280454173,0.026019973468380572,0.0469805076512427,0.04408939948808931,0.04878745025321358
111,0.1322681984642679,0.13342179365364212,0.026019973468380572,0.03902996020257086,0.03866857168217668,0.025297196427592226,0.03577746351902329,0.04408939948808931,0.05348550101833785
112,0.13732763774978637,0.1391245860410405,0.026019973468380572,0.04372801096769514,0.03902996020257086,0.026019973468380572,0.04661911913084853,0.04408939948808931,0.0484260617328194
113,0.14148360573431937,0.14476725879161062,0.026019973468380572,0.05059439285518445,0.04119829132493591,0.028188304590745623,0.03577746351902329,0.04481217652887765,0.05673799770188542
114,0.13588208366820967,0.13750742299396554,0.026019973468380572,0.039391348722965035,0.03902996020257086,0.027465527549957274,0.04481217652887765,0.04408939948808931,0.052039946936761144
115,0.1337137525458446,0.13503754872919094,0.029272470151928145,0.043005233926906784,0.04119829132493591,0.028188304590745623,0.04083690280454173,0.041559679845330086,0.04083690280454173
116,0.13768902627018054,0.13972081887448382,0.026742750509168925,0.04047551428414756,0.03975273724335921,0.037945794641388336,0.035416074998629116,0.04408939948808931,0.055292443620308725
117,0.13317166976525338,0.1335179019586519,0.027104139029563098,0.04119829132493591,0.03830718316178251,0.026019973468380572,0.03577746351902329,0.04481217652887765,0.0484260617328194
118,0.13100333864288832,0.13133898327925908,0.0256585849479864,0.03902996020257086,0.03830718316178251,0.027465527549957274,0.035416074998629116,0.04408939948808931,0.04951022729400193
119,0.13895388609156015,0.14125685496939844,0.0256585849479864,0.03902996020257086,0.03975273724335921,0.026019973468380572,0.04661911913084853,0.04408939948808931,0.05854494030385629
120,0.13208750420407084,0.13255936522187822,0.026019973468380572,0.03902996020257086,0.04119829132493591,0.026019973468380572,0.035416074998629116,0.04408939948808931,0.05240133545715532
121,0.13136472716328249,0.13115012582037044,0.026019973468380572,0.04047551428414756,0.03866857168217668,0.025297196427592226,0.03397052091705242,0.04408939948808931,0.0513171698959728
122,0.13461722384683006,0.135810241280713,0.026019973468380572,0.04011412576375339,0.03866857168217668,0.037945794641388336,0.03577746351902329,0.043005233926906784,0.05059439285518445
123,0.13443652958663296,0.1358065308211003,0.027104139029563098,0.03902996020257086,0.03975273724335921,0.026019973468380572,0.04661911913084853,0.04408939948808931,0.04228245688611843
124,0.13696624922939218,0.13958453988036915,0.026742750509168925,0.05023300433479028,0.04119829132493591,0.027465527549957274,0.03577746351902329,0.04408939948808931,0.05167855841636697
125,0.13606277792840676,0.13808289132159413,0.0256585849479864,0.03902996020257086,0.04119829132493591,0.026019973468380572,0.03505468647823494,0.04408939948808931,0.05926771734464464
126,0.13461722384683006,0.13571585895617538,0.026019973468380572,0.04011412576375339,0.04119829132493591,0.026742750509168925,0.03577746351902329,0.04734189617163688,0.052039946936761144
127,0.13642416644880093,0.13820506509706532,0.025297196427592226,0.039391348722965035,0.03975273724335921,0.026019973468380572,0.0469805076512427,0.04408939948808931,0.0527627239775495
128,0.14491679667806404,0.14808870173619854,0.0256585849479864,0.054388972319323284,0.03902996020257086,0.02638136198877475,0.03469329795784077,0.04408939948808931,0.061436048467009695
129,0.13335236402545045,0.13420989041510795,0.027104139029563098,0.039391348722965035,0.04047551428414756,0.02638136198877475,0.03577746351902329,0.04408939948808931,0.053124112497943674
130,0.1367855549691951,0.13919433104833043,0.0256585849479864,0.048064673212425225,0.04119829132493591,0.02963385867232232,0.03577746351902329,0.04481217652887765,0.0498716158143961
131,0.13732763774978637,0.13931953936729918,0.0256585849479864,0.0513171698959728,0.04047551428414756,0.02963385867232232,0.03577746351902329,0.04264384540651261,0.0498716158143961
132,0.12775084195934075,0.12705262643522588,0.0256585849479864,0.03866857168217668,0.03975273724335921,0.025297196427592226,0.03577746351902329,0.04481217652887765,0.03866857168217668
133,0.15178317856555334,0.15814660858489224,0.025297196427592226,0.0498716158143961,0.041559679845330086,0.058183551783462115,0.03577746351902329,0.04589634209006018,0.0513171698959728
134,0.1328102812448592,0.1348494437017251,0.026742750509168925,0.049148838773607754,0.041559679845330086,0.026019973468380572,0.03577746351902329,0.04408939948808931,0.04083690280454173
135,0.1393152746119543,0.1413140357766966,0.027104139029563098,0.03902996020257086,0.039391348722965035,0.027826916070351447,0.03613885203941747,0.04408939948808931,0.06179743698740387
136,0.13479791810702715,0.13642818776733484,0.026019973468380572,0.049148838773607754,0.03902996020257086,0.026019973468380572,0.04011412576375339,0.04083690280454173,0.04517356504927183
137,0.13172611568367668,0.1318314826668453,0.026019973468380572,0.03902996020257086,0.03830718316178251,0.027104139029563098,0.03577746351902329,0.04408939948808931,0.04951022729400193
138,0.13768902627018054,0.13938046344621255,0.027104139029563098,0.03902996020257086,0.03866857168217668,0.026019973468380572,0.03397052091705242,0.04408939948808931,0.06107465994661552
139,0.13335236402545045,0.1347943109697642,0.02638136198877475,0.04083690280454173,0.04119829132493591,0.028911081631533973,0.035416074998629116,0.04408939948808931,0.052039946936761144
140,0.13136472716328249,0.13138000264043845,0.025297196427592226,0.03902996020257086,0.04047551428414756,0.027104139029563098,0.03397052091705242,0.04481217652887765,0.048064673212425225
141,0.1353400008876184,0.1369876525440267,0.0285496931111398,0.03902996020257086,0.03975273724335921,0.026742750509168925,0.03577746351902329,0.04517356504927183,0.053124112497943674
142,0.14166429999451646,0.1450396611183063,0.026742750509168925,0.051859252676564056,0.04119829132493591,0.02638136198877475,0.04119829132493591,0.04408939948808931,0.055292443620308725
143,0.13624347218860383,0.13797478393866927,0.02638136198877475,0.03902996020257086,0.04119829132493591,0.027104139029563098,0.03577746351902329,0.04408939948808931,0.05673799770188542
144,0.1367855549691951,0.13867430854947818,0.026019973468380572,0.05059439285518445,0.04047551428414756,0.02638136198877475,0.03577746351902329,0.04481217652887765,0.04625773061045435
145,0.12991917308170578,0.1296093685805456,0.026019973468380572,0.04011412576375339,0.04047551428414756,0.026742750509168925,0.03577746351902329,0.04481217652887765,0.04228245688611843
146,0.13714694348958925,0.1385545704809614,0.025297196427592226,0.041559679845330086,0.039391348722965035,0.027104139029563098,0.0498716158143961,0.041559679845330086,0.05095578137557863
147,0.1337137525458446,0.13542923672579418,0.026019973468380572,0.04372801096769514,0.041559679845330086,0.026019973468380572,0.03577746351902329,0.04589634209006018,0.047703284692031056
148,0.1340751410662388,0.1363678297734292,0.025297196427592226,0.049148838773607754,0.04228245688611843,0.025297196427592226,0.03505468647823494,0.04408939948808931,0.04625773061045435
149,0.12901570178072033,0.12930770232006483,0.0256585849479864,0.04481217652887765,0.03902996020257086,0.026019973468380572,0.03577746351902329,0.04083690280454173,0.04192106836572426
150,0.13732763774978637,0.1392630616665246,0.02963385867232232,0.03902996020257086,0.04119829132493591,0.037945794641388336,0.04481217652887765,0.04408939948808931,0.04011412576375339
151,0.13624347218860383,0.1369716104829863,0.026019973468380572,0.03902996020257086,0.03975273724335921,0.02963385867232232,0.0498716158143961,0.04408939948808931,0.037945794641388336
152,0.12973847882150868,0.12992820948966172,0.02493580790719805,0.03902996020257086,0.04119829132493591,0.026019973468380572,0.03577746351902329,0.04481217652887765,0.04625773061045435
153,0.1342558353264359,0.13565393749152316,0.026019973468380572,0.03902996020257086,0.04047551428414756,0.026019973468380572,0.03577746351902329,0.04408939948808931,0.05493105509991455
154,0.14238707703530482,0.14510139367743083,0.026742750509168925,0.04228245688611843,0.03866857168217668,0.037945794641388336,0.03577746351902329,0.04408939948808931,0.06179743698740387
155,0.13461722384683006,0.13661104163695023,0.026742750509168925,0.04734189617163688,0.04083690280454173,0.026742750509168925,0.036500240559811645,0.04047551428414756,0.05059439285518445
156,0.12829292473993198,0.12839315654712735,0.0256585849479864,0.03866857168217668,0.03866857168217668,0.03577746351902329,0.03505468647823494,0.041559679845330086,0.04011412576375339
157,0.13244889272446503,0.1337223748965877,0.027104139029563098,0.03866857168217668,0.041559679845330086,0.02638136198877475,0.03577746351902329,0.04408939948808931,0.04951022729400193
158,0.1384118033109689,0.1401229630227811,0.0256585849479864,0.04011412576375339,0.04047551428414756,0.02638136198877475,0.04951022729400193,0.04408939948808931,0.05240133545715532
159,0.1340751410662388,0.13594521302049822,0.02638136198877475,0.049148838773607754,0.04228245688611843,0.027465527549957274,0.03577746351902329,0.04408939948808931,0.043005233926906784
160,0.13190680994387374,0.13180382329509743,0.025297196427592226,0.04228245688611843,0.04047551428414756,0.026019973468380572,0.03613885203941747,0.04408939948808931,0.048064673212425225
161,0.13208750420407084,0.1325595253098877,0.0256585849479864,0.03902996020257086,0.04119829132493591,0.026019973468380572,0.03975273724335921,0.04336662244730096,0.047703284692031056
162,0.1353400008876184,0.13642561822304855,0.026019973468380572,0.043005233926906784,0.039391348722965035,0.026742750509168925,0.045534953569666005,0.04408939948808931,0.04481217652887765
163,0.13552069514781548,0.13680672549531783,0.026742750509168925,0.03902996020257086,0.039391348722965035,0.026019973468380572,0.04083690280454173,0.04625773061045435,0.05023300433479028
164,0.14329054833629024,0.14726552786604533,0.03035663571311067,0.04011412576375339,0.04119829132493591,0.03830718316178251,0.04011412576375339,0.04408939948808931,0.05890632882425047
165,0.13299097550505626,0.13413315078661425,0.027104139029563098,0.03902996020257086,0.03866857168217668,0.028188304590745623,0.03577746351902329,0.04408939948808931,0.05167855841636697
166,0.13136472716328249,0.1313937331825831,0.0256585849479864,0.04228245688611843,0.04047551428414756,0.026019973468380572,0.03577746351902329,0.04408939948808931,0.04661911913084853
167,0.13154542142347955,0.13199831394275205,0.027104139029563098,0.03758440612099416,0.03975273724335921,0.028188304590745623,0.03577746351902329,0.04481217652887765,0.04517356504927183
168,0.1322681984642679,0.13251735615911356,0.0256585849479864,0.03902996020257086,0.04119829132493591,0.027104139029563098,0.03577746351902329,0.04408939948808931,0.05059439285518445
169,0.14021874591293976,0.14313506070234383,0.0256585849479864,0.04625773061045435,0.04119829132493591,0.02963385867232232,0.044450788008483476,0.04589634209006018,0.05023300433479028
170,0.13172611568367668,0.1319577259799595,0.026742750509168925,0.03902996020257086,0.03902996020257086,0.026019973468380572,0.03577746351902329,0.04408939948808931,0.05059439285518445
171,0.12793153621953782,0.1274713830290813,0.0256585849479864,0.03902996020257086,0.03975273724335921,0.026019973468380572,0.03469329795784077,0.04408939948808931,0.043005233926906784
172,0.12883500752052326,0.1284607253421707,0.0256585849479864,0.03902996020257086,0.03902996020257086,0.027104139029563098,0.03577746351902329,0.04481217652887765,0.04083690280454173
173,0.12883500752052326,0.12929228744469637,0.025297196427592226,0.04011412576375339,0.04119829132493591,0.028911081631533973,0.035416074998629116,0.04408939948808931,0.04228245688611843
174,0.13660486070899802,0.13828225938664102,0.03035663571311067,0.04372801096769514,0.03830718316178251,0.026019973468380572,0.036500240559811645,0.04408939948808931,0.04951022729400193
175,0.1357013894080126,0.13791548354393948,0.026019973468380572,0.04083690280454173,0.04119829132493591,0.026019973468380572,0.03505468647823494,0.04734189617163688,0.05384688953873202
176,0.13317166976525338,0.13461419609398914,0.026742750509168925,0.03902996020257086,0.03902996020257086,0.028188304590745623,0.03577746351902329,0.04517356504927183,0.0484260617328194
177,0.13515930662742132,0.13658207788408985,0.025297196427592226,0.037945794641388336,0.03902996020257086,0.0484260617328194,0.03505468647823494,0.041559679845330086,0.04011412576375339
178,0.1367855549691951,0.13869996229898654,0.027104139029563098,0.04047551428414756,0.04047551428414756,0.028188304590745623,0.03577746351902329,0.048064673212425225,0.0513171698959728
179,0.13154542142347955,0.1327846366941332,0.02638136198877475,0.03902996020257086,0.04083690280454173,0.028911081631533973,0.03577746351902329,0.04408939948808931,0.0469805076512427
180,0.13136472716328249,0.13182177756489585,0.026019973468380572,0.03866857168217668,0.041559679845330086,0.02638136198877475,0.03577746351902329,0.04408939948808931,0.0484260617328194
181,0.14039944017313685,0.14401746345813185,0.027104139029563098,0.0513171698959728,0.04119829132493591,0.026742750509168925,0.03577746351902329,0.0469805076512427,0.05348550101833785
182,0.12991917308170578,0.1310734258771041,0.026742750509168925,0.039391348722965035,0.04119829132493591,0.027826916070351447,0.03577746351902329,0.04517356504927183,0.04083690280454173
183,0.1338944468060417,0.13427876201493244,0.026019973468380572,0.043005233926906784,0.03975273724335921,0.027104139029563098,0.03577746351902329,0.04408939948808931,0.05023300433479028
184,0.13172611568367668,0.13258113155117707,0.026019973468380572,0.039391348722965035,0.04047551428414756,0.028911081631533973,0.03577746351902329,0.041559679845330086,0.0527627239775495
185,0.13154542142347955,0.13143611223851948,0.026742750509168925,0.03866857168217668,0.04047551428414756,0.026742750509168925,0.03577746351902329,0.04408939948808931,0.047703284692031056
186,0.13714694348958925,0.13964949312367372,0.027104139029563098,0.048064673212425225,0.04119829132493591,0.026019973468380572,0.03577746351902329,0.041559679845330086,0.054208278059126196
187,0.13750833200998344,0.14030723784514512,0.0256585849479864,0.0513171698959728,0.04119829132493591,0.028188304590745623,0.03505468647823494,0.04408939948808931,0.05059439285518445
188,0.13208750420407084,0.13217653380100822,0.026019973468380572,0.041559679845330086,0.03975273724335921,0.02638136198877475,0.03505468647823494,0.04264384540651261,0.05095578137557863
189,0.1378697205303776,0.14053190080316433,0.031079412753899017,0.03902996020257086,0.03902996020257086,0.026742750509168925,0.03577746351902329,0.04408939948808931,0.05493105509991455
190,0.13190680994387374,0.1317720552135411,0.0256585849479864,0.04083690280454173,0.04119829132493591,0.026742750509168925,0.03577746351902329,0.04408939948808931,0.0484260617328194
191,0.13299097550505626,0.13347086627502447,0.025297196427592226,0.03902996020257086,0.04047551428414756,0.025297196427592226,0.03577746351902329,0.04589634209006018,0.05059439285518445
192,0.14383263111688152,0.146492419855488,0.025297196427592226,0.04047551428414756,0.04047551428414756,0.028911081631533973,0.04951022729400193,0.04408939948808931,0.06179743698740387
193,0.13732763774978637,0.13970990647190284,0.026742750509168925,0.04661911913084853,0.04119829132493591,0.026742750509168925,0.03577746351902329,0.04408939948808931,0.05384688953873202
194,0.13335236402545045,0.13411402518746607,0.026019973468380572,0.03902996020257086,0.041559679845330086,0.026742750509168925,0.03830718316178251,0.04408939948808931,0.0527627239775495
195,0.13588208366820967,0.13775328506776402,0.026019973468380572,0.04589634209006018,0.04119829132493591,0.026742750509168925,0.03577746351902329,0.04408939948808931,0.0527627239775495
196,0.14889207040239996,0.15318131506153798,0.0256585849479864,0.049148838773607754,0.04119829132493591,0.04625773061045435,0.05240133545715532,0.04408939948808931,0.05456966657952037
197,0.1338944468060417,0.13532022913889147,0.0256585849479864,0.03902996020257086,0.03866857168217668,0.028188304590745623,0.03505468647823494,0.04481217652887765,0.05384688953873202
198,0.12793153621953782,0.12750299937187112,0.025297196427592226,0.03902996020257086,0.03975273724335921,0.027104139029563098,0.035416074998629116,0.04408939948808931,0.04011412576375339
199,0.13154542142347955,0.13110887567938764,0.026019973468380572,0.04011412576375339,0.03902996020257086,0.027104139029563098,0.03397052091705242,0.04408939948808931,0.0484260617328194
200,0.13805041479057473,0.13995376163329004,0.026019973468380572,0.04011412576375339,0.03975273724335921,0.026019973468380572,0.03613885203941747,0.048064673212425225,0.05637660918149125
201,0.13750833200998344,0.13933440036330483,0.026019973468380572,0.04734189617163688,0.03866857168217668,0.035416074998629116,0.045534953569666005,0.04408939948808931,0.04083690280454173
202,0.13299097550505626,0.13291775873073333,0.0256585849479864,0.04119829132493591,0.04047551428414756,0.025297196427592226,0.03577746351902329,0.04408939948808931,0.05240133545715532
203,0.1353400008876184,0.13792685682213776,0.027104139029563098,0.04734189617163688,0.041559679845330086,0.027104139029563098,0.03577746351902329,0.04734189617163688,0.04083690280454173
204,0.13190680994387374,0.13177750296129848,0.027104139029563098,0.04119829132493591,0.03975273724335921,0.026019973468380572,0.03577746351902329,0.04408939948808931,0.047703284692031056
205,0.13750833200998344,0.13889701276220653,0.026019973468380572,0.04372801096769514,0.04047551428414756,0.026742750509168925,0.0498716158143961,0.04408939948808931,0.04011412576375339
206,0.1357013894080126,0.13723673434461506,0.026742750509168925,0.04011412576375339,0.03975273724335921,0.026019973468380572,0.04408939948808931,0.04408939948808931,0.05023300433479028
207,0.1337137525458446,0.13554708411363267,0.026742750509168925,0.03902996020257086,0.043005233926906784,0.028911081631533973,0.03577746351902329,0.04481217652887765,0.052039946936761144
208,0.13136472716328249,0.13152630997617135,0.026019973468380572,0.03902996020257086,0.04047551428414756,0.026742750509168925,0.03469329795784077,0.04481217652887765,0.047703284692031056
209,0.1367855549691951,0.138765633195117,0.0256585849479864,0.03902996020257086,0.04119829132493591,0.04336662244730096,0.04047551428414756,0.04589634209006018,0.041559679845330086
210,0.14166429999451646,0.14448611574927891,0.0256585849479864,0.05059439285518445,0.039391348722965035,0.026019973468380572,0.03505468647823494,0.04408939948808931,0.060351882905827166
211,0.1382311090507718,0.1401182624868799,0.027104139029563098,0.03902996020257086,0.04119829132493591,0.026742750509168925,0.03469329795784077,0.04408939948808931,0.060351882905827166
212,0.13714694348958925,0.13976208872690005,0.02638136198877475,0.04625773061045435,0.04119829132493591,0.028911081631533973,0.03577746351902329,0.04481217652887765,0.052039946936761144
213,0.14437471389747278,0.14843702642696094,0.0256585849479864,0.0513171698959728,0.04119829132493591,0.037945794641388336,0.03577746351902329,0.04481217652887765,0.05854494030385629
214,0.1353400008876184,0.13745222066808654,0.0256585849479864,0.04517356504927183,0.04083690280454173,0.026019973468380572,0.03577746351902329,0.045534953569666005,0.05023300433479028
215,0.13443652958663296,0.1353376803187924,0.026019973468380572,0.04372801096769514,0.03975273724335921,0.028911081631533973,0.04083690280454173,0.04408939948808931,0.04192106836572426
216,0.13461722384683006,0.13654568389175312,0.0256585849479864,0.03902996020257086,0.041559679845330086,0.026019973468380572,0.047703284692031056,0.04408939948808931,0.04661911913084853
217,0.13082264438269123,0.13069990996887287,0.025297196427592226,0.03902996020257086,0.03902996020257086,0.026019973468380572,0.03469329795784077,0.04408939948808931,0.05059439285518445
218,0.1357013894080126,0.13774168306076512,0.026019973468380572,0.0469805076512427,0.03975273724335921,0.026742750509168925,0.03505468647823494,0.04408939948808931,0.05059439285518445
219,0.1311840329030854,0.1320789056424709,0.026019973468380572,0.039391348722965035,0.04119829132493591,0.02963385867232232,0.03577746351902329,0.04408939948808931,0.04661911913084853
220,0.1396766631323485,0.14192336272336945,0.026019973468380572,0.04047551428414756,0.04119829132493591,0.028188304590745623,0.05240133545715532,0.04408939948808931,0.05167855841636697
221,0.13461722384683006,0.13630615433799476,0.02963385867232232,0.04625773061045435,0.041559679845330086,0.0285496931111398,0.03577746351902329,0.04408939948808931,0.04011412576375339
222,0.13606277792840676,0.13806637904693667,0.026019973468380572,0.05023300433479028,0.04119829132493591,0.025297196427592226,0.03577746351902329,0.04408939948808931,0.0484260617328194
223,0.1367855549691951,0.13884236503165534,0.0256585849479864,0.049148838773607754,0.03975273724335921,0.026019973468380572,0.03577746351902329,0.04408939948808931,0.05240133545715532
224,0.1398573573925456,0.14268865326918267,0.027104139029563098,0.04625773061045435,0.04119829132493591,0.026742750509168925,0.047703284692031056,0.04408939948808931,0.052039946936761144
225,0.1382311090507718,0.13988308835211843,0.031802189794687366,0.04047551428414756,0.03902996020257086,0.027104139029563098,0.03613885203941747,0.04481217652887765,0.0527627239775495
226,0.14112221721392518,0.14434355878116384,0.027826916070351447,0.03902996020257086,0.04192106836572426,0.026019973468380572,0.052039946936761144,0.04408939948808931,0.054208278059126196
227,0.14021874591293976,0.14238389384061642,0.026742750509168925,0.039391348722965035,0.03902996020257086,0.04661911913084853,0.036500240559811645,0.04481217652887765,0.0484260617328194
228,0.13046125586229704,0.13029735393194675,0.027104139029563098,0.03902996020257086,0.03902996020257086,0.026019973468380572,0.03577746351902329,0.04408939948808931,0.04625773061045435
229,0.14238707703530482,0.14550406913714606,0.0256585849479864,0.04119829132493591,0.03902996020257086,0.05095578137557863,0.03577746351902329,0.04408939948808931,0.05023300433479028
230,0.13136472716328249,0.13137877000094964,0.0256585849479864,0.03902996020257086,0.04047551428414756,0.026019973468380572,0.03577746351902329,0.04408939948808931,0.0498716158143961
231,0.1328102812448592,0.1336960533815417,0.027826916070351447,0.03866857168217668,0.03902996020257086,0.028188304590745623,0.03577746351902329,0.04408939948808931,0.0484260617328194
232,0.12973847882150868,0.13037291885128033,0.025297196427592226,0.04119829132493591,0.04119829132493591,0.028188304590745623,0.03577746351902329,0.04408939948808931,0.04228245688611843
233,0.14419401963727568,0.14783480882326497,0.026742750509168925,0.03902996020257086,0.03902996020257086,0.05384688953873202,0.03577746351902329,0.04372801096769514,0.05240133545715532
234,0.13317166976525338,0.13444812200347636,0.02493580790719805,0.03975273724335921,0.04119829132493591,0.026742750509168925,0.03505468647823494,0.04408939948808931,0.054208278059126196
235,0.151060401524765,0.1559638887928274,0.026019973468380572,0.04481217652887765,0.043005233926906784,0.027104139029563098,0.05167855841636697,0.048064673212425225,0.06288160254858638
236,0.1440133253770786,0.14761207667446213,0.026019973468380572,0.048064673212425225,0.04119829132493591,0.043005233926906784,0.0469805076512427,0.04481217652887765,0.05059439285518445
237,0.13299097550505626,0.1330074319985464,0.027104139029563098,0.04083690280454173,0.03975273724335921,0.0256585849479864,0.04083690280454173,0.04408939948808931,0.043005233926906784
238,0.13172611568367668,0.1318399697343501,0.0256585849479864,0.03902996020257086,0.03975273724335921,0.026742750509168925,0.03577746351902329,0.04408939948808931,0.05023300433479028
239,0.13353305828564754,0.13474871247182207,0.02638136198877475,0.04228245688611843,0.04047551428414756,0.027826916070351447,0.03577746351902329,0.04481217652887765,0.04734189617163688
240,0.1367855549691951,0.13926740493379197,0.026019973468380572,0.03902996020257086,0.04119829132493591,0.028911081631533973,0.04661911913084853,0.04408939948808931,0.05167855841636697
241,0.13588208366820967,0.13751879032534128,0.026019973468380572,0.03902996020257086,0.03902996020257086,0.026019973468380572,0.04625773061045435,0.04408939948808931,0.05023300433479028
242,0.13190680994387374,0.1322212787482789,0.026742750509168925,0.03902996020257086,0.04119829132493591,0.026019973468380572,0.03577746351902329,0.04408939948808931,0.04951022729400193
243,0.13660486070899802,0.13895575389418052,0.0285496931111398,0.04228245688611843,0.04264384540651261,0.028911081631533973,0.03577746351902329,0.04481217652887765,0.0527627239775495
244,0.1396766631323485,0.14209998622794515,0.02638136198877475,0.03902996020257086,0.04047551428414756,0.028188304590745623,0.04517356504927183,0.04408939948808931,0.05673799770188542
245,0.13479791810702715,0.13600123862753544,0.026019973468380572,0.04408939948808931,0.04047551428414756,0.027104139029563098,0.03758440612099416,0.04264384540651261,0.05167855841636697
246,0.13244889272446503,0.13281049551338658,0.026019973468380572,0.04047551428414756,0.039391348722965035,0.025297196427592226,0.03577746351902329,0.04517356504927183,0.052039946936761144
247,0.12955778456131162,0.12929525533265093,0.0256585849479864,0.04011412576375339,0.04047551428414756,0.02638136198877475,0.03505468647823494,0.04408939948808931,0.04408939948808931
248,0.14419401963727568,0.1476942448330576,0.026019973468380572,0.05023300433479028,0.03975273724335921,0.04011412576375339,0.04589634209006018,0.04734189617163688,0.04625773061045435
249,0.1337137525458446,0.1349254416756323,0.026742750509168925,0.03866857168217668,0.03866857168217668,0.025297196427592226,0.03505468647823494,0.043005233926906784,0.055653832140702894
250,0.14455540815766987,0.1483387925400246,0.03035663571311067,0.04625773061045435,0.03902996020257086,0.026019973468380572,0.03577746351902329,0.04408939948808931,0.062158825507798034
251,0.13064195012249413,0.13090746759152436,0.026019973468380572,0.03866857168217668,0.04083690280454173,0.026019973468380572,0.03505468647823494,0.04408939948808931,0.048064673212425225
252,0.12775084195934075,0.12688704464698608,0.025297196427592226,0.04083690280454173,0.03902996020257086,0.025297196427592226,0.03577746351902329,0.04011412576375339,0.04625773061045435
253,0.13244889272446503,0.1328998179744207,0.026742750509168925,0.03975273724335921,0.04119829132493591,0.027104139029563098,0.03577746351902329,0.048064673212425225,0.04011412576375339
254,0.13750833200998344,0.1403816059191213,0.025297196427592226,0.049148838773607754,0.04119829132493591,0.026019973468380572,0.03505468647823494,0.043005233926906784,0.054208278059126196
255,0.13750833200998344,0.1396251417331498,0.025297196427592226,0.03902996020257086,0.043005233926906784,0.028188304590745623,0.03577746351902329,0.043005233926906784,0.060351882905827166
256,0.13479791810702715,0.1360010457634772,0.0256585849479864,0.04119829132493591,0.03975273724335921,0.026742750509168925,0.03577746351902329,0.04408939948808931,0.05493105509991455
257,0.13046125586229704,0.13029735393194675,0.027104139029563098,0.03902996020257086,0.03902996020257086,0.026019973468380572,0.03577746351902329,0.04408939948808931,0.04625773061045435
258,0.1326295869846621,0.13296009758343033,0.027826916070351447,0.03902996020257086,0.03975273724335921,0.026019973468380572,0.03505468647823494,0.04408939948808931,0.05167855841636697
259,0.13172611568367668,0.13147327807864626,0.0256585849479864,0.04011412576375339,0.03975273724335921,0.0256585849479864,0.03577746351902329,0.04408939948808931,0.05059439285518445
260,0.1311840329030854,0.13139444964232222,0.026742750509168925,0.039391348722965035,0.04083690280454173,0.026019973468380572,0.03577746351902329,0.04408939948808931,0.048064673212425225
261,0.13100333864288832,0.13207907865244875,0.026019973468380572,0.03902996020257086,0.04119829132493591,0.02963385867232232,0.03577746351902329,0.04408939948808931,0.04625773061045435
262,0.13588208366820967,0.13740140729890277,0.0256585849479864,0.04047551428414756,0.04119829132493591,0.02638136198877475,0.045534953569666005,0.04408939948808931,0.04951022729400193
263,0.13768902627018054,0.1399799711237204,0.027104139029563098,0.03902996020257086,0.03830718316178251,0.027465527549957274,0.0469805076512427,0.04481217652887765,0.05059439285518445
264,0.13497861236722425,0.1365393193438818,0.02493580790719805,0.04372801096769514,0.03866857168217668,0.026742750509168925,0.03505468647823494,0.04408939948808931,0.054208278059126196
265,0.1353400008876184,0.136379871678047,0.0256585849479864,0.03902996020257086,0.03975273724335921,0.026019973468380572,0.03758440612099416,0.04408939948808931,0.0570993862222796
266,0.13190680994387374,0.13220739526461645,0.026019973468380572,0.039391348722965035,0.04047551428414756,0.026019973468380572,0.03577746351902329,0.04408939948808931,0.05095578137557863
267,0.1322681984642679,0.13359737438618605,0.025297196427592226,0.03902996020257086,0.04119829132493591,0.0285496931111398,0.03577746351902329,0.04408939948808931,0.05023300433479028
268,0.1328102812448592,0.13395690319490788,0.0256585849479864,0.03902996020257086,0.04119829132493591,0.027826916070351447,0.03758440612099416,0.04408939948808931,0.05023300433479028
269,0.1337137525458446,0.13468746546040236,0.0256585849479864,0.04372801096769514,0.03902996020257086,0.026019973468380572,0.03577746351902329,0.04083690280454173,0.05493105509991455
270,0.14112221721392518,0.1444286709910506,0.0256585849479864,0.0513171698959728,0.04047551428414756,0.02963385867232232,0.035416074998629116,0.045534953569666005,0.05493105509991455
271,0.13642416644880093,0.13866850690027527,0.027104139029563098,0.039391348722965035,0.04228245688611843,0.026019973468380572,0.045534953569666005,0.04408939948808931,0.05095578137557863
272,0.13624347218860383,0.13772556855665896,0.03144080127429319,0.04011412576375339,0.03975273724335921,0.026019973468380572,0.03505468647823494,0.04408939948808931,0.05167855841636697
273,0.13768902627018054,0.13939483793320323,0.0256585849479864,0.039391348722965035,0.04047551428414756,0.044450788008483476,0.03577746351902329,0.04408939948808931,0.04951022729400193
274,0.1378697205303776,0.1393591219152025,0.026019973468380572,0.03866857168217668,0.03902996020257086,0.025297196427592226,0.03469329795784077,0.04408939948808931,0.061436048467009695
275,0.13750833200998344,0.13912307697580792,0.026742750509168925,0.04083690280454173,0.03975273724335921,0.030718024233504847,0.03505468647823494,0.04517356504927183,0.055292443620308725
276,0.12937709030111452,0.1294625070320133,0.025297196427592226,0.037945794641388336,0.04119829132493591,0.026742750509168925,0.03577746351902329,0.04408939948808931,0.04625773061045435
277,0.13461722384683006,0.13609208053142868,0.026019973468380572,0.039391348722965035,0.03902996020257086,0.028188304590745623,0.0469805076512427,0.04408939948808931,0.04408939948808931
278,0.13461722384683006,0.1362477345438314,0.0256585849479864,0.04119829132493591,0.04119829132493591,0.026019973468380572,0.03505468647823494,0.04408939948808931,0.05601522066109707
279,0.13606277792840676,0.13738232640361533,0.027104139029563098,0.03902996020257086,0.04047551428414756,0.02963385867232232,0.045534953569666005,0.04408939948808931,0.044450788008483476
280,0.14166429999451646,0.1444950793524486,0.025297196427592226,0.05023300433479028,0.03975273724335921,0.026742750509168925,0.03397052091705242,0.04408939948808931,0.05962910586503881
281,0.1326295869846621,0.13379988917240807,0.0256585849479864,0.03866857168217668,0.04119829132493591,0.02963385867232232,0.03469329795784077,0.04481217652887765,0.04951022729400193
282,0.14256777129550188,0.14541311633653364,0.026019973468380572,0.04047551428414756,0.04119829132493591,0.026019973468380572,0.052039946936761144,0.04408939948808931,0.05962910586503881
283,0.1353400008876184,0.1368168815143873,0.026019973468380572,0.03902996020257086,0.03975273724335921,0.027465527549957274,0.03866857168217668,0.04408939948808931,0.054208278059126196
284,0.1322681984642679,0.13229236965131552,0.026742750509168925,0.04083690280454173,0.03902996020257086,0.026742750509168925,0.03577746351902329,0.04408939948808931,0.04878745025321358
285,0.13028056160209997,0.13137117564598597,0.026742750509168925,0.03866857168217668,0.04228245688611843,0.026742750509168925,0.03469329795784077,0.04408939948808931,0.04625773061045435
286,0.13136472716328249,0.13148758884987938,0.026019973468380572,0.03902996020257086,0.03866857168217668,0.026742750509168925,0.03577746351902329,0.04408939948808931,0.04951022729400193
287,0.1398573573925456,0.1425225967318551,0.027104139029563098,0.04047551428414756,0.04119829132493591,0.027104139029563098,0.0498716158143961,0.04517356504927183,0.04951022729400193
288,0.1367855549691951,0.1383108989905832,0.025297196427592226,0.03722301760059999,0.04119829132493591,0.04336662244730096,0.03577746351902329,0.04408939948808931,0.05240133545715532
289,0.1337137525458446,0.13495603626438055,0.0256585849479864,0.04517356504927183,0.03975273724335921,0.02638136198877475,0.03577746351902329,0.04408939948808931,0.047703284692031056
290,0.13046125586229704,0.1311583993146468,0.02638136198877475,0.04047551428414756,0.04119829132493591,0.030718024233504847,0.03577746351902329,0.04408939948808931,0.04083690280454173
291,0.1328102812448592,0.13310153899232516,0.0256585849479864,0.043005233926906784,0.03866857168217668,0.025297196427592226,0.03577746351902329,0.04408939948808931,0.05059439285518445
292,0.13588208366820967,0.1377275262809046,0.0256585849479864,0.05023300433479028,0.03902996020257086,0.026019973468380572,0.03397052091705242,0.04408939948808931,0.05023300433479028
293,0.13461722384683006,0.1364268785788407,0.026742750509168925,0.04228245688611843,0.04119829132493591,0.026742750509168925,0.03577746351902329,0.04481217652887765,0.0527627239775495
294,0.14202568851491065,0.1452393773269437,0.026742750509168925,0.03902996020257086,0.04047551428414756,0.03397052091705242,0.0498716158143961,0.04589634209006018,0.05348550101833785
295,0.13317166976525338,0.13464692798842814,0.0256585849479864,0.03902996020257086,0.04119829132493591,0.030718024233504847,0.03577746351902329,0.04408939948808931,0.05240133545715532
296,0.13244889272446503,0.1326566784932134,0.026742750509168925,0.03866857168217668,0.03975273724335921,0.026019973468380572,0.03577746351902329,0.04408939948808931,0.05023300433479028
297,0.13100333864288832,0.13101449377382912,0.025297196427592226,0.03902996020257086,0.03902996020257086,0.025297196427592226,0.03577746351902329,0.04408939948808931,0.0498716158143961
298,0.13642416644880093,0.1390316318082402,0.0256585849479864,0.039391348722965035,0.04228245688611843,0.025297196427592226,0.04408939948808931,0.04408939948808931,0.055292443620308725
299,0.12919639604091745,0.12874671860483122,0.02638136198877475,0.03902996020257086,0.04047551428414756,0.02638136198877475,0.036500240559811645,0.04408939948808931,0.04083690280454173
300,0.1322681984642679,0.1337815949244179,0.031079412753899017,0.039391348722965035,0.03505468647823494,0.028911081631533973,0.03252496683547572,0.04408939948808931,0.05023300433479028
301,0.13515930662742132,0.1371534982605183,0.026742750509168925,0.05023300433479028,0.04047551428414756,0.026019973468380572,0.03505468647823494,0.04408939948808931,0.04661911913084853
302,0.13768902627018054,0.14013157072111504,0.026742750509168925,0.0513171698959728,0.03866857168217668,0.02963385867232232,0.035416074998629116,0.04408939948808931,0.05059439285518445
303,0.13660486070899802,0.13876879039247852,0.025297196427592226,0.049148838773607754,0.04047551428414756,0.026019973468380572,0.035416074998629116,0.04408939948808931,0.05095578137557863
304,0.1409415229537281,0.14397726451937956,0.0256585849479864,0.047703284692031056,0.04119829132493591,0.02638136198877475,0.03577746351902329,0.04408939948808931,0.060351882905827166
305,0.1326295869846621,0.1341930367089583,0.025297196427592226,0.03758440612099416,0.04119829132493591,0.027826916070351447,0.03577746351902329,0.04517356504927183,0.05167855841636697
306,0.1393152746119543,0.14177312284616048,0.027826916070351447,0.04228245688611843,0.04119829132493591,0.026019973468380572,0.03577746351902329,0.04408939948808931,0.060351882905827166
307,0.1322681984642679,0.13233005059379815,0.0256585849479864,0.03902996020257086,0.03975273724335921,0.027104139029563098,0.03577746351902329,0.04481217652887765,0.04878745025321358
308,0.13497861236722425,0.13660662862161568,0.026742750509168925,0.0513171698959728,0.04047551428414756,0.026019973468380572,0.036500240559811645,0.043005233926906784,0.04517356504927183
309,0.1322681984642679,0.13314250052973,0.025297196427592226,0.04083690280454173,0.04047551428414756,0.028188304590745623,0.03505468647823494,0.04408939948808931,0.0484260617328194
310,0.13190680994387374,0.13268538880307623,0.026742750509168925,0.04047551428414756,0.03975273724335921,0.026742750509168925,0.035416074998629116,0.04264384540651261,0.0527627239775495
311,0.14527818519845823,0.1492875195334161,0.027104139029563098,0.04119829132493591,0.04047551428414756,0.04951022729400193,0.03830718316178251,0.04481217652887765,0.05348550101833785
312,0.14039944017313685,0.14311698882862456,0.026019973468380572,0.03902996020257086,0.04119829132493591,0.029272470151928145,0.04408939948808931,0.04408939948808931,0.060351882905827166
313,0.13353305828564754,0.1340811115478241,0.026742750509168925,0.04228245688611843,0.03975273724335921,0.026019973468380572,0.03577746351902329,0.04517356504927183,0.0484260617328194
314,0.13299097550505626,0.13418245340467827,0.026742750509168925,0.039391348722965035,0.03902996020257086,0.028188304590745623,0.03577746351902329,0.04408939948808931,0.05240133545715532
315,0.14021874591293976,0.1422295682127272,0.026019973468380572,0.039391348722965035,0.03866857168217668,0.026742750509168925,0.03577746351902329,0.04408939948808931,0.06432715663016308
316,0.13335236402545045,0.13492447850283226,0.026019973468380572,0.03902996020257086,0.04119829132493591,0.026019973468380572,0.03577746351902329,0.04408939948808931,0.054208278059126196
317,0.13136472716328249,0.13214611568221374,0.025297196427592226,0.03902996020257086,0.04119829132493591,0.02963385867232232,0.03469329795784077,0.04264384540651261,0.052039946936761144
318,0.13588208366820967,0.1385724294725008,0.026019973468380572,0.0513171698959728,0.04119829132493591,0.02638136198877475,0.036500240559811645,0.04517356504927183,0.04481217652887765
319,0.13877319183136308,0.14088725694402449,0.025297196427592226,0.03902996020257086,0.04047551428414756,0.026019973468380572,0.04661911913084853,0.04408939948808931,0.05673799770188542
320,0.14021874591293976,0.1437561095127455,0.03035663571311067,0.04734189617163688,0.03902996020257086,0.026019973468380572,0.03577746351902329,0.04408939948808931,0.05456966657952037
321,0.13335236402545045,0.13416725496568874,0.028911081631533973,0.03902996020257086,0.039391348722965035,0.03722301760059999,0.03577746351902329,0.04408939948808931,0.04228245688611843
322,0.1357013894080126,0.1380421577484694,0.031079412753899017,0.04228245688611843,0.04119829132493591,0.028188304590745623,0.03577746351902329,0.04408939948808931,0.04481217652887765
323,0.13028056160209997,0.13030244215455558,0.0256585849479864,0.04083690280454173,0.03830718316178251,0.03035663571311067,0.03505468647823494,0.04481217652887765,0.04228245688611843
324,0.13515930662742132,0.13703793221127078,0.026742750509168925,0.03902996020257086,0.04083690280454173,0.026019973468380572,0.03577746351902329,0.04481217652887765,0.05493105509991455
325,0.13877319183136308,0.14165477546045108,0.027104139029563098,0.05023300433479028,0.04119829132493591,0.028188304590745623,0.03577746351902329,0.04481217652887765,0.053124112497943674
326,0.1454588794586553,0.1490162432071195,0.02638136198877475,0.0513171698959728,0.03758440612099416,0.026742750509168925,0.03577746351902329,0.04517356504927183,0.06396576810976891
327,0.1384118033109689,0.14089795387193094,0.0256585849479864,0.03722301760059999,0.03975273724335921,0.026019973468380572,0.045534953569666005,0.04951022729400193,0.05167855841636697
328,0.1483499876218087,0.1534727482124323,0.031079412753899017,0.054388972319323284,0.04119829132493591,0.043005233926906784,0.03577746351902329,0.04408939948808931,0.05348550101833785
329,0.13208750420407084,0.13219862717238254,0.025297196427592226,0.04011412576375339,0.04047551428414756,0.026742750509168925,0.03577746351902329,0.04408939948808931,0.05059439285518445
330,0.1353400008876184,0.1373960370633166,0.027104139029563098,0.03902996020257086,0.04119829132493591,0.026019973468380572,0.03577746351902329,0.04481217652887765,0.05493105509991455
331,0.13624347218860383,0.13848960138949196,0.026019973468380572,0.03866857168217668,0.04119829132493591,0.027826916070351447,0.0469805076512427,0.04408939948808931,0.04951022729400193
332,0.13479791810702715,0.1361086975622402,0.02638136198877475,0.03866857168217668,0.03975273724335921,0.025297196427592226,0.03577746351902329,0.04408939948808931,0.055292443620308725
333,0.14003805165274266,0.14289008694354718,0.0256585849479864,0.049148838773607754,0.04047551428414756,0.025297196427592226,0.04625773061045435,0.04408939948808931,0.0498716158143961
334,0.1328102812448592,0.1331382932635012,0.025297196427592226,0.04228245688611843,0.03975273724335921,0.025297196427592226,0.03577746351902329,0.04408939948808931,0.0527627239775495
335,0.12991917308170578,0.12994886978882447,0.0256585849479864,0.03902996020257086,0.03902996020257086,0.026019973468380572,0.03397052091705242,0.04517356504927183,0.047703284692031056
336,0.14076082869353101,0.14294122341143514,0.027104139029563098,0.04589634209006018,0.03975273724335921,0.028911081631533973,0.0469805076512427,0.04408939948808931,0.0498716158143961
337,0.12991917308170578,0.12953887585336793,0.026742750509168925,0.03866857168217668,0.03975273724335921,0.026019973468380572,0.03505468647823494,0.04408939948808931,0.04517356504927183
338,0.146904433540232,0.1510351898699784,0.029995247192716495,0.0513171698959728,0.04119829132493591,0.026742750509168925,0.047703284692031056,0.04408939948808931,0.05926771734464464
339,0.13317166976525338,0.1349671757343051,0.026742750509168925,0.0498716158143961,0.04119829132493591,0.026019973468380572,0.03469329795784077,0.04119829132493591,0.04661911913084853
340,0.14039944017313685,0.1434633885566613,0.03035663571311067,0.04372801096769514,0.03902996020257086,0.026019973468380572,0.048064673212425225,0.04481217652887765,0.04661911913084853
341,0.1326295869846621,0.13385004673239093,0.027104139029563098,0.0469805076512427,0.03975273724335921,0.026742750509168925,0.03577746351902329,0.04408939948808931,0.041559679845330086
342,0.1396766631323485,0.1419776987640636,0.026019973468380572,0.03902996020257086,0.04119829132493591,0.027465527549957274,0.052039946936761144,0.04408939948808931,0.05240133545715532
343,0.14112221721392518,0.14378357913721956,0.0256585849479864,0.03902996020257086,0.03902996020257086,0.04264384540651261,0.04625773061045435,0.04517356504927183,0.055292443620308725
344,0.12883500752052326,0.12880285785968618,0.026019973468380572,0.037945794641388336,0.03975273724335921,0.026019973468380572,0.035416074998629116,0.04517356504927183,0.04228245688611843
345,0.13154542142347955,0.13217773142028377,0.027104139029563098,0.03902996020257086,0.03902996020257086,0.027826916070351447,0.03577746351902329,0.04408939948808931,0.04734189617163688
346,0.13624347218860383,0.1382220572009516,0.02638136198877475,0.04119829132493591,0.03830718316178251,0.026019973468380572,0.039391348722965035,0.04408939948808931,0.054208278059126196
347,0.13082264438269123,0.1306552931308601,0.025297196427592226,0.03902996020257086,0.04047551428414756,0.026742750509168925,0.03469329795784077,0.04264384540651261,0.05023300433479028
348,0.14039944017313685,0.14303119709171638,0.025297196427592226,0.03758440612099416,0.04047551428414756,0.0513171698959728,0.03505468647823494,0.04408939948808931,0.0469805076512427
349,0.13136472716328249,0.1322388040991836,0.025297196427592226,0.037945794641388336,0.03830718316178251,0.026019973468380572,0.03577746351902329,0.04408939948808931,0.0527627239775495
350,0.12883500752052326,0.1287686129366081,0.025297196427592226,0.03902996020257086,0.03975273724335921,0.026019973468380572,0.03577746351902329,0.04481217652887765,0.04228245688611843
351,0.13190680994387374,0.1320539357152322,0.0256585849479864,0.043005233926906784,0.03902996020257086,0.026742750509168925,0.03577746351902329,0.04481217652887765,0.04661911913084853
352,0.1322681984642679,0.13252777786482692,0.025297196427592226,0.03902996020257086,0.03975273724335921,0.027104139029563098,0.03577746351902329,0.04408939948808931,0.05059439285518445
353,0.13660486070899802,0.13844246039522506,0.025297196427592226,0.037945794641388336,0.03902996020257086,0.026742750509168925,0.04878745025321358,0.04481217652887765,0.0484260617328194
354,0.13660486070899802,0.13883118511107015,0.025297196427592226,0.05059439285518445,0.04119829132493591,0.0256585849479864,0.03397052091705242,0.04408939948808931,0.05240133545715532
355,0.1357013894080126,0.13654505266654632,0.027104139029563098,0.04372801096769514,0.04119829132493591,0.02638136198877475,0.03577746351902329,0.04408939948808931,0.05240133545715532
356,0.1322681984642679,0.13265000480845335,0.026019973468380572,0.04372801096769514,0.04047551428414756,0.026742750509168925,0.03505468647823494,0.04481217652887765,0.04336662244730096
357,0.1342558353264359,0.13531030858803772,0.026019973468380572,0.04011412576375339,0.04047551428414756,0.02963385867232232,0.03577746351902329,0.04408939948808931,0.05348550101833785
358,0.1322681984642679,0.13231226154210102,0.026742750509168925,0.039391348722965035,0.03975273724335921,0.026019973468380572,0.03577746351902329,0.04408939948808931,0.052039946936761144
359,0.1394959688721514,0.14134504506472229,0.0256585849479864,0.03902996020257086,0.03866857168217668,0.044450788008483476,0.04408939948808931,0.04408939948808931,0.0527627239775495
360,0.1328102812448592,0.13394375637004255,0.026019973468380572,0.03902996020257086,0.03866857168217668,0.026742750509168925,0.04481217652887765,0.04408939948808931,0.04192106836572426
361,0.13190680994387374,0.1325762077205399,0.0256585849479864,0.03902996020257086,0.04119829132493591,0.026742750509168925,0.03577746351902329,0.04408939948808931,0.0527627239775495
362,0.1512410957849621,0.1573917975722966,0.027104139029563098,0.0513171698959728,0.04228245688611843,0.05095578137557863,0.03577746351902329,0.04408939948808931,0.06179743698740387
363,0.13208750420407084,0.13187803457637884,0.026019973468380572,0.04228245688611843,0.04047551428414756,0.026019973468380572,0.03866857168217668,0.041559679845330086,0.048064673212425225
364,0.12829292473993198,0.12763724926945666,0.026019973468380572,0.03902996020257086,0.03866857168217668,0.02638136198877475,0.03577746351902329,0.04408939948808931,0.039391348722965035
365,0.13190680994387374,0.13215762984605728,0.0256585849479864,0.04083690280454173,0.04119829132493591,0.025297196427592226,0.03577746351902329,0.04408939948808931,0.05023300433479028
366,0.13642416644880093,0.1384094430922721,0.025297196427592226,0.03902996020257086,0.03866857168217668,0.02638136198877475,0.04661911913084853,0.04481217652887765,0.05023300433479028
367,0.13443652958663296,0.13655794608428848,0.026019973468380572,0.039391348722965035,0.04119829132493591,0.026019973468380572,0.03505468647823494,0.04625773061045435,0.054208278059126196
368,0.14979554170338538,0.1551118160440679,0.026742750509168925,0.049148838773607754,0.04047551428414756,0.05095578137557863,0.0469805076512427,0.04408939948808931,0.05348550101833785
369,0.13624347218860383,0.1379190395016597,0.027104139029563098,0.04734189617163688,0.03830718316178251,0.028911081631533973,0.03577746351902329,0.04408939948808931,0.0484260617328194
370,0.1450974909382611,0.14894165285052563,0.03144080127429319,0.04083690280454173,0.03902996020257086,0.026019973468380572,0.04408939948808931,0.04408939948808931,0.062158825507798034
371,0.13732763774978637,0.13870065180424718,0.025297196427592226,0.03902996020257086,0.03975273724335921,0.043005233926906784,0.03577746351902329,0.04408939948808931,0.0527627239775495
372,0.1326295869846621,0.13356052468619606,0.026019973468380572,0.04011412576375339,0.03902996020257086,0.028911081631533973,0.04408939948808931,0.04408939948808931,0.04083690280454173
373,0.13299097550505626,0.1333449914890802,0.027104139029563098,0.03902996020257086,0.04047551428414756,0.025297196427592226,0.03577746351902329,0.04408939948808931,0.0513171698959728
374,0.13353305828564754,0.13531330831353922,0.026742750509168925,0.03902996020257086,0.04119829132493591,0.028188304590745623,0.03505468647823494,0.04589634209006018,0.0484260617328194
375,0.1340751410662388,0.1354939756995678,0.025297196427592226,0.04011412576375339,0.039391348722965035,0.026019973468380572,0.0469805076512427,0.04408939948808931,0.04734189617163688
376,0.14148360573431937,0.14450174641148675,0.026019973468380572,0.03902996020257086,0.04119829132493591,0.027104139029563098,0.04408939948808931,0.04589634209006018,0.060351882905827166
377,0.13497861236722425,0.13673012448638278,0.0256585849479864,0.03902996020257086,0.03902996020257086,0.0256585849479864,0.044450788008483476,0.04408939948808931,0.0527627239775495
378,0.1322681984642679,0.13219429216979445,0.0256585849479864,0.03866857168217668,0.04047551428414756,0.02638136198877475,0.03577746351902329,0.04408939948808931,0.05023300433479028
379,0.1284736190001291,0.12796994898237093,0.026019973468380572,0.039391348722965035,0.04047551428414756,0.026742750509168925,0.03577746351902329,0.04408939948808931,0.04011412576375339
380,0.13317166976525338,0.13478544812429985,0.0256585849479864,0.04083690280454173,0.041559679845330086,0.027465527549957274,0.03577746351902329,0.04408939948808931,0.05348550101833785
381,0.12955778456131162,0.1296060270524136,0.025297196427592226,0.03758440612099416,0.03975273724335921,0.026019973468380572,0.03505468647823494,0.04481217652887765,0.04625773061045435
382,0.13606277792840676,0.13745190636665136,0.0256585849479864,0.04047551428414756,0.04119829132493591,0.028188304590745623,0.03577746351902329,0.04408939948808931,0.0570993862222796
383,0.13317166976525338,0.13488183221419944,0.0256585849479864,0.04228245688611843,0.04119829132493591,0.028188304590745623,0.03577746351902329,0.04408939948808931,0.05095578137557863
384,0.14112221721392518,0.14420797399819235,0.026019973468380572,0.05023300433479028,0.03975273724335921,0.026019973468380572,0.04661911913084853,0.04661911913084853,0.04625773061045435
385,0.13642416644880093,0.1385085045406157,0.027104139029563098,0.04734189617163688,0.0469805076512427,0.027104139029563098,0.03577746351902329,0.04408939948808931,0.04661911913084853
386,0.13064195012249413,0.13035928271456967,0.026742750509168925,0.04011412576375339,0.03866857168217668,0.026742750509168925,0.03577746351902329,0.04408939948808931,0.04661911913084853
387,0.13497861236722425,0.1362733883859319,0.0256585849479864,0.03902996020257086,0.03975273724335921,0.026019973468380572,0.04481217652887765,0.04408939948808931,0.0484260617328194
388,0.14148360573431937,0.14477643432775444,0.026742750509168925,0.04661911913084853,0.03975273724335921,0.026742750509168925,0.044450788008483476,0.04734189617163688,0.05059439285518445
389,0.13208750420407084,0.1329883700049396,0.025297196427592226,0.03758440612099416,0.03975273724335921,0.026742750509168925,0.03577746351902329,0.04408939948808931,0.053124112497943674
390,0.1394959688721514,0.14320984945157983,0.03035663571311067,0.048064673212425225,0.04119829132493591,0.026019973468380572,0.03577746351902329,0.04408939948808931,0.0527627239775495
391,0.13461722384683006,0.13636253633377557,0.027104139029563098,0.03902996020257086,0.04119829132493591,0.0256585849479864,0.04264384540651261,0.04408939948808931,0.04625773061045435
392,0.14202568851491065,0.14447892369282306,0.027104139029563098,0.04011412576375339,0.04047551428414756,0.025297196427592226,0.03577746351902329,0.04734189617163688,0.061436048467009695
393,0.1328102812448592,0.13350286699705546,0.0256585849479864,0.03902996020257086,0.04083690280454173,0.026742750509168925,0.03577746351902329,0.04481217652887765,0.0527627239775495
394,0.14003805165274266,0.1422758219269268,0.026019973468380572,0.04083690280454173,0.04119829132493591,0.028188304590745623,0.03577746351902329,0.04408939948808931,0.06179743698740387
395,0.1506990130043708,0.15625776796429028,0.026742750509168925,0.04083690280454173,0.04119829132493591,0.058183551783462115,0.03577746351902329,0.04481217652887765,0.05493105509991455
396,0.13479791810702715,0.136456224846471,0.0256585849479864,0.05023300433479028,0.03866857168217668,0.026019973468380572,0.03577746351902329,0.04408939948808931,0.048064673212425225
397,0.1337137525458446,0.1352617910180489,0.026019973468380572,0.03902996020257086,0.04119829132493591,0.026742750509168925,0.03577746351902329,0.043005233926906784,0.055292443620308725
398,0.1342558353264359,0.1361239220449002,0.0256585849479864,0.04661911913084853,0.039391348722965035,0.026019973468380572,0.03577746351902329,0.04408939948808931,0.04951022729400193
399,0.12973847882150868,0.12951675744671592,0.025297196427592226,0.037945794641388336,0.03975273724335921,0.026019973468380572,0.03397052091705242,0.04408939948808931,0.0484260617328194
400,0.13136472716328249,0.13139626107843969,0.0256585849479864,0.03902996020257086,0.04119829132493591,0.02638136198877475,0.03577746351902329,0.04408939948808931,0.0484260617328194
401,0.13660486070899802,0.13883370980738632,0.025297196427592226,0.03902996020257086,0.04119829132493591,0.028188304590745623,0.04734189617163688,0.04408939948808931,0.05059439285518445
402,0.13859249757116596,0.1408789957878434,0.0256585849479864,0.05366619527853493,0.04119829132493591,0.03035663571311067,0.03577746351902329,0.04408939948808931,0.04661911913084853
403,0.1413029114741223,0.14381084554884016,0.02638136198877475,0.03902996020257086,0.03975273724335921,0.04661911913084853,0.03758440612099416,0.04517356504927183,0.04951022729400193
404,0.1328102812448592,0.13308571107505537,0.025297196427592226,0.041559679845330086,0.03975273724335921,0.026019973468380572,0.03577746351902329,0.04481217652887765,0.05059439285518445
405,0.1326295869846621,0.13333156532521936,0.026742750509168925,0.03902996020257086,0.04119829132493591,0.027104139029563098,0.03505468647823494,0.04408939948808931,0.05059439285518445
406,0.13046125586229704,0.13035148041855643,0.026742750509168925,0.04119829132493591,0.03975273724335921,0.026019973468380572,0.03577746351902329,0.04481217652887765,0.04228245688611843
407,0.13100333864288832,0.1306768085157789,0.025297196427592226,0.03758440612099416,0.04047551428414756,0.026019973468380572,0.03577746351902329,0.04408939948808931,0.049148838773607754
408,0.1378697205303776,0.13975993853980134,0.027826916070351447,0.03902996020257086,0.04119829132493591,0.027104139029563098,0.04481217652887765,0.04408939948808931,0.05240133545715532
409,0.13136472716328249,0.13234516841145838,0.0256585849479864,0.04481217652887765,0.03866857168217668,0.025297196427592226,0.033247743876264065,0.04408939948808931,0.04661911913084853
410,0.13443652958663296,0.13615874030674152,0.025297196427592226,0.03866857168217668,0.04119829132493591,0.026019973468380572,0.0469805076512427,0.04408939948808931,0.04661911913084853
411,0.14292915981589607,0.14620741815841382,0.026742750509168925,0.03758440612099416,0.039391348722965035,0.05059439285518445,0.04083690280454173,0.04408939948808931,0.0527627239775495
412,0.13660486070899802,0.1385427909655247,0.026742750509168925,0.03902996020257086,0.03975273724335921,0.027826916070351447,0.03577746351902329,0.04589634209006018,0.055653832140702894
413,0.1413029114741223,0.14399421597746515,0.026742750509168925,0.03902996020257086,0.04047551428414756,0.027465527549957274,0.05240133545715532,0.04408939948808931,0.05493105509991455
414,0.13136472716328249,0.1315633107088975,0.027104139029563098,0.037945794641388336,0.03902996020257086,0.026019973468380572,0.03577746351902329,0.04264384540651261,0.0527627239775495
415,0.13353305828564754,0.1341992466477363,0.0256585849479864,0.04228245688611843,0.04083690280454173,0.026742750509168925,0.03577746351902329,0.04408939948808931,0.05240133545715532
416,0.13515930662742132,0.1372662735451137,0.031079412753899017,0.03902996020257086,0.03975273724335921,0.028188304590745623,0.03505468647823494,0.04481217652887765,0.044450788008483476
417,0.13082264438269123,0.1303825616390973,0.026742750509168925,0.04047551428414756,0.03902996020257086,0.026019973468380572,0.03613885203941747,0.04408939948808931,0.04734189617163688
418,0.1326295869846621,0.1341056853869357,0.026019973468380572,0.03902996020257086,0.04119829132493591,0.02963385867232232,0.03577746351902329,0.04408939948808931,0.05023300433479028
419,0.13750833200998344,0.1400776067118108,0.026019973468380572,0.0513171698959728,0.04119829132493591,0.026019973468380572,0.03505468647823494,0.04408939948808931,0.0527627239775495
420,0.13208750420407084,0.13254860755208264,0.026019973468380572,0.03902996020257086,0.04047551428414756,0.02638136198877475,0.03505468647823494,0.04408939948808931,0.05023300433479028
421,0.12901570178072033,0.12830447000796477,0.026019973468380572,0.04011412576375339,0.04047551428414756,0.026019973468380572,0.03577746351902329,0.04408939948808931,0.04228245688611843
422,0.12883500752052326,0.12831956197947797,0.025297196427592226,0.04047551428414756,0.03975273724335921,0.026019973468380572,0.03577746351902329,0.04408939948808931,0.04481217652887765
423,0.1353400008876184,0.1366563383683206,0.03035663571311067,0.03902996020257086,0.03975273724335921,0.026019973468380572,0.03469329795784077,0.04408939948808931,0.05240133545715532
424,0.1413029114741223,0.1449429106612214,0.026019973468380572,0.05023300433479028,0.04119829132493591,0.02963385867232232,0.03866857168217668,0.0484260617328194,0.0484260617328194
425,0.13497861236722425,0.13678327013810512,0.025297196427592226,0.041559679845330086,0.04119829132493591,0.027104139029563098,0.03505468647823494,0.04481217652887765,0.05384688953873202
426,0.1393152746119543,0.14180193290953283,0.024574419386803877,0.0513171698959728,0.03902996020257086,0.026019973468380572,0.04734189617163688,0.04408939948808931,0.0484260617328194
427,0.14148360573431937,0.14456517265510546,0.02638136198877475,0.0513171698959728,0.03975273724335921,0.026742750509168925,0.03577746351902329,0.04481217652887765,0.0570993862222796
428,0.14347124259648733,0.1468118777015408,0.0256585849479864,0.05023300433479028,0.03975273724335921,0.026019973468380572,0.04408939948808931,0.04408939948808931,0.05962910586503881
429,0.1342558353264359,0.13639100406487545,0.025297196427592226,0.039391348722965035,0.04119829132493591,0.026019973468380572,0.03469329795784077,0.04734189617163688,0.05348550101833785
430,0.14383263111688152,0.1478458011459689,0.026019973468380572,0.04264384540651261,0.04119829132493591,0.028188304590745623,0.05637660918149125,0.04589634209006018,0.05240133545715532
431,0.13190680994387374,0.13267241607607452,0.026019973468380572,0.03902996020257086,0.03902996020257086,0.025297196427592226,0.03577746351902329,0.04408939948808931,0.053124112497943674
432,0.142748465555699,0.14611305921519688,0.025297196427592226,0.054388972319323284,0.03902996020257086,0.026742750509168925,0.044450788008483476,0.04408939948808931,0.05240133545715532
433,0.13805041479057473,0.14059574364418323,0.027826916070351447,0.048064673212425225,0.04119829132493591,0.028188304590745623,0.03577746351902329,0.04408939948808931,0.0527627239775495
434,0.13497861236722425,0.13689549041559396,0.026019973468380572,0.04661911913084853,0.04264384540651261,0.026019973468380572,0.03577746351902329,0.04408939948808931,0.0484260617328194
435,0.1342558353264359,0.13526719903431123,0.0256585849479864,0.04083690280454173,0.03975273724335921,0.026019973468380572,0.03577746351902329,0.04408939948808931,0.05493105509991455
436,0.13642416644880093,0.1381099940831574,0.025297196427592226,0.054388972319323284,0.04047551428414756,0.026019973468380572,0.035416074998629116,0.04408939948808931,0.04083690280454173
437,0.1340751410662388,0.13535310763051137,0.026019973468380572,0.04047551428414756,0.04047551428414756,0.028911081631533973,0.03577746351902329,0.04481217652887765,0.05023300433479028
438,0.1409415229537281,0.1440192169129667,0.0256585849479864,0.03902996020257086,0.04228245688611843,0.027826916070351447,0.04625773061045435,0.04481217652887765,0.05999049438543299
439,0.13190680994387374,0.1321184769783835,0.0256585849479864,0.04047551428414756,0.04047551428414756,0.026742750509168925,0.03577746351902329,0.04408939948808931,0.04951022729400193
440,0.13642416644880093,0.13811620957313744,0.031079412753899017,0.03902996020257086,0.03975273724335921,0.026742750509168925,0.03577746351902329,0.04408939948808931,0.05059439285518445
441,0.13696624922939218,0.1386677809359147,0.0256585849479864,0.03902996020257086,0.03975273724335921,0.026742750509168925,0.04878745025321358,0.04481217652887765,0.048064673212425225
442,0.14329054833629024,0.14657789186806158,0.025297196427592226,0.04372801096769514,0.039391348722965035,0.05095578137557863,0.045534953569666005,0.04408939948808931,0.043005233926906784
443,0.13443652958663296,0.13592862871296887,0.026742750509168925,0.03902996020257086,0.03975273724335921,0.028188304590745623,0.03577746351902329,0.048064673212425225,0.04625773061045435
444,0.13353305828564754,0.13487956017120764,0.026019973468380572,0.04047551428414756,0.04119829132493591,0.026742750509168925,0.03577746351902329,0.04408939948808931,0.05348550101833785
445,0.1384118033109689,0.14045091409880517,0.026019973468380572,0.04047551428414756,0.03975273724335921,0.026019973468380572,0.05167855841636697,0.04408939948808931,0.04951022729400193
446,0.13208750420407084,0.13186521167524495,0.0256585849479864,0.04047551428414756,0.03975273724335921,0.026742750509168925,0.03577746351902329,0.04408939948808931,0.05059439285518445
447,0.13154542142347955,0.13165466731987086,0.027104139029563098,0.04083690280454173,0.041559679845330086,0.026742750509168925,0.03758440612099416,0.04408939948808931,0.04481217652887765
448,0.13299097550505626,0.13440733190778253,0.026742750509168925,0.044450788008483476,0.04047551428414756,0.026742750509168925,0.03577746351902329,0.04589634209006018,0.041559679845330086
449,0.1337137525458446,0.1342877753098317,0.026742750509168925,0.04083690280454173,0.03975273724335921,0.03144080127429319,0.03577746351902329,0.043005233926906784,0.04951022729400193
450,0.14383263111688152,0.14746084555946232,0.026019973468380572,0.03902996020257086,0.03902996020257086,0.053124112497943674,0.03577746351902329,0.04408939948808931,0.05059439285518445
451,0.13136472716328249,0.13150658355773487,0.025297196427592226,0.04047551428414756,0.03975273724335921,0.02638136198877475,0.03577746351902329,0.04589634209006018,0.04661911913084853
452,0.14021874591293976,0.14302142207685578,0.026742750509168925,0.04951022729400193,0.04047551428414756,0.027104139029563098,0.04408939948808931,0.04408939948808931,0.05095578137557863
453,0.13154542142347955,0.13178133739461326,0.0256585849479864,0.03902996020257086,0.04047551428414756,0.026019973468380572,0.03577746351902329,0.04408939948808931,0.05059439285518445
454,0.13732763774978637,0.13998892817825292,0.026742750509168925,0.03902996020257086,0.039391348722965035,0.026019973468380572,0.04336662244730096,0.04734189617163688,0.052039946936761144
455,0.1322681984642679,0.13293005592412815,0.0256585849479864,0.04228245688611843,0.04047551428414756,0.02963385867232232,0.03577746351902329,0.04408939948808931,0.04661911913084853
456,0.13046125586229704,0.1311293156437408,0.025297196427592226,0.03902996020257086,0.04047551428414756,0.028911081631533973,0.03577746351902329,0.044450788008483476,0.044450788008483476
457,0.13299097550505626,0.13405392118837858,0.0256585849479864,0.03902996020257086,0.03902996020257086,0.030718024233504847,0.03577746351902329,0.04481217652887765,0.04951022729400193
458,0.1481692933616116,0.15252533948957672,0.027104139029563098,0.054388972319323284,0.04047551428414756,0.03902996020257086,0.03577746351902329,0.04481217652887765,0.060351882905827166
459,0.1367855549691951,0.13816316133649084,0.025297196427592226,0.04047551428414756,0.039391348722965035,0.026019973468380572,0.03577746351902329,0.04408939948808931,0.05962910586503881
460,0.13479791810702715,0.1362576116471697,0.025297196427592226,0.03902996020257086,0.04119829132493591,0.028911081631533973,0.03505468647823494,0.04408939948808931,0.055292443620308725
461,0.12955778456131162,0.12944557868750087,0.025297196427592226,0.04047551428414756,0.04119829132493591,0.025297196427592226,0.03577746351902329,0.04408939948808931,0.04661911913084853
462,0.13642416644880093,0.1385089075454099,0.026019973468380572,0.049148838773607754,0.03866857168217668,0.026019973468380572,0.03577746351902329,0.04408939948808931,0.05059439285518445
463,0.13552069514781548,0.13713726599858464,0.025297196427592226,0.04011412576375339,0.04047551428414756,0.026019973468380572,0.0498716158143961,0.04408939948808931,0.04372801096769514
464,0.1328102812448592,0.13366781230432503,0.025297196427592226,0.03902996020257086,0.03975273724335921,0.028188304590745623,0.03577746351902329,0.04408939948808931,0.053124112497943674
465,0.12973847882150868,0.13065925921008556,0.025297196427592226,0.03902996020257086,0.04083690280454173,0.027826916070351447,0.03577746351902329,0.03975273724335921,0.05059439285518445
466,0.13750833200998344,0.13964239911993626,0.026019973468380572,0.03902996020257086,0.04119829132493591,0.027826916070351447,0.03577746351902329,0.04408939948808931,0.05962910586503881
467,0.13877319183136308,0.14113335534235905,0.026742750509168925,0.048064673212425225,0.04083690280454173,0.028188304590745623,0.04661911913084853,0.04408939948808931,0.04228245688611843
468,0.13750833200998344,0.1398615314170514,0.0256585849479864,0.05023300433479028,0.04047551428414756,0.028188304590745623,0.03505468647823494,0.04408939948808931,0.0513171698959728
469,0.1342558353264359,0.13543124098151926,0.0256585849479864,0.04228245688611843,0.03975273724335921,0.03577746351902329,0.03577746351902329,0.04408939948808931,0.0498716158143961
470,0.1338944468060417,0.13554797912588917,0.025297196427592226,0.03866857168217668,0.03830718316178251,0.026019973468380572,0.04408939948808931,0.04408939948808931,0.04951022729400193
471,0.13154542142347955,0.1314841763301895,0.026742750509168925,0.04119829132493591,0.04047551428414756,0.02638136198877475,0.03577746351902329,0.041559679845330086,0.0498716158143961
472,0.1322681984642679,0.13220932535434282,0.025297196427592226,0.04011412576375339,0.04047551428414756,0.026019973468380572,0.03577746351902329,0.04408939948808931,0.05240133545715532
473,0.13552069514781548,0.13721034232929152,0.027104139029563098,0.03902996020257086,0.039391348722965035,0.025297196427592226,0.04408939948808931,0.04408939948808931,0.05059439285518445
474,0.13064195012249413,0.13024732737354375,0.025297196427592226,0.03902996020257086,0.04047551428414756,0.025297196427592226,0.03577746351902329,0.043005233926906784,0.049148838773607754
475,0.13317166976525338,0.13392896063130222,0.027104139029563098,0.03902996020257086,0.04119829132493591,0.026019973468380572,0.03577746351902329,0.04481217652887765,0.05167855841636697
476,0.13443652958663296,0.13526963722228877,0.025297196427592226,0.03866857168217668,0.03975273724335921,0.027465527549957274,0.03613885203941747,0.04734189617163688,0.05095578137557863
477,0.14039944017313685,0.14319368549847117,0.024574419386803877,0.039391348722965035,0.03902996020257086,0.05384688953873202,0.03577746351902329,0.04408939948808931,0.04228245688611843
478,0.13028056160209997,0.1303558348811392,0.02493580790719805,0.03866857168217668,0.03758440612099416,0.025297196427592226,0.03505468647823494,0.04408939948808931,0.05023300433479028
479,0.13353305828564754,0.1346045885242501,0.026019973468380572,0.03975273724335921,0.03902996020257086,0.026019973468380572,0.03577746351902329,0.04408939948808931,0.054208278059126196
480,0.13606277792840676,0.13819656632905158,0.026019973468380572,0.04119829132493591,0.04119829132493591,0.026019973468380572,0.03577746351902329,0.04408939948808931,0.057822163263067945
481,0.1337137525458446,0.1348359711699242,0.025297196427592226,0.03866857168217668,0.03975273724335921,0.025297196427592226,0.03505468647823494,0.04408939948808931,0.05493105509991455
482,0.13461722384683006,0.13569963886154537,0.02638136198877475,0.04372801096769514,0.04119829132493591,0.027104139029563098,0.03577746351902329,0.04408939948808931,0.04951022729400193
483,0.13750833200998344,0.14001278057805253,0.026742750509168925,0.049148838773607754,0.04047551428414756,0.026742750509168925,0.03505468647823494,0.04408939948808931,0.0527627239775495
484,0.13082264438269123,0.13087838807524535,0.026019973468380572,0.03758440612099416,0.039391348722965035,0.026019973468380572,0.04083690280454173,0.041559679845330086,0.04661911913084853
485,0.13913458035175724,0.1422053176900444,0.026742750509168925,0.04734189617163688,0.04119829132493591,0.028911081631533973,0.03505468647823494,0.04408939948808931,0.05493105509991455
486,0.13642416644880093,0.1385333141736436,0.026019973468380572,0.047703284692031056,0.03975273724335921,0.027104139029563098,0.03577746351902329,0.04481217652887765,0.0498716158143961
487,0.13190680994387374,0.13230779043897814,0.026742750509168925,0.03902996020257086,0.04047551428414756,0.026019973468380572,0.03577746351902329,0.04517356504927183,0.047703284692031056
488,0.13461722384683006,0.13632674493712463,0.02493580790719805,0.03902996020257086,0.04047551428414756,0.026019973468380572,0.045534953569666005,0.04481217652887765,0.04661911913084853
489,0.13588208366820967,0.13758363488271957,0.026742750509168925,0.03902996020257086,0.03975273724335921,0.027104139029563098,0.04408939948808931,0.04408939948808931,0.05059439285518445
490,0.1322681984642679,0.132953619073387,0.026019973468380572,0.03902996020257086,0.04047551428414756,0.03035663571311067,0.03577746351902329,0.04264384540651261,0.05167855841636697
491,0.13859249757116596,0.1411595948155937,0.025297196427592226,0.05059439285518445,0.03866857168217668,0.025297196427592226,0.035416074998629116,0.04408939948808931,0.055653832140702894
492,0.1396766631323485,0.142594020196205,0.029995247192716495,0.039391348722965035,0.04119829132493591,0.028188304590745623,0.0469805076512427,0.04408939948808931,0.05023300433479028
493,0.13606277792840676,0.13786054356914226,0.0256585849479864,0.04228245688611843,0.039391348722965035,0.026742750509168925,0.043005233926906784,0.04481217652887765,0.052039946936761144
494,0.1326295869846621,0.13377821067446088,0.02493580790719805,0.03902996020257086,0.03902996020257086,0.03035663571311067,0.03397052091705242,0.04589634209006018,0.05059439285518445
495,0.1326295869846621,0.13338824010997757,0.025297196427592226,0.03902996020257086,0.04047551428414756,0.026742750509168925,0.03505468647823494,0.045534953569666005,0.05023300433479028
496,0.1393152746119543,0.1414302881903964,0.026742750509168925,0.03975273724335921,0.04408939948808931,0.027104139029563098,0.03758440612099416,0.04408939948808931,0.060351882905827166
497,0.13877319183136308,0.141478054729485,0.026742750509168925,0.03902996020257086,0.04119829132493591,0.028188304590745623,0.045534953569666005,0.04481217652887765,0.05348550101833785
498,0.13172611568367668,0.13171654033927255,0.0256585849479864,0.04119829132493591,0.04119829132493591,0.026019973468380572,0.03577746351902329,0.04408939948808931,0.0484260617328194
499,0.13136472716328249,0.13151013831275124,0.027104139029563098,0.03866857168217668,0.03866857168217668,0.026019973468380572,0.03577746351902329,0.04264384540651261,0.05023300433479028
500,0.13154542142347955,0.13255840950123027,0.025297196427592226,0.03722301760059999,0.03866857168217668,0.025297196427592226,0.04408939948808931,0.041559679845330086,0.04878745025321358
501,0.1326295869846621,0.13301207777584506,0.026019973468380572,0.04011412576375339,0.03902996020257086,0.027465527549957274,0.03577746351902329,0.04408939948808931,0.05240133545715532
502,0.14148360573431937,0.14375540931493858,0.027104139029563098,0.03902996020257086,0.03975273724335921,0.04625773061045435,0.03577746351902329,0.04408939948808931,0.05348550101833785
503,0.13136472716328249,0.13178136612139157,0.0256585849479864,0.03902996020257086,0.04119829132493591,0.026019973468380572,0.03577746351902329,0.04408939948808931,0.0513171698959728
504,0.1342558353264359,0.1346751071327298,0.027826916070351447,0.04228245688611843,0.03902996020257086,0.026742750509168925,0.03505468647823494,0.04408939948808931,0.05059439285518445
505,0.13750833200998344,0.1394704228727292,0.025297196427592226,0.04228245688611843,0.04047551428414756,0.026742750509168925,0.03577746351902329,0.04408939948808931,0.05890632882425047
506,0.1398573573925456,0.14230468997446208,0.026742750509168925,0.04517356504927183,0.04047551428414756,0.027465527549957274,0.045534953569666005,0.04408939948808931,0.05023300433479028
507,0.13353305828564754,0.13461607846875667,0.027104139029563098,0.03902996020257086,0.04119829132493591,0.027104139029563098,0.03505468647823494,0.04481217652887765,0.05023300433479028
508,0.1322681984642679,0.13349349051254586,0.025297196427592226,0.03902996020257086,0.04119829132493591,0.026742750509168925,0.04481217652887765,0.04408939948808931,0.04011412576375339
509,0.13642416644880093,0.13808273737191545,0.0256585849479864,0.03902996020257086,0.04047551428414756,0.026019973468380572,0.03469329795784077,0.04408939948808931,0.05962910586503881
510,0.13082264438269123,0.13138155963203826,0.025297196427592226,0.03758440612099416,0.04119829132493591,0.026019973468380572,0.03505468647823494,0.04408939948808931,0.05023300433479028
511,0.12955778456131162,0.1302770360054579,0.0256585849479864,0.03902996020257086,0.04119829132493591,0.026019973468380572,0.03397052091705242,0.041559679845330086,0.0527627239775495
512,0.14329054833629024,0.14731066409283555,0.0256585849479864,0.049148838773607754,0.03975273724335921,0.0498716158143961,0.03505468647823494,0.04408939948808931,0.043005233926906784
513,0.14039944017313685,0.14373759219462096,0.02638136198877475,0.04734189617163688,0.04119829132493591,0.027826916070351447,0.047703284692031056,0.04408939948808931,0.0527627239775495
514,0.12865431326032617,0.12829690118372247,0.025297196427592226,0.037945794641388336,0.04047551428414756,0.025297196427592226,0.03577746351902329,0.043005233926906784,0.04661911913084853
515,0.12865431326032617,0.12802818334018187,0.026742750509168925,0.03902996020257086,0.03902996020257086,0.026019973468380572,0.03577746351902329,0.04408939948808931,0.04192106836572426
516,0.1357013894080126,0.13761825188129503,0.025297196427592226,0.04228245688611843,0.04119829132493591,0.026742750509168925,0.03505468647823494,0.04408939948808931,0.055653832140702894
517,0.14021874591293976,0.14301084705551043,0.026742750509168925,0.04481217652887765,0.04119829132493591,0.03830718316178251,0.03613885203941747,0.04408939948808931,0.055292443620308725
518,0.12973847882150868,0.12989253424740757,0.0256585849479864,0.039391348722965035,0.04119829132493591,0.026019973468380572,0.03577746351902329,0.04481217652887765,0.04481217652887765
519,0.13497861236722425,0.13710041911135698,0.02638136198877475,0.04228245688611843,0.04119829132493591,0.027826916070351447,0.03577746351902329,0.04517356504927183,0.05240133545715532
520,0.13696624922939218,0.1396964806890008,0.026742750509168925,0.03902996020257086,0.04119829132493591,0.04011412576375339,0.03577746351902329,0.04517356504927183,0.05059439285518445
521,0.1340751410662388,0.13580661359934232,0.02638136198877475,0.04372801096769514,0.041559679845330086,0.026019973468380572,0.03577746351902329,0.04408939948808931,0.05167855841636697
522,0.14003805165274266,0.14327158585686536,0.026742750509168925,0.0484260617328194,0.04119829132493591,0.026742750509168925,0.04336662244730096,0.04481217652887765,0.05023300433479028
523,0.13497861236722425,0.13673195538935942,0.027104139029563098,0.03902996020257086,0.04119829132493591,0.028188304590745623,0.03866857168217668,0.04408939948808931,0.05240133545715532
524,0.1338944468060417,0.1341184124085969,0.027104139029563098,0.04119829132493591,0.03975273724335921,0.027104139029563098,0.03613885203941747,0.04408939948808931,0.05167855841636697
525,0.1322681984642679,0.13235005456999543,0.026742750509168925,0.03902996020257086,0.03830718316178251,0.026742750509168925,0.03577746351902329,0.04408939948808931,0.05059439285518445
526,0.13154542142347955,0.13182953769523215,0.0256585849479864,0.03902996020257086,0.03902996020257086,0.02638136198877475,0.03577746351902329,0.04408939948808931,0.05059439285518445
527,0.1398573573925456,0.14212545502909196,0.026019973468380572,0.04228245688611843,0.03902996020257086,0.028188304590745623,0.03577746351902329,0.04408939948808931,0.06107465994661552
528,0.13768902627018054,0.1389425131327059,0.025297196427592226,0.04083690280454173,0.03975273724335921,0.03397052091705242,0.045534953569666005,0.04408939948808931,0.05059439285518445
529,0.1413029114741223,0.1445555881993239,0.0256585849479864,0.03902996020257086,0.04119829132493591,0.054208278059126196,0.03577746351902329,0.04083690280454173,0.0484260617328194
530,0.13154542142347955,0.13183706075622006,0.026742750509168925,0.03902996020257086,0.03975273724335921,0.026019973468380572,0.03505468647823494,0.04408939948808931,0.0498716158143961
531,0.1326295869846621,0.13263220319280736,0.026019973468380572,0.04083690280454173,0.03866857168217668,0.027104139029563098,0.03577746351902329,0.04408939948808931,0.05023300433479028
532,0.14329054833629024,0.14655634117673955,0.0256585849479864,0.05059439285518445,0.04047551428414756,0.027826916070351447,0.03577746351902329,0.04481217652887765,0.060351882905827166
533,0.13624347218860383,0.13781637278268574,0.0256585849479864,0.04372801096769514,0.03975273724335921,0.026019973468380572,0.041559679845330086,0.04408939948808931,0.0527627239775495
534,0.13136472716328249,0.13109695068375898,0.026019973468380572,0.03902996020257086,0.03975273724335921,0.025297196427592226,0.03577746351902329,0.04408939948808931,0.0484260617328194
535,0.13624347218860383,0.13832141067437498,0.025297196427592226,0.03902996020257086,0.04119829132493591,0.026019973468380572,0.047703284692031056,0.04481217652887765,0.0484260617328194
536,0.13154542142347955,0.1315295748876462,0.026019973468380572,0.04011412576375339,0.04047551428414756,0.02638136198877475,0.03577746351902329,0.041559679845330086,0.0527627239775495
537,0.13588208366820967,0.13779764256288493,0.02638136198877475,0.04264384540651261,0.04119829132493591,0.027465527549957274,0.03577746351902329,0.04408939948808931,0.054208278059126196
538,0.13028056160209997,0.1301176633219371,0.025297196427592226,0.03902996020257086,0.04047551428414756,0.02638136198877475,0.03397052091705242,0.04408939948808931,0.048064673212425225
539,0.13750833200998344,0.13962669899427546,0.026742750509168925,0.04481217652887765,0.03975273724335921,0.026019973468380572,0.047703284692031056,0.04481217652887765,0.04372801096769514
540,0.12973847882150868,0.12945698699447872,0.027104139029563098,0.03902996020257086,0.03830718316178251,0.027104139029563098,0.03577746351902329,0.04408939948808931,0.04192106836572426
541,0.1328102812448592,0.13327235077052968,0.026742750509168925,0.04228245688611843,0.03902996020257086,0.033247743876264065,0.03577746351902329,0.04408939948808931,0.04517356504927183
542,0.13642416644880093,0.13812566466562928,0.026019973468380572,0.04228245688611843,0.04119829132493591,0.026742750509168925,0.04264384540651261,0.04408939948808931,0.05059439285518445
543,0.13100333864288832,0.13173067203464778,0.0256585849479864,0.03902996020257086,0.04119829132493591,0.025297196427592226,0.03505468647823494,0.04408939948808931,0.0513171698959728
544,0.13172611568367668,0.13192240456776333,0.026019973468380572,0.03902996020257086,0.039391348722965035,0.026019973468380572,0.03577746351902329,0.04408939948808931,0.0527627239775495
545,0.13190680994387374,0.13299029589257963,0.026019973468380572,0.039391348722965035,0.03902996020257086,0.027826916070351447,0.03577746351902329,0.04408939948808931,0.0513171698959728
546,0.13696624922939218,0.1385723018794162,0.026019973468380572,0.041559679845330086,0.04047551428414756,0.026742750509168925,0.04481217652887765,0.04408939948808931,0.05095578137557863
547,0.13768902627018054,0.13992407793753825,0.026742750509168925,0.03902996020257086,0.03866857168217668,0.028911081631533973,0.04408939948808931,0.04408939948808931,0.05493105509991455
548,0.13335236402545045,0.13453170610428403,0.0256585849479864,0.03902996020257086,0.03902996020257086,0.025297196427592226,0.03577746351902329,0.04408939948808931,0.05493105509991455
549,0.13805041479057473,0.13967445156008038,0.027104139029563098,0.04119829132493591,0.04047551428414756,0.02638136198877475,0.03577746351902329,0.04481217652887765,0.05673799770188542
550,0.12919639604091745,0.12938112634272245,0.0256585849479864,0.03902996020257086,0.03975273724335921,0.03035663571311067,0.03577746351902329,0.04408939948808931,0.04011412576375339
551,0.1409415229537281,0.14321987679635725,0.029272470151928145,0.04011412576375339,0.03975273724335921,0.02638136198877475,0.04589634209006018,0.04481217652887765,0.055292443620308725
552,0.13606277792840676,0.1387169183437607,0.0256585849479864,0.049148838773607754,0.04119829132493591,0.027465527549957274,0.03577746351902329,0.04408939948808931,0.04951022729400193
553,0.13335236402545045,0.13453170610428403,0.0256585849479864,0.03902996020257086,0.03866857168217668,0.026019973468380572,0.03577746351902329,0.04408939948808931,0.05493105509991455
554,0.13552069514781548,0.13748764187341403,0.02638136198877475,0.03902996020257086,0.04119829132493591,0.0285496931111398,0.03505468647823494,0.048064673212425225,0.0484260617328194
555,0.13895388609156015,0.14161476987699206,0.027104139029563098,0.03866857168217668,0.03866857168217668,0.025297196427592226,0.04661911913084853,0.04481217652887765,0.05456966657952037
556,0.1326295869846621,0.1336771029869121,0.026019973468380572,0.04481217652887765,0.04047551428414756,0.028911081631533973,0.03469329795784077,0.04408939948808931,0.04336662244730096
557,0.13624347218860383,0.13717094131087282,0.026019973468380572,0.04083690280454173,0.04047551428414756,0.043005233926906784,0.03577746351902329,0.041559679845330086,0.04951022729400193
558,0.14058013443333395,0.14362969225018202,0.0256585849479864,0.05023300433479028,0.04119829132493591,0.02963385867232232,0.03577746351902329,0.04481217652887765,0.055653832140702894
559,0.13642416644880093,0.13780813863911465,0.026019973468380572,0.04336662244730096,0.03975273724335921,0.028911081631533973,0.04011412576375339,0.04408939948808931,0.05059439285518445
560,0.14618165649944365,0.15003162967630215,0.026019973468380572,0.051859252676564056,0.04119829132493591,0.027104139029563098,0.0469805076512427,0.043005233926906784,0.060351882905827166
561,0.13732763774978637,0.14017685571341046,0.0256585849479864,0.0513171698959728,0.04119829132493591,0.026019973468380572,0.03577746351902329,0.04517356504927183,0.05095578137557863
562,0.13082264438269123,0.13138893218298558,0.0256585849479864,0.03866857168217668,0.03975273724335921,0.027826916070351447,0.034331909437446594,0.04264384540651261,0.05059439285518445
563,0.13100333864288832,0.1314991782090483,0.026742750509168925,0.04011412576375339,0.03866857168217668,0.027826916070351447,0.03577746351902329,0.04408939948808931,0.04625773061045435
564,0.14076082869353101,0.14334256840683496,0.026742750509168925,0.04047551428414756,0.03975273724335921,0.027826916070351447,0.03577746351902329,0.04734189617163688,0.060351882905827166
565,0.13515930662742132,0.136532258448592,0.026019973468380572,0.03902996020257086,0.04047551428414756,0.026742750509168925,0.04878745025321358,0.04408939948808931,0.04083690280454173
566,0.14039944017313685,0.14256909942153678,0.027104139029563098,0.043005233926906784,0.04047551428414756,0.027104139029563098,0.03577746351902329,0.04408939948808931,0.060351882905827166
567,0.13696624922939218,0.13895790832121338,0.0256585849479864,0.04228245688611843,0.04047551428414756,0.027826916070351447,0.03577746351902329,0.04589634209006018,0.05493105509991455
568,0.1398573573925456,0.1430359162702673,0.03035663571311067,0.04734189617163688,0.04047551428414756,0.026019973468380572,0.047703284692031056,0.04408939948808931,0.04047551428414756
569,0.13190680994387374,0.13217319068779124,0.0256585849479864,0.03902996020257086,0.04047551428414756,0.026742750509168925,0.03577746351902329,0.04408939948808931,0.0513171698959728
570,0.13353305828564754,0.13482890408881507,0.0256585849479864,0.05023300433479028,0.04047551428414756,0.026742750509168925,0.03577746351902329,0.04408939948808931,0.04192106836572426
571,0.13515930662742132,0.1356704100391125,0.026019973468380572,0.043005233926906784,0.03975273724335921,0.027104139029563098,0.03975273724335921,0.04481217652887765,0.0469805076512427
572,0.13859249757116596,0.14066686173164133,0.0256585849479864,0.03902996020257086,0.03975273724335921,0.03866857168217668,0.04408939948808931,0.04408939948808931,0.05456966657952037
573,0.13750833200998344,0.13944500412145097,0.025297196427592226,0.04589634209006018,0.03975273724335921,0.026019973468380572,0.0469805076512427,0.04408939948808931,0.04661911913084853
574,0.1342558353264359,0.1350184370755369,0.0256585849479864,0.04047551428414756,0.03975273724335921,0.03505468647823494,0.03577746351902329,0.04408939948808931,0.0527627239775495
575,0.1326295869846621,0.1331057663272874,0.025297196427592226,0.03902996020257086,0.03975273724335921,0.026742750509168925,0.03577746351902329,0.045534953569666005,0.05167855841636697
576,0.13624347218860383,0.13779602828014478,0.026742750509168925,0.04047551428414756,0.03975273724335921,0.026019973468380572,0.04083690280454173,0.04408939948808931,0.05384688953873202
577,0.12883500752052326,0.12829874224338406,0.026019973468380572,0.04011412576375339,0.039391348722965035,0.026019973468380572,0.03577746351902329,0.04408939948808931,0.043005233926906784
578,0.1338944468060417,0.1351044407528566,0.027104139029563098,0.039391348722965035,0.04047551428414756,0.026019973468380572,0.045534953569666005,0.04408939948808931,0.04011412576375339
579,0.13299097550505626,0.133085521970649,0.027104139029563098,0.04011412576375339,0.03975273724335921,0.026742750509168925,0.03577746351902329,0.04408939948808931,0.05059439285518445
580,0.13046125586229704,0.13042551985186723,0.0256585849479864,0.04228245688611843,0.03975273724335921,0.027104139029563098,0.03577746351902329,0.04481217652887765,0.04011412576375339
581,0.1396766631323485,0.14235110184438107,0.025297196427592226,0.04228245688611843,0.03975273724335921,0.026019973468380572,0.04661911913084853,0.04517356504927183,0.055653832140702894
582,0.14039944017313685,0.14397729476336732,0.026019973468380572,0.04625773061045435,0.04119829132493591,0.026019973468380572,0.04264384540651261,0.04734189617163688,0.05059439285518445
583,0.1270280649185524,0.12664345084623993,0.025297196427592226,0.03902996020257086,0.03902996020257086,0.025297196427592226,0.03469329795784077,0.04481217652887765,0.04011412576375339
584,0.13515930662742132,0.13630802443796636,0.0256585849479864,0.04119829132493591,0.04119829132493591,0.026019973468380572,0.03577746351902329,0.048064673212425225,0.05059439285518445
585,0.1342558353264359,0.1345200885028354,0.026742750509168925,0.04372801096769514,0.04047551428414756,0.027465527549957274,0.03577746351902329,0.04408939948808931,0.047703284692031056
586,0.13768902627018054,0.1399617800309839,0.0256585849479864,0.04228245688611843,0.03975273724335921,0.026019973468380572,0.04083690280454173,0.04589634209006018,0.054208278059126196
587,0.1367855549691951,0.13876911104963519,0.026019973468380572,0.04011412576375339,0.03975273724335921,0.026019973468380572,0.04661911913084853,0.04481217652887765,0.0498716158143961
588,0.13805041479057473,0.13984804958150915,0.026019973468380572,0.04228245688611843,0.03975273724335921,0.028188304590745623,0.04661911913084853,0.04408939948808931,0.05023300433479028
589,0.14329054833629024,0.14673177845784094,0.028188304590745623,0.05059439285518445,0.03902996020257086,0.026019973468380572,0.045534953569666005,0.04481217652887765,0.05384688953873202
590,0.1396766631323485,0.14267722416318462,0.029995247192716495,0.04951022729400193,0.03902996020257086,0.025297196427592226,0.04119829132493591,0.04408939948808931,0.04661911913084853
591,0.13317166976525338,0.13446779401978645,0.026742750509168925,0.039391348722965035,0.04083690280454173,0.028188304590745623,0.03577746351902329,0.04408939948808931,0.05059439285518445
592,0.13317166976525338,0.1350421548700731,0.02638136198877475,0.04228245688611843,0.04228245688611843,0.025297196427592226,0.03505468647823494,0.04408939948808931,0.05023300433479028
593,0.14383263111688152,0.1480053466417073,0.026019973468380572,0.03902996020257086,0.04192106836572426,0.0513171698959728,0.04661911913084853,0.04264384540651261,0.05059439285518445
594,0.13642416644880093,0.13821220408893056,0.027104139029563098,0.039391348722965035,0.041559679845330086,0.027465527549957274,0.04119829132493591,0.04589634209006018,0.05095578137557863
595,0.13154542142347955,0.1314004179485498,0.027104139029563098,0.04011412576375339,0.04119829132493591,0.02638136198877475,0.03577746351902329,0.04408939948808931,0.04661911913084853
596,0.13154542142347955,0.13161098827846138,0.025297196427592226,0.03866857168217668,0.037945794641388336,0.026742750509168925,0.03577746351902329,0.04408939948808931,0.05240133545715532
597,0.1322681984642679,0.13215759929521217,0.0256585849479864,0.04119829132493591,0.03975273724335921,0.026742750509168925,0.03469329795784077,0.04408939948808931,0.05059439285518445
598,0.13100333864288832,0.13133005172160714,0.0256585849479864,0.04083690280454173,0.04119829132493591,0.026019973468380572,0.035416074998629116,0.04408939948808931,0.04878745025321358
599,0.12829292473993198,0.12824045108611692,0.025297196427592226,0.03902996020257086,0.04119829132493591,0.026742750509168925,0.03577746351902329,0.04408939948808931,0.04192106836572426
600,0.12991917308170578,0.1298936178371172,0.02638136198877475,0.039391348722965035,0.03830718316178251,0.026019973468380572,0.03505468647823494,0.04408939948808931,0.04625773061045435
601,0.13317166976525338,0.1341957796683155,0.02638136198877475,0.03758440612099416,0.04119829132493591,0.0285496931111398,0.03577746351902329,0.04408939948808931,0.05240133545715532
602,0.1353400008876184,0.13695721748138837,0.026019973468380572,0.04228245688611843,0.03975273724335921,0.025297196427592226,0.03505468647823494,0.04408939948808931,0.05493105509991455
603,0.13732763774978637,0.13953133633837184,0.026019973468380572,0.03902996020257086,0.04047551428414756,0.027465527549957274,0.03577746351902329,0.04734189617163688,0.05493105509991455
604,0.13335236402545045,0.13449890925231425,0.0256585849479864,0.03902996020257086,0.04119829132493591,0.026019973468380572,0.03577746351902329,0.041559679845330086,0.0570993862222796
605,0.13696624922939218,0.1395467006394602,0.026019973468380572,0.04734189617163688,0.04047551428414756,0.028188304590745623,0.03577746351902329,0.04481217652887765,0.0498716158143961
606,0.1338944468060417,0.13467625251786955,0.027104139029563098,0.039391348722965035,0.04047551428414756,0.026742750509168925,0.03505468647823494,0.04481217652887765,0.05240133545715532
607,0.14256777129550188,0.1458823719147661,0.026019973468380572,0.05059439285518445,0.03975273724335921,0.027826916070351447,0.03577746351902329,0.04481217652887765,0.05926771734464464
608,0.13299097550505626,0.13460057640563275,0.026742750509168925,0.05095578137557863,0.03902996020257086,0.025297196427592226,0.035416074998629116,0.04408939948808931,0.04192106836572426
609,0.1342558353264359,0.1344735024561551,0.027104139029563098,0.04119829132493591,0.04047551428414756,0.027465527549957274,0.03577746351902329,0.04408939948808931,0.0513171698959728
610,0.13443652958663296,0.13586339029872185,0.026742750509168925,0.041559679845330086,0.03975273724335921,0.02638136198877475,0.03505468647823494,0.04481217652887765,0.0527627239775495
611,0.13172611568367668,0.13185067488579794,0.0256585849479864,0.03902996020257086,0.03975273724335921,0.026019973468380572,0.03577746351902329,0.04408939948808931,0.05240133545715532
612,0.1342558353264359,0.13575150375358744,0.026742750509168925,0.039391348722965035,0.04119829132493591,0.026019973468380572,0.03577746351902329,0.04408939948808931,0.05493105509991455
613,0.13009986734190288,0.13053392625498297,0.027104139029563098,0.03902996020257086,0.039391348722965035,0.028188304590745623,0.03577746351902329,0.04408939948808931,0.04228245688611843
614,0.1342558353264359,0.1359511437479579,0.026742750509168925,0.04047551428414756,0.04228245688611843,0.026019973468380572,0.04408939948808931,0.04408939948808931,0.04625773061045435
615,0.1470851278004291,0.15170664840894038,0.026019973468380572,0.039391348722965035,0.04047551428414756,0.05926771734464464,0.03577746351902329,0.04517356504927183,0.043005233926906784
616,0.1357013894080126,0.1378125623746541,0.0256585849479864,0.039391348722965035,0.04119829132493591,0.026742750509168925,0.0469805076512427,0.04408939948808931,0.05059439285518445
617,0.13696624922939218,0.13915062865058384,0.029272470151928145,0.04661911913084853,0.04083690280454173,0.028911081631533973,0.03505468647823494,0.04481217652887765,0.044450788008483476
618,0.1326295869846621,0.13418330283698696,0.025297196427592226,0.03866857168217668,0.04083690280454173,0.027826916070351447,0.03577746351902329,0.04481217652887765,0.05023300433479028
619,0.14202568851491065,0.14497139996656563,0.026019973468380572,0.04047551428414756,0.03902996020257086,0.05456966657952037,0.03577746351902329,0.04264384540651261,0.0469805076512427
620,0.13136472716328249,0.13140044079243698,0.027104139029563098,0.04011412576375339,0.04119829132493591,0.026742750509168925,0.03577746351902329,0.04408939948808931,0.04661911913084853
621,0.1328102812448592,0.13406158752620206,0.0256585849479864,0.03902996020257086,0.03902996020257086,0.028188304590745623,0.03577746351902329,0.04408939948808931,0.05348550101833785
622,0.13732763774978637,0.13923090965121357,0.026019973468380572,0.04481217652887765,0.04047551428414756,0.026742750509168925,0.04336662244730096,0.043005233926906784,0.04951022729400193
623,0.1326295869846621,0.13215235380401513,0.026742750509168925,0.04083690280454173,0.04047551428414756,0.027104139029563098,0.03830718316178251,0.04408939948808931,0.04517356504927183
624,0.12937709030111452,0.12913574317055646,0.025297196427592226,0.04119829132493591,0.03975273724335921,0.025297196427592226,0.03577746351902329,0.04481217652887765,0.04336662244730096
625,0.1384118033109689,0.1405483567317388,0.0256585849479864,0.04589634209006018,0.04047551428414756,0.025297196427592226,0.03577746351902329,0.04481217652887765,0.055292443620308725
626,0.1353400008876184,0.13689344834941294,0.027104139029563098,0.05023300433479028,0.039391348722965035,0.026019973468380572,0.03577746351902329,0.04408939948808931,0.047703284692031056
627,0.1353400008876184,0.13602564661111302,0.026019973468380572,0.04011412576375339,0.03975273724335921,0.027104139029563098,0.03577746351902329,0.048064673212425225,0.04951022729400193
628,0.1342558353264359,0.13560382239482996,0.02638136198877475,0.04119829132493591,0.04625773061045435,0.026742750509168925,0.03577746351902329,0.04408939948808931,0.0513171698959728
629,0.13588208366820967,0.1381729559191427,0.0256585849479864,0.04734189617163688,0.039391348722965035,0.026742750509168925,0.03577746351902329,0.04481217652887765,0.05167855841636697
630,0.1393152746119543,0.14186137751539918,0.026019973468380572,0.03902996020257086,0.039391348722965035,0.026019973468380572,0.052039946936761144,0.04481217652887765,0.053124112497943674
631,0.13479791810702715,0.13544827002923096,0.026742750509168925,0.04372801096769514,0.04083690280454173,0.025297196427592226,0.03577746351902329,0.04408939948808931,0.0527627239775495
632,0.13877319183136308,0.1411838954905201,0.026019973468380572,0.0469805076512427,0.04047551428414756,0.026742750509168925,0.03505468647823494,0.04408939948808931,0.05601522066109707
633,0.12991917308170578,0.12987343625680756,0.025297196427592226,0.04372801096769514,0.039391348722965035,0.025297196427592226,0.03577746351902329,0.04408939948808931,0.043005233926906784
634,0.13714694348958925,0.13946815533359777,0.026019973468380572,0.039391348722965035,0.04083690280454173,0.028188304590745623,0.03758440612099416,0.0469805076512427,0.05493105509991455
635,0.13895388609156015,0.1408626131990045,0.0256585849479864,0.041559679845330086,0.03975273724335921,0.027826916070351447,0.04481217652887765,0.04408939948808931,0.055653832140702894
636,0.13497861236722425,0.1367373832329837,0.027826916070351447,0.03902996020257086,0.04119829132493591,0.02638136198877475,0.04625773061045435,0.04481217652887765,0.04011412576375339
637,0.12883500752052326,0.1293349948398382,0.026019973468380572,0.03902996020257086,0.03975273724335921,0.028188304590745623,0.03505468647823494,0.04408939948808931,0.04083690280454173
638,0.1456395737188524,0.14984819506411992,0.0256585849479864,0.05095578137557863,0.03975273724335921,0.05023300433479028,0.03577746351902329,0.04408939948808931,0.05095578137557863
639,0.13895388609156015,0.14105059893936558,0.027104139029563098,0.04047551428414756,0.03975273724335921,0.027465527549957274,0.04625773061045435,0.04408939948808931,0.05493105509991455
640,0.13913458035175724,0.141204416921549,0.0256585849479864,0.04047551428414756,0.039391348722965035,0.028911081631533973,0.052039946936761144,0.04408939948808931,0.0527627239775495
641,0.13642416644880093,0.13717477940770526,0.025297196427592226,0.04047551428414756,0.039391348722965035,0.026019973468380572,0.03397052091705242,0.05240133545715532,0.0513171698959728
642,0.1384118033109689,0.14091383118002365,0.0256585849479864,0.0513171698959728,0.03902996020257086,0.025297196427592226,0.03577746351902329,0.04408939948808931,0.055292443620308725
643,0.1340751410662388,0.13470833694061668,0.027104139029563098,0.04011412576375339,0.03975273724335921,0.026742750509168925,0.03505468647823494,0.04589634209006018,0.05023300433479028
644,0.13588208366820967,0.13746872212117922,0.0256585849479864,0.04011412576375339,0.04047551428414756,0.02638136198877475,0.03577746351902329,0.04408939948808931,0.058183551783462115
645,0.1393152746119543,0.14221340718491537,0.027826916070351447,0.039391348722965035,0.04119829132493591,0.026019973468380572,0.04264384540651261,0.048064673212425225,0.05059439285518445
646,0.1342558353264359,0.13629634008591357,0.028188304590745623,0.03902996020257086,0.04119829132493591,0.028188304590745623,0.03505468647823494,0.04408939948808931,0.053124112497943674
647,0.14220638277510772,0.14442524268924076,0.027104139029563098,0.04408939948808931,0.03975273724335921,0.02963385867232232,0.03577746351902329,0.043005233926906784,0.061436048467009695
648,0.13028056160209997,0.12981453179177596,0.027104139029563098,0.03902996020257086,0.04047551428414756,0.026742750509168925,0.03577746351902329,0.04408939948808931,0.043005233926906784
649,0.13082264438269123,0.1307274675843121,0.0256585849479864,0.043005233926906784,0.03975273724335921,0.025297196427592226,0.03505468647823494,0.04408939948808931,0.04517356504927183
650,0.1311840329030854,0.13133797524659646,0.02638136198877475,0.04228245688611843,0.03830718316178251,0.026019973468380572,0.03577746351902329,0.04481217652887765,0.044450788008483476
651,0.13299097550505626,0.13301369379892608,0.026019973468380572,0.039391348722965035,0.03975273724335921,0.027104139029563098,0.03577746351902329,0.04408939948808931,0.05240133545715532
652,0.13479791810702715,0.1362566042688639,0.026742750509168925,0.044450788008483476,0.04047551428414756,0.027826916070351447,0.03469329795784077,0.04264384540651261,0.05059439285518445
653,0.13443652958663296,0.13502391832591634,0.029995247192716495,0.03866857168217668,0.04047551428414756,0.026019973468380572,0.03577746351902329,0.043005233926906784,0.05059439285518445
654,0.13190680994387374,0.13183993731231267,0.0256585849479864,0.03866857168217668,0.03975273724335921,0.026742750509168925,0.03577746351902329,0.04408939948808931,0.05059439285518445
655,0.13353305828564754,0.1341992466477363,0.0256585849479864,0.04228245688611843,0.04119829132493591,0.027104139029563098,0.03577746351902329,0.04408939948808931,0.05240133545715532
656,0.13317166976525338,0.1341666917157729,0.025297196427592226,0.037945794641388336,0.03902996020257086,0.025297196427592226,0.03577746351902329,0.04734189617163688,0.05167855841636697
657,0.13750833200998344,0.13959583180650578,0.026019973468380572,0.05023300433479028,0.03975273724335921,0.028188304590745623,0.03577746351902329,0.04408939948808931,0.0513171698959728
658,0.13877319183136308,0.1402368967853988,0.0285496931111398,0.039391348722965035,0.04047551428414756,0.03035663571311067,0.03577746351902329,0.04408939948808931,0.05673799770188542
659,0.1281122304797349,0.1275423558049071,0.026019973468380572,0.03902996020257086,0.03975273724335921,0.026019973468380572,0.035416074998629116,0.04408939948808931,0.04083690280454173
660,0.13009986734190288,0.13069331653198946,0.025297196427592226,0.03902996020257086,0.04119829132493591,0.025297196427592226,0.04119829132493591,0.04408939948808931,0.04011412576375339
661,0.13642416644880093,0.13859400547579934,0.025297196427592226,0.04734189617163688,0.03975273724335921,0.02638136198877475,0.03577746351902329,0.04481217652887765,0.05240133545715532
662,0.1255825108369757,0.12495231678806873,0.025297196427592226,0.03722301760059999,0.03866857168217668,0.025297196427592226,0.03505468647823494,0.04408939948808931,0.04083690280454173
663,0.13877319183136308,0.14100359777170557,0.026742750509168925,0.04625773061045435,0.03866857168217668,0.037945794641388336,0.03505468647823494,0.04408939948808931,0.05167855841636697
664,0.13768902627018054,0.1405092184585122,0.029995247192716495,0.04228245688611843,0.039391348722965035,0.02963385867232232,0.03577746351902329,0.04481217652887765,0.0527627239775495
665,0.1322681984642679,0.13271261460461917,0.0256585849479864,0.04228245688611843,0.03866857168217668,0.025297196427592226,0.035416074998629116,0.04408939948808931,0.052039946936761144
666,0.14112221721392518,0.14388360362053212,0.025297196427592226,0.051859252676564056,0.03975273724335921,0.027465527549957274,0.04878745025321358,0.04408939948808931,0.04625773061045435
667,0.12865431326032617,0.12838158666252256,0.026742750509168925,0.04011412576375339,0.04119829132493591,0.026019973468380572,0.03577746351902329,0.04408939948808931,0.04083690280454173
668,0.14076082869353101,0.143298828632594,0.02638136198877475,0.05023300433479028,0.039391348722965035,0.03252496683547572,0.03577746351902329,0.04408939948808931,0.05673799770188542
669,0.13497861236722425,0.13630782826651594,0.026019973468380572,0.04517356504927183,0.04047551428414756,0.027104139029563098,0.03577746351902329,0.041559679845330086,0.053124112497943674
670,0.13154542142347955,0.1323681780479479,0.025297196427592226,0.03902996020257086,0.04047551428414756,0.02963385867232232,0.03505468647823494,0.04408939948808931,0.048064673212425225
671,0.13082264438269123,0.130680952847566,0.029272470151928145,0.04228245688611843,0.03902996020257086,0.0256585849479864,0.03397052091705242,0.04228245688611843,0.04264384540651261
672,0.13443652958663296,0.13626023170691617,0.025297196427592226,0.04083690280454173,0.04083690280454173,0.026019973468380572,0.04661911913084853,0.04589634209006018,0.041559679845330086
673,0.13100333864288832,0.13164274791528968,0.02638136198877475,0.044450788008483476,0.03902996020257086,0.026019973468380572,0.03577746351902329,0.04408939948808931,0.04083690280454173
674,0.1342558353264359,0.13501108246591617,0.025297196427592226,0.03902996020257086,0.03975273724335921,0.02638136198877475,0.04878745025321358,0.04336662244730096,0.03975273724335921
675,0.13552069514781548,0.13752860319778054,0.027104139029563098,0.043005233926906784,0.04228245688611843,0.02963385867232232,0.03577746351902329,0.04481217652887765,0.05059439285518445
676,0.13028056160209997,0.1299055961895434,0.0256585849479864,0.04011412576375339,0.03902996020257086,0.026742750509168925,0.03505468647823494,0.043005233926906784,0.0484260617328194
677,0.13335236402545045,0.13336409951591272,0.029272470151928145,0.04047551428414756,0.03975273724335921,0.026019973468380572,0.03397052091705242,0.04408939948808931,0.0484260617328194
678,0.14184499425471353,0.14557992647837523,0.025297196427592226,0.03902996020257086,0.04119829132493591,0.05456966657952037,0.03613885203941747,0.04408939948808931,0.04228245688611843
679,0.13299097550505626,0.1335921820618221,0.027104139029563098,0.03902996020257086,0.03902996020257086,0.025297196427592226,0.03505468647823494,0.04481217652887765,0.05240133545715532
680,0.13642416644880093,0.1380042931060842,0.02638136198877475,0.03902996020257086,0.03902996020257086,0.02638136198877475,0.03577746351902329,0.04408939948808931,0.05854494030385629
681,0.13244889272446503,0.13350410780363997,0.026019973468380572,0.03902996020257086,0.037945794641388336,0.026019973468380572,0.03613885203941747,0.04408939948808931,0.05384688953873202
682,0.13028056160209997,0.1299245890725908,0.025297196427592226,0.039391348722965035,0.03866857168217668,0.026019973468380572,0.035416074998629116,0.04408939948808931,0.0484260617328194
683,0.12937709030111452,0.12910358474756836,0.026742750509168925,0.03902996020257086,0.04083690280454173,0.026742750509168925,0.03577746351902329,0.04408939948808931,0.04228245688611843
684,0.14907276466259703,0.1533070609857846,0.025297196427592226,0.04372801096769514,0.039391348722965035,0.0513171698959728,0.03505468647823494,0.04408939948808931,0.06179743698740387
685,0.1396766631323485,0.14223774240767148,0.02638136198877475,0.05023300433479028,0.03866857168217668,0.04264384540651261,0.04336662244730096,0.04408939948808931,0.041559679845330086
686,0.1384118033109689,0.14014523911330495,0.027104139029563098,0.04047551428414756,0.04119829132493591,0.026742750509168925,0.03397052091705242,0.04408939948808931,0.060351882905827166
687,0.13805041479057473,0.1400428817998572,0.026019973468380572,0.039391348722965035,0.04047551428414756,0.027465527549957274,0.03577746351902329,0.04408939948808931,0.060351882905827166
688,0.13317166976525338,0.13362730377813936,0.0256585849479864,0.04119829132493591,0.03975273724335921,0.027826916070351447,0.03577746351902329,0.04408939948808931,0.0527627239775495
689,0.12937709030111452,0.12948135281557938,0.026019973468380572,0.03902996020257086,0.039391348722965035,0.02963385867232232,0.03577746351902329,0.04408939948808931,0.04228245688611843
690,0.13009986734190288,0.1302572455671889,0.026019973468380572,0.03902996020257086,0.04119829132493591,0.026019973468380572,0.033247743876264065,0.04408939948808931,0.0498716158143961
691,0.13642416644880093,0.1394594081637905,0.03035663571311067,0.043005233926906784,0.04228245688611843,0.026019973468380572,0.03577746351902329,0.04408939948808931,0.05059439285518445
692,0.13606277792840676,0.13713606918652102,0.026019973468380572,0.041559679845330086,0.04047551428414756,0.026742750509168925,0.03577746351902329,0.048064673212425225,0.05059439285518445
693,0.12919639604091745,0.12986205113858101,0.027104139029563098,0.04011412576375339,0.041559679845330086,0.026742750509168925,0.03577746351902329,0.04408939948808931,0.04011412576375339
694,0.13190680994387374,0.13290257826346902,0.0256585849479864,0.04047551428414756,0.04119829132493591,0.03758440612099416,0.03577746351902329,0.04408939948808931,0.04228245688611843
695,0.13299097550505626,0.1343699113926335,0.02638136198877475,0.04047551428414756,0.04083690280454173,0.025297196427592226,0.04481217652887765,0.04408939948808931,0.041559679845330086
696,0.1382311090507718,0.141000624515941,0.026019973468380572,0.0513171698959728,0.03866857168217668,0.028911081631533973,0.035416074998629116,0.04481217652887765,0.05023300433479028
697,0.13895388609156015,0.14109891145586248,0.026019973468380572,0.0469805076512427,0.04119829132493591,0.04264384540651261,0.03577746351902329,0.04408939948808931,0.047703284692031056
698,0.13136472716328249,0.1314481732943676,0.0256585849479864,0.03902996020257086,0.03975273724335921,0.025297196427592226,0.03577746351902329,0.04408939948808931,0.05023300433479028
699,0.1409415229537281,0.14361317592432887,0.027104139029563098,0.03902996020257086,0.03866857168217668,0.025297196427592226,0.0469805076512427,0.04408939948808931,0.060351882905827166
700,0.13805041479057473,0.14016441014748274,0.0256585849479864,0.043005233926906784,0.04119829132493591,0.02963385867232232,0.03397052091705242,0.04481217652887765,0.05673799770188542
701,0.1396766631323485,0.1418057790802813,0.026742750509168925,0.03902996020257086,0.03975273724335921,0.04011412576375339,0.03469329795784077,0.04481217652887765,0.05673799770188542
702,0.1394959688721514,0.1414457532475822,0.029995247192716495,0.03902996020257086,0.04047551428414756,0.03758440612099416,0.03866857168217668,0.04408939948808931,0.05167855841636697
703,0.13768902627018054,0.13968500347581575,0.026742750509168925,0.04047551428414756,0.03975273724335921,0.026019973468380572,0.047703284692031056,0.04481217652887765,0.05095578137557863
704,0.14365193685668443,0.1477218617270804,0.026742750509168925,0.049148838773607754,0.04119829132493591,0.026019973468380572,0.03469329795784077,0.04734189617163688,0.05926771734464464
705,0.12883500752052326,0.12868026551077433,0.025297196427592226,0.037945794641388336,0.04047551428414756,0.025297196427592226,0.03469329795784077,0.04408939948808931,0.04661911913084853
706,0.13913458035175724,0.14200707505920593,0.026742750509168925,0.049148838773607754,0.04083690280454173,0.028188304590745623,0.03758440612099416,0.04481217652887765,0.0527627239775495
707,0.12973847882150868,0.12908190810203654,0.02638136198877475,0.04083690280454173,0.03975273724335921,0.027104139029563098,0.035416074998629116,0.04408939948808931,0.04011412576375339
708,0.13172611568367668,0.13200011287051905,0.026742750509168925,0.03758440612099416,0.039391348722965035,0.026742750509168925,0.03577746351902329,0.04408939948808931,0.05023300433479028
709,0.13642416644880093,0.13811572781254486,0.027104139029563098,0.04228245688611843,0.04083690280454173,0.027465527549957274,0.03577746351902329,0.04734189617163688,0.05167855841636697
710,0.13136472716328249,0.13143779391801727,0.0256585849479864,0.03902996020257086,0.03866857168217668,0.026019973468380572,0.03577746351902329,0.04408939948808931,0.05023300433479028
711,0.13768902627018054,0.1398377552715007,0.027104139029563098,0.04372801096769514,0.04083690280454173,0.027104139029563098,0.03397052091705242,0.04481217652887765,0.054208278059126196
712,0.1281122304797349,0.12784990313728978,0.0256585849479864,0.03902996020257086,0.039391348722965035,0.026742750509168925,0.03505468647823494,0.04408939948808931,0.04336662244730096
713,0.1328102812448592,0.13408631122666634,0.026019973468380572,0.03902996020257086,0.03902996020257086,0.028188304590745623,0.03577746351902329,0.04408939948808931,0.053124112497943674
714,0.12865431326032617,0.1287254299820895,0.026742750509168925,0.03902996020257086,0.03975273724335921,0.028188304590745623,0.03397052091705242,0.03975273724335921,0.04661911913084853
715,0.1342558353264359,0.13607081441274343,0.025297196427592226,0.0484260617328194,0.04047551428414756,0.027826916070351447,0.03577746351902329,0.04011412576375339,0.0498716158143961
716,0.13443652958663296,0.13559500327949192,0.0256585849479864,0.04011412576375339,0.04047551428414756,0.026019973468380572,0.03577746351902329,0.04408939948808931,0.05493105509991455
717,0.13588208366820967,0.13754591305438568,0.0256585849479864,0.03902996020257086,0.03975273724335921,0.026019973468380572,0.05240133545715532,0.04408939948808931,0.04228245688611843
718,0.13732763774978637,0.1388602633054273,0.03144080127429319,0.04011412576375339,0.04119829132493591,0.027104139029563098,0.03577746351902329,0.04408939948808931,0.05023300433479028
719,0.13515930662742132,0.13705547520294958,0.0256585849479864,0.04119829132493591,0.04047551428414756,0.028188304590745623,0.03505468647823494,0.04517356504927183,0.05384688953873202
720,0.13317166976525338,0.13440107082066483,0.026742750509168925,0.04119829132493591,0.04119829132493591,0.028188304590745623,0.03577746351902329,0.04408939948808931,0.0484260617328194
721,0.1326295869846621,0.13358561134755087,0.026742750509168925,0.04083690280454173,0.04083690280454173,0.0285496931111398,0.03577746351902329,0.04408939948808931,0.048064673212425225
722,0.1357013894080126,0.13772043111289373,0.0256585849479864,0.05023300433479028,0.03975273724335921,0.026742750509168925,0.03577746351902329,0.04517356504927183,0.04625773061045435
723,0.13335236402545045,0.13554167264412084,0.025297196427592226,0.0513171698959728,0.04119829132493591,0.025297196427592226,0.035416074998629116,0.04481217652887765,0.04011412576375339
724,0.14365193685668443,0.14716763736732838,0.026742750509168925,0.054388972319323284,0.04047551428414756,0.027104139029563098,0.03577746351902329,0.048064673212425225,0.0498716158143961
725,0.14148360573431937,0.1436482419039092,0.027104139029563098,0.037945794641388336,0.04047551428414756,0.0484260617328194,0.03577746351902329,0.04408939948808931,0.052039946936761144
726,0.1470851278004291,0.1504881921048327,0.026742750509168925,0.0484260617328194,0.03902996020257086,0.02638136198877475,0.0498716158143961,0.04408939948808931,0.061436048467009695
727,0.13660486070899802,0.13848211911467434,0.025297196427592226,0.03902996020257086,0.04119829132493591,0.025297196427592226,0.03469329795784077,0.04408939948808931,0.060351882905827166
728,0.1328102812448592,0.13400229677381678,0.0256585849479864,0.03902996020257086,0.04047551428414756,0.0285496931111398,0.03577746351902329,0.04408939948808931,0.053124112497943674
729,0.13299097550505626,0.13426744226544815,0.026019973468380572,0.03866857168217668,0.03866857168217668,0.028911081631533973,0.03577746351902329,0.04481217652887765,0.05167855841636697
730,0.13353305828564754,0.13449522509383433,0.026019973468380572,0.04119829132493591,0.04047551428414756,0.026742750509168925,0.03577746351902329,0.04408939948808931,0.053124112497943674
731,0.13642416644880093,0.1381324333674208,0.025297196427592226,0.04481217652887765,0.03975273724335921,0.026019973468380572,0.03505468647823494,0.04408939948808931,0.05456966657952037
732,0.1311840329030854,0.1325325785636578,0.025297196427592226,0.03902996020257086,0.04119829132493591,0.026019973468380572,0.03577746351902329,0.04264384540651261,0.05348550101833785
733,0.1342558353264359,0.13561227907693213,0.026019973468380572,0.04047551428414756,0.04119829132493591,0.04011412576375339,0.03577746351902329,0.04408939948808931,0.04481217652887765
734,0.13154542142347955,0.1322600697710217,0.025297196427592226,0.03902996020257086,0.04119829132493591,0.03035663571311067,0.03505468647823494,0.04481217652887765,0.04625773061045435
735,0.14003805165274266,0.14237911400043937,0.0256585849479864,0.05330480675814076,0.03975273724335921,0.027104139029563098,0.04878745025321358,0.04083690280454173,0.043005233926906784
736,0.12937709030111452,0.12908891120289726,0.02493580790719805,0.03902996020257086,0.03902996020257086,0.025297196427592226,0.03577746351902329,0.04408939948808931,0.047703284692031056
737,0.13515930662742132,0.1368905129624954,0.026742750509168925,0.037945794641388336,0.04228245688611843,0.027826916070351447,0.03577746351902329,0.04408939948808931,0.05637660918149125
738,0.13895388609156015,0.14192484912162054,0.026742750509168925,0.05023300433479028,0.04119829132493591,0.028911081631533973,0.03577746351902329,0.04408939948808931,0.054208278059126196
739,0.12793153621953782,0.12831541396071858,0.02638136198877475,0.039391348722965035,0.04119829132493591,0.028188304590745623,0.03577746351902329,0.041559679845330086,0.04083690280454173
740,0.14166429999451646,0.1453765891493958,0.026019973468380572,0.052943418237746585,0.04119829132493591,0.028911081631533973,0.035416074998629116,0.04481217652887765,0.054208278059126196
741,0.1353400008876184,0.13676615646280646,0.02638136198877475,0.03902996020257086,0.03902996020257086,0.026019973468380572,0.04661911913084853,0.04408939948808931,0.04625773061045435
742,0.1342558353264359,0.13582303465625373,0.026019973468380572,0.04083690280454173,0.04119829132493591,0.026742750509168925,0.03577746351902329,0.04481217652887765,0.05348550101833785
743,0.13064195012249413,0.13025038034573044,0.026019973468380572,0.04047551428414756,0.03902996020257086,0.027465527549957274,0.03577746351902329,0.04408939948808931,0.0469805076512427
744,0.13353305828564754,0.13543895371081155,0.026019973468380572,0.0498716158143961,0.04047551428414756,0.025297196427592226,0.03505468647823494,0.04481217652887765,0.04083690280454173
745,0.13750833200998344,0.13910147592417593,0.027104139029563098,0.04011412576375339,0.03975273724335921,0.026742750509168925,0.03577746351902329,0.04408939948808931,0.05890632882425047
746,0.14202568851491065,0.14479107352727086,0.026019973468380572,0.04625773061045435,0.03902996020257086,0.04481217652887765,0.03577746351902329,0.04517356504927183,0.0498716158143961
747,0.1322681984642679,0.13265648160077376,0.026742750509168925,0.03902996020257086,0.03975273724335921,0.026019973468380572,0.03577746351902329,0.04408939948808931,0.05167855841636697
748,0.1284736190001291,0.12857064738580187,0.02493580790719805,0.03902996020257086,0.04047551428414756,0.028188304590745623,0.03577746351902329,0.04408939948808931,0.041559679845330086
749,0.13515930662742132,0.13665910584784036,0.026742750509168925,0.044450788008483476,0.04119829132493591,0.03505468647823494,0.03613885203941747,0.04408939948808931,0.04661911913084853
750,0.1367855549691951,0.13926614378983834,0.02638136198877475,0.05023300433479028,0.04119829132493591,0.0256585849479864,0.03577746351902329,0.04408939948808931,0.05240133545715532
751,0.13154542142347955,0.13177017031448113,0.0256585849479864,0.043005233926906784,0.04119829132493591,0.025297196427592226,0.03577746351902329,0.04408939948808931,0.04625773061045435
752,0.12955778456131162,0.12925178861880163,0.026019973468380572,0.04011412576375339,0.04047551428414756,0.02638136198877475,0.03577746351902329,0.04481217652887765,0.04083690280454173
753,0.13244889272446503,0.13385680918630097,0.025297196427592226,0.05095578137557863,0.03902996020257086,0.025297196427592226,0.03505468647823494,0.041559679845330086,0.04481217652887765
754,0.1353400008876184,0.13641809025546078,0.026019973468380572,0.03902996020257086,0.03830718316178251,0.027104139029563098,0.03577746351902329,0.04878745025321358,0.05023300433479028
755,0.1337137525458446,0.1350886513507637,0.026742750509168925,0.03902996020257086,0.03975273724335921,0.027104139029563098,0.03469329795784077,0.04517356504927183,0.0527627239775495
756,0.13515930662742132,0.13625999095913982,0.0256585849479864,0.043005233926906784,0.03830718316178251,0.026019973468380572,0.03469329795784077,0.04734189617163688,0.05240133545715532
757,0.14473610241786694,0.14808382375926368,0.029272470151928145,0.04408939948808931,0.04047551428414756,0.026742750509168925,0.05456966657952037,0.04481217652887765,0.05059439285518445
758,0.13317166976525338,0.1343284220874083,0.025297196427592226,0.03722301760059999,0.03830718316178251,0.026742750509168925,0.04481217652887765,0.04408939948808931,0.047703284692031056
759,0.14148360573431937,0.14403499956626672,0.0256585849479864,0.04264384540651261,0.03975273724335921,0.025297196427592226,0.04734189617163688,0.04408939948808931,0.060351882905827166
760,0.12775084195934075,0.12712830278504816,0.025297196427592226,0.03866857168217668,0.03975273724335921,0.0256585849479864,0.035416074998629116,0.04408939948808931,0.04228245688611843
761,0.13714694348958925,0.139382145701814,0.026742750509168925,0.0513171698959728,0.03866857168217668,0.026019973468380572,0.03505468647823494,0.04408939948808931,0.05240133545715532
762,0.1450974909382611,0.14854713605761174,0.026742750509168925,0.04264384540651261,0.04047551428414756,0.031079412753899017,0.05167855841636697,0.04625773061045435,0.05854494030385629
763,0.1393152746119543,0.14116385949312457,0.0256585849479864,0.04083690280454173,0.04119829132493591,0.026742750509168925,0.03577746351902329,0.04408939948808931,0.06179743698740387
764,0.13515930662742132,0.1367409042841618,0.025297196427592226,0.03902996020257086,0.03975273724335921,0.025297196427592226,0.04408939948808931,0.04408939948808931,0.0527627239775495
765,0.13877319183136308,0.1405632299348646,0.025297196427592226,0.04228245688611843,0.03830718316178251,0.028188304590745623,0.03577746351902329,0.04408939948808931,0.060351882905827166
766,0.13714694348958925,0.13860259914065592,0.026742750509168925,0.03902996020257086,0.03866857168217668,0.03505468647823494,0.03577746351902329,0.04408939948808931,0.05673799770188542
767,0.1396766631323485,0.1426741971054866,0.026742750509168925,0.05023300433479028,0.04083690280454173,0.026742750509168925,0.04408939948808931,0.04408939948808931,0.05095578137557863
768,0.1394959688721514,0.1414912477264061,0.026742750509168925,0.04083690280454173,0.03975273724335921,0.026742750509168925,0.0498716158143961,0.04481217652887765,0.04951022729400193
769,0.13353305828564754,0.1342039877948173,0.026742750509168925,0.04047551428414756,0.04047551428414756,0.033247743876264065,0.03577746351902329,0.04408939948808931,0.04734189617163688
770,0.14003805165274266,0.14272133585869126,0.026019973468380572,0.05023300433479028,0.04047551428414756,0.02963385867232232,0.03758440612099416,0.04408939948808931,0.054208278059126196
771,0.12991917308170578,0.1300157199825237,0.026742750509168925,0.03902996020257086,0.03866857168217668,0.026019973468380572,0.035416074998629116,0.04481217652887765,0.044450788008483476
772,0.13100333864288832,0.13108788157103557,0.026019973468380572,0.04119829132493591,0.03866857168217668,0.026019973468380572,0.03505468647823494,0.04481217652887765,0.04625773061045435
773,0.14256777129550188,0.14592593870519296,0.02638136198877475,0.0513171698959728,0.04047551428414756,0.027465527549957274,0.0469805076512427,0.04481217652887765,0.05023300433479028
774,0.14437471389747278,0.14756834954880185,0.025297196427592226,0.04047551428414756,0.03902996020257086,0.027104139029563098,0.0570993862222796,0.04408939948808931,0.05890632882425047
775,0.1353400008876184,0.1367818037356171,0.026019973468380572,0.04264384540651261,0.03902996020257086,0.026019973468380572,0.0469805076512427,0.04408939948808931,0.04481217652887765
776,0.1413029114741223,0.1445865570841365,0.026019973468380572,0.0513171698959728,0.04047551428414756,0.026019973468380572,0.0469805076512427,0.04408939948808931,0.05023300433479028
777,0.14039944017313685,0.14347410583704007,0.026019973468380572,0.04083690280454173,0.04119829132493591,0.027104139029563098,0.04083690280454173,0.0469805076512427,0.058183551783462115
778,0.14003805165274266,0.14262514356194136,0.026742750509168925,0.04734189617163688,0.03975273724335921,0.026019973468380572,0.045534953569666005,0.04408939948808931,0.0513171698959728
779,0.1338944468060417,0.13525645396202812,0.027104139029563098,0.04011412576375339,0.04119829132493591,0.028911081631533973,0.03577746351902329,0.04408939948808931,0.053124112497943674
780,0.13497861236722425,0.13649923074022374,0.025297196427592226,0.04228245688611843,0.03866857168217668,0.026019973468380572,0.04661911913084853,0.041559679845330086,0.05167855841636697
781,0.1357013894080126,0.13684750389583922,0.026019973468380572,0.04047551428414756,0.03975273724335921,0.026742750509168925,0.0484260617328194,0.04083690280454173,0.05095578137557863
782,0.13317166976525338,0.1348243113538922,0.027104139029563098,0.03866857168217668,0.04083690280454173,0.027826916070351447,0.03577746351902329,0.04408939948808931,0.052039946936761144
783,0.14238707703530482,0.1448066793777834,0.025297196427592226,0.04372801096769514,0.04047551428414756,0.027104139029563098,0.0498716158143961,0.04408939948808931,0.058183551783462115
784,0.13100333864288832,0.131108997236407,0.027826916070351447,0.03902996020257086,0.04083690280454173,0.026019973468380572,0.03613885203941747,0.04011412576375339,0.052039946936761144
785,0.1357013894080126,0.1372190842414046,0.026019973468380572,0.04047551428414756,0.03866857168217668,0.027826916070351447,0.045534953569666005,0.04481217652887765,0.047703284692031056
786,0.12793153621953782,0.12751599403911107,0.0256585849479864,0.03902996020257086,0.039391348722965035,0.026019973468380572,0.03577746351902329,0.04408939948808931,0.04228245688611843
787,0.12955778456131162,0.12920002367830977,0.026019973468380572,0.03902996020257086,0.04047551428414756,0.026019973468380572,0.03577746351902329,0.04119829132493591,0.0484260617328194
788,0.1353400008876184,0.1374215832670557,0.025297196427592226,0.03902996020257086,0.041559679845330086,0.026019973468380572,0.03577746351902329,0.04408939948808931,0.05854494030385629
789,0.1338944468060417,0.13447723237179393,0.0256585849479864,0.03758440612099416,0.04047551428414756,0.026019973468380572,0.03577746351902329,0.048064673212425225,0.0484260617328194
790,0.14202568851491065,0.14487975071685705,0.025297196427592226,0.04661911913084853,0.03975273724335921,0.028188304590745623,0.0469805076512427,0.04408939948808931,0.05637660918149125
791,0.14907276466259703,0.153605060273792,0.031079412753899017,0.04011412576375339,0.03975273724335921,0.047703284692031056,0.05384688953873202,0.04408939948808931,0.0484260617328194
792,0.13335236402545045,0.1339778430298598,0.027104139029563098,0.039391348722965035,0.04119829132493591,0.026742750509168925,0.03577746351902329,0.04481217652887765,0.05095578137557863
793,0.13877319183136308,0.1413923772495037,0.026019973468380572,0.049148838773607754,0.03902996020257086,0.027104139029563098,0.03577746351902329,0.04481217652887765,0.05384688953873202
794,0.13244889272446503,0.1336738110269979,0.0256585849479864,0.03902996020257086,0.04119829132493591,0.027104139029563098,0.03613885203941747,0.04408939948808931,0.053124112497943674
795,0.13805041479057473,0.14033256573654565,0.0256585849479864,0.044450788008483476,0.03975273724335921,0.027465527549957274,0.04083690280454173,0.04517356504927183,0.05240133545715532
796,0.1328102812448592,0.13328787486930926,0.026019973468380572,0.03902996020257086,0.04119829132493591,0.027104139029563098,0.03577746351902329,0.04408939948808931,0.05023300433479028
797,0.14148360573431937,0.14503303264013367,0.028188304590745623,0.03902996020257086,0.04119829132493591,0.05059439285518445,0.03577746351902329,0.04408939948808931,0.04625773061045435
798,0.1342558353264359,0.13545038677513727,0.026742750509168925,0.04047551428414756,0.04047551428414756,0.028911081631533973,0.03577746351902329,0.04481217652887765,0.05059439285518445
799,0.1367855549691951,0.13910626482863508,0.026019973468380572,0.04734189617163688,0.03975273724335921,0.028188304590745623,0.03577746351902329,0.04408939948808931,0.0527627239775495
800,0.13696624922939218,0.13897479853390826,0.025297196427592226,0.039391348722965035,0.03975273724335921,0.026019973468380572,0.04661911913084853,0.04408939948808931,0.05384688953873202
801,0.13859249757116596,0.1408194421986359,0.026019973468380572,0.03902996020257086,0.04119829132493591,0.027826916070351447,0.03577746351902329,0.04408939948808931,0.06107465994661552
802,0.12973847882150868,0.12993927305587338,0.025297196427592226,0.03758440612099416,0.04047551428414756,0.0256585849479864,0.03505468647823494,0.04481217652887765,0.04625773061045435
803,0.13714694348958925,0.13969816018313114,0.026742750509168925,0.04734189617163688,0.04119829132493591,0.026742750509168925,0.03577746351902329,0.04264384540651261,0.054208278059126196
804,0.1326295869846621,0.13280495236895234,0.025297196427592226,0.04047551428414756,0.03830718316178251,0.025297196427592226,0.036861629080205814,0.04481217652887765,0.05240133545715532
805,0.14220638277510772,0.14527492319761748,0.026019973468380572,0.05023300433479028,0.04047551428414756,0.026019973468380572,0.03577746351902329,0.04408939948808931,0.060351882905827166
806,0.12829292473993198,0.12805332557047958,0.025297196427592226,0.04011412576375339,0.04119829132493591,0.026019973468380572,0.03469329795784077,0.04481217652887765,0.04192106836572426
807,0.13353305828564754,0.13453049440463702,0.027104139029563098,0.039391348722965035,0.03975273724335921,0.028911081631533973,0.03975273724335921,0.04408939948808931,0.04481217652887765
808,0.13895388609156015,0.14147810362362953,0.0256585849479864,0.03902996020257086,0.04047551428414756,0.04878745025321358,0.03758440612099416,0.04408939948808931,0.04047551428414756
809,0.12775084195934075,0.12715729232097805,0.0256585849479864,0.03902996020257086,0.039391348722965035,0.026742750509168925,0.03505468647823494,0.04408939948808931,0.04047551428414756
810,0.13750833200998344,0.14009254929664428,0.027104139029563098,0.04047551428414756,0.04119829132493591,0.026019973468380572,0.0469805076512427,0.04734189617163688,0.04481217652887765
811,0.13064195012249413,0.13062511986581057,0.02638136198877475,0.03902996020257086,0.04119829132493591,0.027104139029563098,0.03397052091705242,0.04408939948808931,0.04625773061045435
812,0.13028056160209997,0.13019910396900064,0.025297196427592226,0.03722301760059999,0.03975273724335921,0.025297196427592226,0.03505468647823494,0.04408939948808931,0.04951022729400193
813,0.1413029114741223,0.14427883447692963,0.027104139029563098,0.0513171698959728,0.039391348722965035,0.026742750509168925,0.04661911913084853,0.04408939948808931,0.0498716158143961
814,0.13208750420407084,0.1324203760456586,0.0256585849479864,0.03902996020257086,0.03866857168217668,0.026019973468380572,0.03577746351902329,0.04481217652887765,0.05240133545715532
815,0.13732763774978637,0.13943865545549042,0.0256585849479864,0.03902996020257086,0.03866857168217668,0.026019973468380572,0.04408939948808931,0.04408939948808931,0.058183551783462115
816,0.1353400008876184,0.13677151226069195,0.026019973468380572,0.039391348722965035,0.04083690280454173,0.027104139029563098,0.03758440612099416,0.04408939948808931,0.055653832140702894
817,0.1353400008876184,0.13711614239334238,0.026019973468380572,0.04734189617163688,0.03902996020257086,0.028911081631533973,0.03577746351902329,0.04408939948808931,0.04878745025321358
818,0.14419401963727568,0.14816760150424343,0.025297196427592226,0.05023300433479028,0.04119829132493591,0.026019973468380572,0.0498716158143961,0.04481217652887765,0.05456966657952037
819,0.1384118033109689,0.1406511306053077,0.025297196427592226,0.03902996020257086,0.03866857168217668,0.026019973468380572,0.05384688953873202,0.04408939948808931,0.0498716158143961
820,0.1311840329030854,0.1314791432071831,0.026019973468380572,0.04011412576375339,0.04119829132493591,0.026019973468380572,0.03577746351902329,0.04517356504927183,0.04625773061045435
821,0.1337137525458446,0.13533865412637236,0.027104139029563098,0.05095578137557863,0.03866857168217668,0.026742750509168925,0.03577746351902329,0.04408939948808931,0.04083690280454173
822,0.13064195012249413,0.13062072018774112,0.025297196427592226,0.03902996020257086,0.03866857168217668,0.026019973468380572,0.03505468647823494,0.04408939948808931,0.04951022729400193
823,0.14419401963727568,0.14774624538471812,0.026019973468380572,0.049148838773607754,0.03902996020257086,0.027104139029563098,0.05384688953873202,0.04481217652887765,0.05095578137557863
824,0.1311840329030854,0.13139870663188222,0.027104139029563098,0.03902996020257086,0.04119829132493591,0.026019973468380572,0.03577746351902329,0.04408939948808931,0.047703284692031056
825,0.13299097550505626,0.13340452403054556,0.027104139029563098,0.03902996020257086,0.04047551428414756,0.026019973468380572,0.03577746351902329,0.04408939948808931,0.0527627239775495
826,0.1337137525458446,0.1355814570390991,0.0285496931111398,0.03902996020257086,0.04228245688611843,0.026742750509168925,0.03505468647823494,0.04408939948808931,0.05059439285518445
827,0.1394959688721514,0.14254653713994778,0.0256585849479864,0.03902996020257086,0.04047551428414756,0.0513171698959728,0.03505468647823494,0.04408939948808931,0.04011412576375339
828,0.1338944468060417,0.13512361007051116,0.026019973468380572,0.04228245688611843,0.04047551428414756,0.028188304590745623,0.04011412576375339,0.04481217652887765,0.04228245688611843
829,0.14618165649944365,0.1499867552503794,0.026019973468380572,0.043005233926906784,0.04047551428414756,0.0513171698959728,0.03577746351902329,0.04408939948808931,0.054208278059126196
830,0.1342558353264359,0.13438472379747124,0.026742750509168925,0.04011412576375339,0.03975273724335921,0.026742750509168925,0.039391348722965035,0.04408939948808931,0.0484260617328194
831,0.13515930662742132,0.1369371950717236,0.0256585849479864,0.04083690280454173,0.04119829132493591,0.026742750509168925,0.03577746351902329,0.04481217652887765,0.05493105509991455
832,0.13714694348958925,0.13916076347422016,0.02638136198877475,0.04517356504927183,0.03975273724335921,0.02963385867232232,0.03505468647823494,0.04481217652887765,0.05059439285518445
833,0.13154542142347955,0.1319066743561341,0.026742750509168925,0.03902996020257086,0.03830718316178251,0.026019973468380572,0.03505468647823494,0.04408939948808931,0.05023300433479028
834,0.13299097550505626,0.13382010977230577,0.027104139029563098,0.04661911913084853,0.04047551428414756,0.026742750509168925,0.03577746351902329,0.04408939948808931,0.03902996020257086
835,0.13642416644880093,0.1385089075454099,0.026019973468380572,0.049148838773607754,0.03902996020257086,0.025297196427592226,0.03505468647823494,0.04408939948808931,0.05059439285518445
836,0.1326295869846621,0.13388000493319618,0.026742750509168925,0.04734189617163688,0.03902996020257086,0.026019973468380572,0.03577746351902329,0.041559679845330086,0.04625773061045435
837,0.13606277792840676,0.13772746013789727,0.026019973468380572,0.03902996020257086,0.04047551428414756,0.026019973468380572,0.03577746351902329,0.04481217652887765,0.05673799770188542
838,0.13100333864288832,0.13114697239057774,0.0256585849479864,0.03758440612099416,0.03902996020257086,0.025297196427592226,0.03577746351902329,0.04408939948808931,0.05240133545715532
839,0.1326295869846621,0.13416210343092905,0.025297196427592226,0.0469805076512427,0.03830718316178251,0.025297196427592226,0.03505468647823494,0.04408939948808931,0.04625773061045435
840,0.13805041479057473,0.14003063079591463,0.0256585849479864,0.04517356504927183,0.03975273724335921,0.026019973468380572,0.03577746351902329,0.04408939948808931,0.05673799770188542
841,0.13100333864288832,0.13104633842536498,0.026742750509168925,0.04047551428414756,0.04119829132493591,0.026742750509168925,0.03577746351902329,0.04408939948808931,0.04625773061045435
842,0.13660486070899802,0.13866094954375108,0.031802189794687366,0.04119829132493591,0.03902996020257086,0.028188304590745623,0.03505468647823494,0.04408939948808931,0.047703284692031056
843,0.1378697205303776,0.1390491670332244,0.026019973468380572,0.04047551428414756,0.04047551428414756,0.045534953569666005,0.039391348722965035,0.041559679845330086,0.048064673212425225
844,0.1337137525458446,0.13464952768386282,0.026019973468380572,0.04083690280454173,0.04119829132493591,0.026742750509168925,0.03577746351902329,0.04589634209006018,0.05023300433479028
845,0.13461722384683006,0.13613624069206007,0.026742750509168925,0.03975273724335921,0.04119829132493591,0.027104139029563098,0.03577746351902329,0.04408939948808931,0.054208278059126196
846,0.12793153621953782,0.1275809792524279,0.026019973468380572,0.039391348722965035,0.04119829132493591,0.026019973468380572,0.03577746351902329,0.04408939948808931,0.041559679845330086
847,0.13136472716328249,0.13143441098895836,0.0256585849479864,0.03902996020257086,0.03866857168217668,0.02638136198877475,0.03758440612099416,0.04517356504927183,0.04625773061045435
848,0.13172611568367668,0.13290769985636544,0.0256585849479864,0.04083690280454173,0.04228245688611843,0.026019973468380572,0.036500240559811645,0.04408939948808931,0.0513171698959728
849,0.12901570178072033,0.12841703582737304,0.026019973468380572,0.03902996020257086,0.03975273724335921,0.026742750509168925,0.03577746351902329,0.041559679845330086,0.04661911913084853
850,0.13714694348958925,0.13971260681362674,0.025297196427592226,0.05023300433479028,0.04047551428414756,0.025297196427592226,0.03577746351902329,0.04517356504927183,0.05167855841636697
851,0.1367855549691951,0.13849887737702202,0.0256585849479864,0.03902996020257086,0.03975273724335921,0.028911081631533973,0.04734189617163688,0.04408939948808931,0.05167855841636697
852,0.1384118033109689,0.14014700680235145,0.026742750509168925,0.039391348722965035,0.04047551428414756,0.026742750509168925,0.0498716158143961,0.04408939948808931,0.0498716158143961
853,0.13136472716328249,0.13133924157812965,0.025297196427592226,0.03902996020257086,0.04047551428414756,0.02638136198877475,0.03577746351902329,0.04336662244730096,0.0498716158143961
854,0.1337137525458446,0.13518940874404156,0.026019973468380572,0.04228245688611843,0.04119829132493591,0.026742750509168925,0.04481217652887765,0.04408939948808931,0.04011412576375339
855,0.14112221721392518,0.14416800951157788,0.027104139029563098,0.04083690280454173,0.04228245688611843,0.03035663571311067,0.04878745025321358,0.04589634209006018,0.053124112497943674
856,0.1357013894080126,0.13738932895245454,0.025297196427592226,0.04083690280454173,0.03902996020257086,0.026019973468380572,0.04661911913084853,0.04408939948808931,0.0498716158143961
857,0.1367855549691951,0.13919247070718874,0.0256585849479864,0.04372801096769514,0.04119829132493591,0.027826916070351447,0.03577746351902329,0.04734189617163688,0.0527627239775495
858,0.1328102812448592,0.13318766579297234,0.027826916070351447,0.039391348722965035,0.03902996020257086,0.025297196427592226,0.035416074998629116,0.04481217652887765,0.05059439285518445
859,0.13732763774978637,0.14004822468976616,0.026742750509168925,0.0513171698959728,0.04119829132493591,0.027826916070351447,0.03577746351902329,0.04408939948808931,0.052039946936761144
860,0.13009986734190288,0.12995287728213942,0.026019973468380572,0.04011412576375339,0.04119829132493591,0.027104139029563098,0.03577746351902329,0.04481217652887765,0.04192106836572426
861,0.12991917308170578,0.12990057759292462,0.025297196427592226,0.03902996020257086,0.03902996020257086,0.026019973468380572,0.03505468647823494,0.04264384540651261,0.05059439285518445
862,0.1382311090507718,0.14043096542986166,0.027104139029563098,0.049148838773607754,0.03902996020257086,0.026742750509168925,0.03866857168217668,0.04408939948808931,0.05167855841636697
863,0.14148360573431937,0.14475466459072586,0.031079412753899017,0.04047551428414756,0.03975273724335921,0.028911081631533973,0.04336662244730096,0.04408939948808931,0.054208278059126196
864,0.13805041479057473,0.14085447680785185,0.026742750509168925,0.048064673212425225,0.04083690280454173,0.027104139029563098,0.03577746351902329,0.045534953569666005,0.053124112497943674
865,0.13190680994387374,0.1321253259182025,0.0256585849479864,0.03902996020257086,0.04047551428414756,0.02493580790719805,0.03577746351902329,0.04408939948808931,0.0513171698959728
866,0.1367855549691951,0.13873412934699467,0.025297196427592226,0.05023300433479028,0.03975273724335921,0.027104139029563098,0.04264384540651261,0.04408939948808931,0.04192106836572426
867,0.13064195012249413,0.130699954284382,0.025297196427592226,0.03902996020257086,0.03902996020257086,0.026019973468380572,0.03469329795784077,0.04408939948808931,0.0513171698959728
868,0.13190680994387374,0.13214915800254512,0.026019973468380572,0.03902996020257086,0.04047551428414756,0.027465527549957274,0.03577746351902329,0.04408939948808931,0.0484260617328194
869,0.13190680994387374,0.13246610672181533,0.0256585849479864,0.03902996020257086,0.04119829132493591,0.027104139029563098,0.03505468647823494,0.04408939948808931,0.0513171698959728
870,0.13172611568367668,0.13222123570426814,0.02638136198877475,0.03866857168217668,0.04119829132493591,0.026019973468380572,0.03577746351902329,0.04408939948808931,0.0498716158143961
871,0.13208750420407084,0.13320697051147026,0.027826916070351447,0.03902996020257086,0.039391348722965035,0.025297196427592226,0.04336662244730096,0.043005233926906784,0.04192106836572426
872,0.13190680994387374,0.13295216878291533,0.025297196427592226,0.03866857168217668,0.03975273724335921,0.025297196427592226,0.03469329795784077,0.04408939948808931,0.05348550101833785
873,0.13299097550505626,0.133926249728931,0.026742750509168925,0.03902996020257086,0.04119829132493591,0.026019973468380572,0.03505468647823494,0.04481217652887765,0.05240133545715532
874,0.13696624922939218,0.13960211018492755,0.026742750509168925,0.049148838773607754,0.04119829132493591,0.02638136198877475,0.03577746351902329,0.04408939948808931,0.05023300433479028
875,0.13335236402545045,0.13399291104613145,0.026742750509168925,0.04047551428414756,0.04119829132493591,0.026742750509168925,0.03577746351902329,0.04481217652887765,0.05059439285518445
876,0.13859249757116596,0.14092549891690764,0.026742750509168925,0.04011412576375339,0.04119829132493591,0.041559679845330086,0.04661911913084853,0.04264384540651261,0.05095578137557863
877,0.13154542142347955,0.1322627642117919,0.03035663571311067,0.03902996020257086,0.03902996020257086,0.026019973468380572,0.03505468647823494,0.04408939948808931,0.04228245688611843
878,0.12775084195934075,0.12715955712190558,0.026019973468380572,0.03902996020257086,0.03975273724335921,0.026019973468380572,0.03577746351902329,0.043005233926906784,0.041559679845330086
879,0.13461722384683006,0.13672872920385654,0.026019973468380572,0.048064673212425225,0.04408939948808931,0.028188304590745623,0.03577746351902329,0.04408939948808931,0.04481217652887765
880,0.1328102812448592,0.13418579290246557,0.026019973468380572,0.03758440612099416,0.03975273724335921,0.026019973468380572,0.03505468647823494,0.04408939948808931,0.054208278059126196
881,0.13479791810702715,0.13585818175155437,0.026742750509168925,0.04228245688611843,0.04047551428414756,0.02963385867232232,0.03577746351902329,0.04408939948808931,0.05023300433479028
882,0.13299097550505626,0.1339698605645665,0.025297196427592226,0.03722301760059999,0.03975273724335921,0.04336662244730096,0.03505468647823494,0.04408939948808931,0.04011412576375339
883,0.1409415229537281,0.1434320568649486,0.026742750509168925,0.04661911913084853,0.03975273724335921,0.037945794641388336,0.04661911913084853,0.04408939948808931,0.04625773061045435
884,0.13479791810702715,0.13607937902596043,0.026742750509168925,0.03902996020257086,0.04119829132493591,0.027104139029563098,0.036500240559811645,0.0469805076512427,0.05167855841636697
885,0.13479791810702715,0.13624466951678366,0.027104139029563098,0.03902996020257086,0.03902996020257086,0.025297196427592226,0.041559679845330086,0.04408939948808931,0.0513171698959728
886,0.13768902627018054,0.1396037377929854,0.02638136198877475,0.04228245688611843,0.04047551428414756,0.028188304590745623,0.03577746351902329,0.04408939948808931,0.05673799770188542
887,0.13172611568367668,0.13209115154542533,0.026742750509168925,0.04119829132493591,0.03902996020257086,0.028188304590745623,0.03577746351902329,0.04408939948808931,0.04517356504927183
888,0.14238707703530482,0.1456536289565491,0.02638136198877475,0.05023300433479028,0.04119829132493591,0.026019973468380572,0.0513171698959728,0.043005233926906784,0.05059439285518445
889,0.1396766631323485,0.1426160113277705,0.026742750509168925,0.05402758379892911,0.04119829132493591,0.028911081631533973,0.03577746351902329,0.04481217652887765,0.04661911913084853
890,0.13353305828564754,0.13389263319019323,0.02638136198877475,0.03902996020257086,0.039391348722965035,0.026742750509168925,0.03866857168217668,0.04481217652887765,0.048064673212425225
891,0.1396766631323485,0.14193504759777376,0.026019973468380572,0.0484260617328194,0.03975273724335921,0.027104139029563098,0.03577746351902329,0.04408939948808931,0.05637660918149125
892,0.13588208366820967,0.13719962419441392,0.026742750509168925,0.03902996020257086,0.04047551428414756,0.026019973468380572,0.03505468647823494,0.04408939948808931,0.05673799770188542
893,0.1326295869846621,0.13374088604640672,0.026019973468380572,0.03902996020257086,0.039391348722965035,0.028911081631533973,0.03577746351902329,0.04408939948808931,0.05240133545715532
894,0.13588208366820967,0.13752317155032762,0.0256585849479864,0.04228245688611843,0.03866857168217668,0.03758440612099416,0.03577746351902329,0.04192106836572426,0.054208278059126196
895,0.13046125586229704,0.13045520670995328,0.0256585849479864,0.03902996020257086,0.03758440612099416,0.026742750509168925,0.03613885203941747,0.04517356504927183,0.04625773061045435
896,0.13046125586229704,0.1306955692369234,0.025297196427592226,0.03902996020257086,0.03975273724335921,0.026019973468380572,0.035416074998629116,0.04589634209006018,0.04661911913084853
897,0.13172611568367668,0.13262199072464723,0.027104139029563098,0.03866857168217668,0.03975273724335921,0.025297196427592226,0.035416074998629116,0.04264384540651261,0.053124112497943674
898,0.146904433540232,0.15154463158078438,0.026019973468380572,0.05023300433479028,0.04228245688611843,0.02963385867232232,0.05240133545715532,0.048064673212425225,0.0527627239775495
899,0.13895388609156015,0.14203448178695338,0.025297196427592226,0.03902996020257086,0.04119829132493591,0.026742750509168925,0.04661911913084853,0.048064673212425225,0.05167855841636697
900,0.13353305828564754,0.1344074253505182,0.026019973468380572,0.041559679845330086,0.03975273724335921,0.028911081631533973,0.03577746351902329,0.04408939948808931,0.05167855841636697
901,0.13335236402545045,0.134479892762524,0.025297196427592226,0.03902996020257086,0.04047551428414756,0.03397052091705242,0.03577746351902329,0.043005233926906784,0.05167855841636697
902,0.13136472716328249,0.13135512919515813,0.025297196427592226,0.03902996020257086,0.04047551428414756,0.02638136198877475,0.03469329795784077,0.04408939948808931,0.04951022729400193
903,0.13208750420407084,0.13262503142474874,0.0256585849479864,0.03866857168217668,0.04047551428414756,0.025297196427592226,0.03577746351902329,0.04481217652887765,0.0498716158143961
904,0.13642416644880093,0.1378321263465225,0.026019973468380572,0.041559679845330086,0.03975273724335921,0.028188304590745623,0.03505468647823494,0.04408939948808931,0.05601522066109707
905,0.1467237392800349,0.15153846255823022,0.03035663571311067,0.05475036083971746,0.03902996020257086,0.028188304590745623,0.04083690280454173,0.04408939948808931,0.055292443620308725
906,0.1357013894080126,0.1376552714909211,0.027104139029563098,0.041559679845330086,0.04119829132493591,0.027826916070351447,0.03577746351902329,0.04481217652887765,0.05384688953873202
907,0.13335236402545045,0.1345814462333951,0.025297196427592226,0.04047551428414756,0.04119829132493591,0.027465527549957274,0.04661911913084853,0.04408939948808931,0.04011412576375339
908,0.14907276466259703,0.15397666804488003,0.02638136198877475,0.04047551428414756,0.04119829132493591,0.053124112497943674,0.03830718316178251,0.04481217652887765,0.05926771734464464
909,0.14021874591293976,0.14294891426836517,0.0256585849479864,0.05023300433479028,0.03902996020257086,0.026742750509168925,0.03577746351902329,0.04481217652887765,0.0570993862222796
910,0.13299097550505626,0.13425857892625265,0.026742750509168925,0.03902996020257086,0.039391348722965035,0.026742750509168925,0.03577746351902329,0.04408939948808931,0.05348550101833785
911,0.13750833200998344,0.1392510797695345,0.027104139029563098,0.043005233926906784,0.04047551428414756,0.027104139029563098,0.03577746351902329,0.04408939948808931,0.055653832140702894
912,0.1393152746119543,0.14261294744913205,0.026742750509168925,0.04734189617163688,0.04119829132493591,0.027826916070351447,0.04408939948808931,0.04408939948808931,0.05240133545715532
913,0.1367855549691951,0.1385728232124812,0.026019973468380572,0.041559679845330086,0.04047551428414756,0.026019973468380572,0.03577746351902329,0.04408939948808931,0.05854494030385629
914,0.12901570178072033,0.1287239124906312,0.026742750509168925,0.04119829132493591,0.04083690280454173,0.025297196427592226,0.03577746351902329,0.04408939948808931,0.041559679845330086
915,0.13244889272446503,0.13297429410498857,0.02493580790719805,0.041559679845330086,0.04119829132493591,0.026742750509168925,0.03577746351902329,0.04481217652887765,0.04951022729400193
916,0.13244889272446503,0.1332769001958241,0.0256585849479864,0.03866857168217668,0.04047551428414756,0.027465527549957274,0.03469329795784077,0.04408939948808931,0.053124112497943674
917,0.13136472716328249,0.13144049195658297,0.025297196427592226,0.04264384540651261,0.04047551428414756,0.025297196427592226,0.03577746351902329,0.04408939948808931,0.04625773061045435
918,0.13009986734190288,0.1302692334166502,0.027104139029563098,0.03902996020257086,0.03975273724335921,0.02963385867232232,0.03577746351902329,0.04408939948808931,0.041559679845330086
919,0.13461722384683006,0.13652807668367886,0.025297196427592226,0.04047551428414756,0.04119829132493591,0.028188304590745623,0.03577746351902329,0.04481217652887765,0.054208278059126196
920,0.1328102812448592,0.13419434883936382,0.026019973468380572,0.03902996020257086,0.04119829132493591,0.026742750509168925,0.03577746351902329,0.041559679845330086,0.055292443620308725
921,0.13190680994387374,0.13303693621874868,0.02638136198877475,0.04734189617163688,0.03902996020257086,0.026742750509168925,0.03577746351902329,0.04264384540651261,0.04192106836572426
922,0.13624347218860383,0.1380308271983877,0.02963385867232232,0.049148838773607754,0.04047551428414756,0.026742750509168925,0.03577746351902329,0.04481217652887765,0.04083690280454173
923,0.12919639604091745,0.12900139928627982,0.026742750509168925,0.03902996020257086,0.04047551428414756,0.025297196427592226,0.035416074998629116,0.04408939948808931,0.043005233926906784
924,0.13606277792840676,0.13799906576224036,0.025297196427592226,0.043005233926906784,0.03866857168217668,0.028188304590745623,0.03577746351902329,0.048064673212425225,0.04951022729400193
925,0.1337137525458446,0.13431546145561532,0.0256585849479864,0.043005233926906784,0.04047551428414756,0.025297196427592226,0.035416074998629116,0.04481217652887765,0.0498716158143961
926,0.1353400008876184,0.13743891528834015,0.0256585849479864,0.03830718316178251,0.04119829132493591,0.027826916070351447,0.03577746351902329,0.04408939948808931,0.058183551783462115
927,0.13768902627018054,0.14052379784396213,0.031802189794687366,0.0513171698959728,0.03830718316178251,0.026019973468380572,0.03505468647823494,0.04408939948808931,0.041559679845330086
928,0.13009986734190288,0.12990183256767077,0.0256585849479864,0.04264384540651261,0.03975273724335921,0.026742750509168925,0.03577746351902329,0.04408939948808931,0.043005233926906784
929,0.1337137525458446,0.13525958918796913,0.02493580790719805,0.05023300433479028,0.039391348722965035,0.026019973468380572,0.03577746351902329,0.04408939948808931,0.04661911913084853
930,0.12775084195934075,0.12717415211532687,0.0256585849479864,0.04047551428414756,0.04047551428414756,0.026019973468380572,0.03505468647823494,0.03975273724335921,0.04661911913084853
931,0.13244889272446503,0.13326894159537556,0.0256585849479864,0.04228245688611843,0.04047551428414756,0.028188304590745623,0.03577746351902329,0.04408939948808931,0.047703284692031056
932,0.13208750420407084,0.13219810430258183,0.0256585849479864,0.04119829132493591,0.03902996020257086,0.026742750509168925,0.03577746351902329,0.04408939948808931,0.05023300433479028
933,0.12901570178072033,0.12915775552787578,0.025297196427592226,0.03902996020257086,0.04119829132493591,0.026019973468380572,0.03469329795784077,0.04083690280454173,0.05059439285518445
934,0.13335236402545045,0.13465785461432853,0.026019973468380572,0.03722301760059999,0.03902996020257086,0.026019973468380572,0.041559679845330086,0.04408939948808931,0.05059439285518445
935,0.14329054833629024,0.14705350867346112,0.026019973468380572,0.0513171698959728,0.04047551428414756,0.026019973468380572,0.04951022729400193,0.04517356504927183,0.05023300433479028
936,0.13479791810702715,0.13685864652082336,0.026742750509168925,0.05023300433479028,0.04047551428414756,0.028188304590745623,0.03577746351902329,0.04481217652887765,0.04011412576375339
937,0.1328102812448592,0.13413479308505327,0.027104139029563098,0.05023300433479028,0.03866857168217668,0.026019973468380572,0.035416074998629116,0.04264384540651261,0.04228245688611843
938,0.13768902627018054,0.13927954430560271,0.0256585849479864,0.03902996020257086,0.04047551428414756,0.026742750509168925,0.03613885203941747,0.04408939948808931,0.060351882905827166
939,0.1322681984642679,0.13355797571116163,0.026019973468380572,0.03902996020257086,0.03902996020257086,0.026019973468380572,0.04481217652887765,0.04408939948808931,0.041559679845330086
940,0.13624347218860383,0.1376987740671914,0.031802189794687366,0.03866857168217668,0.03902996020257086,0.025297196427592226,0.03505468647823494,0.04408939948808931,0.0513171698959728
941,0.1440133253770786,0.14637283209567478,0.027104139029563098,0.041559679845330086,0.03975273724335921,0.04481217652887765,0.03505468647823494,0.04408939948808931,0.05926771734464464
942,0.13100333864288832,0.13127133334349128,0.026019973468380572,0.03902996020257086,0.04119829132493591,0.027104139029563098,0.03577746351902329,0.04408939948808931,0.04661911913084853
943,0.1340751410662388,0.13578589428467097,0.0256585849479864,0.04734189617163688,0.03902996020257086,0.02638136198877475,0.03577746351902329,0.041559679845330086,0.05167855841636697
944,0.13461722384683006,0.1365717417319183,0.026019973468380572,0.0513171698959728,0.03902996020257086,0.025297196427592226,0.03505468647823494,0.04408939948808931,0.04481217652887765
945,0.13154542142347955,0.13181694819167858,0.026742750509168925,0.03902996020257086,0.04047551428414756,0.026019973468380572,0.03505468647823494,0.04408939948808931,0.0484260617328194
946,0.14310985407609317,0.1469992966811885,0.027104139029563098,0.04734189617163688,0.04119829132493591,0.026019973468380572,0.044450788008483476,0.04517356504927183,0.05673799770188542
947,0.1367855549691951,0.13923855962848897,0.026742750509168925,0.05059439285518445,0.04119829132493591,0.026019973468380572,0.03505468647823494,0.043005233926906784,0.053124112497943674
948,0.1342558353264359,0.13456534958710847,0.0256585849479864,0.04228245688611843,0.04047551428414756,0.027826916070351447,0.03505468647823494,0.04408939948808931,0.05240133545715532
949,0.13552069514781548,0.13758436817165112,0.025297196427592226,0.04589634209006018,0.04119829132493591,0.02963385867232232,0.03577746351902329,0.04408939948808931,0.0498716158143961
950,0.1382311090507718,0.14031948236589603,0.0256585849479864,0.04589634209006018,0.04119829132493591,0.027465527549957274,0.03722301760059999,0.04408939948808931,0.055292443620308725
951,0.1326295869846621,0.13402624245955044,0.026019973468380572,0.03902996020257086,0.04119829132493591,0.028188304590745623,0.03577746351902329,0.04408939948808931,0.05059439285518445
952,0.1326295869846621,0.13318511755283363,0.026019973468380572,0.04047551428414756,0.039391348722965035,0.028911081631533973,0.0469805076512427,0.041559679845330086,0.041559679845330086
953,0.13317166976525338,0.1348739500541927,0.026742750509168925,0.03902996020257086,0.04192106836572426,0.028911081631533973,0.03577746351902329,0.04408939948808931,0.053124112497943674
954,0.14021874591293976,0.143322538427463,0.025297196427592226,0.05330480675814076,0.04047551428414756,0.0285496931111398,0.03505468647823494,0.04481217652887765,0.05023300433479028
955,0.13082264438269123,0.13072062243452579,0.0256585849479864,0.04083690280454173,0.03902996020257086,0.026019973468380572,0.03577746351902329,0.04481217652887765,0.04625773061045435
956,0.13353305828564754,0.13432345084093214,0.025297196427592226,0.03902996020257086,0.04047551428414756,0.028911081631533973,0.03758440612099416,0.04408939948808931,0.05059439285518445
957,0.1338944468060417,0.13425552776492117,0.02638136198877475,0.03902996020257086,0.03975273724335921,0.027465527549957274,0.03758440612099416,0.04481217652887765,0.0498716158143961
958,0.13244889272446503,0.1336457161117853,0.025297196427592226,0.04119829132493591,0.04119829132493591,0.026019973468380572,0.03505468647823494,0.03975273724335921,0.055653832140702894
959,0.13497861236722425,0.13685684687703656,0.027104139029563098,0.04408939948808931,0.04119829132493591,0.026019973468380572,0.03505468647823494,0.04408939948808931,0.05059439285518445
960,0.1357013894080126,0.1376753717647519,0.0256585849479864,0.04011412576375339,0.04083690280454173,0.026742750509168925,0.04661911913084853,0.0469805076512427,0.04228245688611843
961,0.13768902627018054,0.1391651012576587,0.026742750509168925,0.04083690280454173,0.04047551428414756,0.026742750509168925,0.05240133545715532,0.04408939948808931,0.04228245688611843
962,0.1396766631323485,0.1420536999049091,0.027104139029563098,0.04083690280454173,0.03902996020257086,0.03758440612099416,0.03577746351902329,0.048064673212425225,0.0527627239775495
963,0.1394959688721514,0.14164415997291596,0.027104139029563098,0.03902996020257086,0.04047551428414756,0.026742750509168925,0.03577746351902329,0.04408939948808931,0.06107465994661552
964,0.13244889272446503,0.13264250134093056,0.026019973468380572,0.03902996020257086,0.039391348722965035,0.027465527549957274,0.03577746351902329,0.04408939948808931,0.0527627239775495
965,0.13154542142347955,0.1325488102187251,0.0256585849479864,0.03902996020257086,0.03975273724335921,0.025297196427592226,0.03505468647823494,0.04408939948808931,0.053124112497943674
966,0.1384118033109689,0.14033919315251225,0.026019973468380572,0.04372801096769514,0.039391348722965035,0.0256585849479864,0.04481217652887765,0.04408939948808931,0.05348550101833785
967,0.1367855549691951,0.13901157294897712,0.026742750509168925,0.03902996020257086,0.04119829132493591,0.025297196427592226,0.04661911913084853,0.04408939948808931,0.05023300433479028
968,0.13642416644880093,0.13853235307507752,0.027104139029563098,0.05023300433479028,0.03830718316178251,0.026019973468380572,0.03577746351902329,0.04264384540651261,0.0527627239775495
969,0.1357013894080126,0.13772752862904614,0.027104139029563098,0.04119829132493591,0.04119829132493591,0.02638136198877475,0.035416074998629116,0.04481217652887765,0.054208278059126196
970,0.1337137525458446,0.1347903916451952,0.02638136198877475,0.043005233926906784,0.03830718316178251,0.026019973468380572,0.03469329795784077,0.04408939948808931,0.053124112497943674
971,0.13046125586229704,0.1302252946327584,0.0256585849479864,0.04119829132493591,0.03975273724335921,0.027465527549957274,0.03577746351902329,0.04481217652887765,0.04228245688611843
972,0.13750833200998344,0.13964494423002594,0.027104139029563098,0.0469805076512427,0.04047551428414756,0.027826916070351447,0.03505468647823494,0.04408939948808931,0.053124112497943674
973,0.13172611568367668,0.13144113387382603,0.026019973468380572,0.04011412576375339,0.04047551428414756,0.026742750509168925,0.03577746351902329,0.043005233926906784,0.04951022729400193
974,0.1326295869846621,0.1335115636288017,0.026019973468380572,0.04047551428414756,0.04119829132493591,0.026019973468380572,0.03505468647823494,0.04481217652887765,0.0527627239775495
975,0.1311840329030854,0.13108686621057178,0.0256585849479864,0.03902996020257086,0.03902996020257086,0.027465527549957274,0.03577746351902329,0.04264384540651261,0.05240133545715532
976,0.1328102812448592,0.13297962128311114,0.026019973468380572,0.04119829132493591,0.03902996020257086,0.026019973468380572,0.03577746351902329,0.04408939948808931,0.0527627239775495
977,0.12955778456131162,0.12940997681540917,0.026019973468380572,0.039391348722965035,0.03975273724335921,0.026019973468380572,0.03577746351902329,0.04408939948808931,0.04481217652887765
978,0.1326295869846621,0.13296920937763912,0.026019973468380572,0.04011412576375339,0.04083690280454173,0.02638136198877475,0.03577746351902329,0.04408939948808931,0.05059439285518445
979,0.13552069514781548,0.1372365222315526,0.027104139029563098,0.04408939948808931,0.03866857168217668,0.028911081631533973,0.03577746351902329,0.04408939948808931,0.052039946936761144
980,0.13100333864288832,0.13137615479397755,0.026019973468380572,0.03902996020257086,0.03975273724335921,0.026742750509168925,0.03577746351902329,0.04734189617163688,0.04011412576375339
981,0.1340751410662388,0.13456632463014237,0.025297196427592226,0.04372801096769514,0.03902996020257086,0.027465527549957274,0.03505468647823494,0.04408939948808931,0.05023300433479028
982,0.1322681984642679,0.13225026623510505,0.026019973468380572,0.04083690280454173,0.03975273724335921,0.026019973468380572,0.03577746351902329,0.04408939948808931,0.05023300433479028
983,0.1384118033109689,0.14118018030468577,0.026019973468380572,0.04119829132493591,0.04119829132493591,0.028188304590745623,0.04228245688611843,0.04481217652887765,0.054208278059126196
984,0.13913458035175724,0.14148363722052815,0.027826916070351447,0.05023300433479028,0.04047551428414756,0.027826916070351447,0.03577746351902329,0.04408939948808931,0.05348550101833785
985,0.14256777129550188,0.14627195462200976,0.028188304590745623,0.049148838773607754,0.04119829132493591,0.026742750509168925,0.03505468647823494,0.04661911913084853,0.05601522066109707
986,0.142748465555699,0.14567207196619658,0.02638136198877475,0.05023300433479028,0.03975273724335921,0.025297196427592226,0.035416074998629116,0.04408939948808931,0.06071327142622134
987,0.14148360573431937,0.14440942243006996,0.027104139029563098,0.05222064119695823,0.03866857168217668,0.026019973468380572,0.03577746351902329,0.04408939948808931,0.05854494030385629
988,0.13353305828564754,0.13444998916765186,0.0256585849479864,0.03902996020257086,0.03902996020257086,0.03975273724335921,0.03577746351902329,0.04408939948808931,0.04625773061045435
989,0.13768902627018054,0.13994538103866533,0.0256585849479864,0.05330480675814076,0.04047551428414756,0.026742750509168925,0.03577746351902329,0.04408939948808931,0.04625773061045435
990,0.13443652958663296,0.13605769614406799,0.0256585849479864,0.04083690280454173,0.04119829132493591,0.03830718316178251,0.035416074998629116,0.04481217652887765,0.04661911913084853
991,0.1326295869846621,0.13377679221718744,0.026742750509168925,0.03902996020257086,0.03902996020257086,0.028188304590745623,0.03577746351902329,0.04408939948808931,0.0513171698959728
992,0.1284736190001291,0.12798353993893397,0.025297196427592226,0.03758440612099416,0.03902996020257086,0.026742750509168925,0.03505468647823494,0.04408939948808931,0.04517356504927183
993,0.13208750420407084,0.13359737448329664,0.025297196427592226,0.03902996020257086,0.04119829132493591,0.027826916070351447,0.03577746351902329,0.04408939948808931,0.0513171698959728
994,0.1322681984642679,0.13344468029157086,0.026742750509168925,0.04661911913084853,0.03975273724335921,0.026019973468380572,0.03577746351902329,0.04408939948808931,0.04011412576375339
995,0.1398573573925456,0.14227313317894136,0.026019973468380572,0.04661911913084853,0.04047551428414756,0.028911081631533973,0.03577746351902329,0.04408939948808931,0.05673799770188542
996,0.1311840329030854,0.13250631681046887,0.025297196427592226,0.03866857168217668,0.04119829132493591,0.027465527549957274,0.03577746351902329,0.04264384540651261,0.053124112497943674
997,0.1394959688721514,0.14201218296568446,0.025297196427592226,0.04047551428414756,0.03902996020257086,0.026019973468380572,0.05456966657952037,0.04408939948808931,0.053124112497943674
998,0.13443652958663296,0.13603911269785113,0.025297196427592226,0.04661911913084853,0.03975273724335921,0.026742750509168925,0.035416074998629116,0.04408939948808931,0.048064673212425225
999,0.1357013894080126,0.13717734981347432,0.025297196427592226,0.03758440612099416,0.04047551428414756,0.03830718316178251,0.04336662244730096,0.04264384540651261,0.05023300433479028
