rep,simple_rate,mle_rate,NA_rate,NP_rate,NS_rate,PB1_rate,PB2_rate,MP_rate,PA_rate
0,0.048095682588377715,0.04713448386567567,0.012546699805663752,0.02091116634277292,0.016728933074218338,0.012546699805663752,0.029275632879882087,0.012546699805663752,0.02091116634277292
1,0.048095682588377715,0.04713448386567567,0.012546699805663752,0.02091116634277292,0.016728933074218338,0.012546699805663752,0.029275632879882087,0.012546699805663752,0.02091116634277292
2,0.048095682588377715,0.04713448386567567,0.012546699805663752,0.02091116634277292,0.016728933074218338,0.012546699805663752,0.029275632879882087,0.012546699805663752,0.02091116634277292
3,0.048095682588377715,0.04713448386567567,0.012546699805663752,0.02091116634277292,0.016728933074218338,0.012546699805663752,0.029275632879882087,0.012546699805663752,0.02091116634277292
4,0.048095682588377715,0.04713448386567567,0.012546699805663752,0.02091116634277292,0.016728933074218338,0.012546699805663752,0.029275632879882087,0.012546699805663752,0.02091116634277292
5,0.048095682588377715,0.04713448386567567,0.012546699805663752,0.02091116634277292,0.016728933074218338,0.012546699805663752,0.029275632879882087,0.012546699805663752,0.02091116634277292
6,0.048095682588377715,0.04713448386567567,0.012546699805663752,0.02091116634277292,0.016728933074218338,0.012546699805663752,0.029275632879882087,0.012546699805663752,0.02091116634277292
7,0.048095682588377715,0.04713448386567567,0.012546699805663752,0.02091116634277292,0.016728933074218338,0.012546699805663752,0.029275632879882087,0.012546699805663752,0.02091116634277292
8,0.048095682588377715,0.04713448386567567,0.012546699805663752,0.02091116634277292,0.016728933074218338,0.012546699805663752,0.029275632879882087,0.012546699805663752,0.02091116634277292
9,0.048095682588377715,0.04713448386567567,0.012546699805663752,0.02091116634277292,0.016728933074218338,0.012546699805663752,0.029275632879882087,0.012546699805663752,0.02091116634277292
10,0.048095682588377715,0.04713448386567567,0.012546699805663752,0.02091116634277292,0.016728933074218338,0.012546699805663752,0.029275632879882087,0.016728933074218338,0.02091116634277292
11,0.048095682588377715,0.04713448386567567,0.012546699805663752,0.02091116634277292,0.016728933074218338,0.012546699805663752,0.029275632879882087,0.016728933074218338,0.02091116634277292
12,0.048095682588377715,0.04713448386567567,0.012546699805663752,0.02091116634277292,0.016728933074218338,0.012546699805663752,0.029275632879882087,0.012546699805663752,0.02091116634277292
13,0.048095682588377715,0.04713448386567567,0.012546699805663752,0.02091116634277292,0.012546699805663752,0.012546699805663752,0.029275632879882087,0.012546699805663752,0.02091116634277292
14,0.048095682588377715,0.04713448386567567,0.012546699805663752,0.02091116634277292,0.016728933074218338,0.012546699805663752,0.029275632879882087,0.012546699805663752,0.02091116634277292
15,0.048095682588377715,0.04713448386567567,0.012546699805663752,0.02091116634277292,0.016728933074218338,0.012546699805663752,0.029275632879882087,0.012546699805663752,0.02091116634277292
16,0.048095682588377715,0.04713448386567567,0.012546699805663752,0.02091116634277292,0.016728933074218338,0.012546699805663752,0.029275632879882087,0.016728933074218338,0.02091116634277292
17,0.048095682588377715,0.04713448386567567,0.012546699805663752,0.02091116634277292,0.016728933074218338,0.012546699805663752,0.029275632879882087,0.012546699805663752,0.02091116634277292
18,0.048095682588377715,0.04713448386567567,0.012546699805663752,0.02091116634277292,0.016728933074218338,0.012546699805663752,0.029275632879882087,0.012546699805663752,0.02091116634277292
19,0.048095682588377715,0.04713448386567567,0.012546699805663752,0.02091116634277292,0.016728933074218338,0.012546699805663752,0.029275632879882087,0.012546699805663752,0.02091116634277292
20,0.048095682588377715,0.04713448386567567,0.012546699805663752,0.02091116634277292,0.016728933074218338,0.012546699805663752,0.029275632879882087,0.016728933074218338,0.02091116634277292
21,0.048095682588377715,0.04713448386567567,0.012546699805663752,0.02091116634277292,0.016728933074218338,0.012546699805663752,0.029275632879882087,0.012546699805663752,0.02091116634277292
22,0.048095682588377715,0.04713448386567567,0.012546699805663752,0.02091116634277292,0.016728933074218338,0.012546699805663752,0.029275632879882087,0.012546699805663752,0.02091116634277292
23,0.048095682588377715,0.04713448386567567,0.012546699805663752,0.02091116634277292,0.016728933074218338,0.012546699805663752,0.029275632879882087,0.012546699805663752,0.02091116634277292
24,0.048095682588377715,0.04713448386567567,0.012546699805663752,0.02091116634277292,0.016728933074218338,0.012546699805663752,0.029275632879882087,0.012546699805663752,0.02091116634277292
25,0.048095682588377715,0.04713448386567567,0.012546699805663752,0.02091116634277292,0.016728933074218338,0.012546699805663752,0.029275632879882087,0.012546699805663752,0.02091116634277292
26,0.048095682588377715,0.04713448386567567,0.012546699805663752,0.02091116634277292,0.016728933074218338,0.012546699805663752,0.029275632879882087,0.012546699805663752,0.02091116634277292
27,0.048095682588377715,0.04713448386567567,0.012546699805663752,0.02091116634277292,0.016728933074218338,0.012546699805663752,0.029275632879882087,0.012546699805663752,0.02091116634277292
28,0.048095682588377715,0.04713448386567567,0.012546699805663752,0.02091116634277292,0.012546699805663752,0.012546699805663752,0.029275632879882087,0.012546699805663752,0.02091116634277292
29,0.048095682588377715,0.04713448386567567,0.012546699805663752,0.02091116634277292,0.016728933074218338,0.012546699805663752,0.029275632879882087,0.012546699805663752,0.02091116634277292
30,0.048095682588377715,0.04713448386567567,0.012546699805663752,0.02091116634277292,0.016728933074218338,0.012546699805663752,0.029275632879882087,0.012546699805663752,0.02091116634277292
31,0.048095682588377715,0.04713448386567567,0.012546699805663752,0.02091116634277292,0.016728933074218338,0.012546699805663752,0.029275632879882087,0.012546699805663752,0.02091116634277292
32,0.048095682588377715,0.04713448386567567,0.012546699805663752,0.02091116634277292,0.016728933074218338,0.012546699805663752,0.029275632879882087,0.012546699805663752,0.02091116634277292
33,0.048095682588377715,0.04713448386567567,0.012546699805663752,0.02091116634277292,0.016728933074218338,0.012546699805663752,0.029275632879882087,0.012546699805663752,0.02091116634277292
34,0.048095682588377715,0.04713448386567567,0.012546699805663752,0.02091116634277292,0.016728933074218338,0.012546699805663752,0.029275632879882087,0.012546699805663752,0.02091116634277292
35,0.048095682588377715,0.04713448386567567,0.012546699805663752,0.02091116634277292,0.016728933074218338,0.012546699805663752,0.029275632879882087,0.012546699805663752,0.02091116634277292
36,0.048095682588377715,0.04713448386567567,0.012546699805663752,0.02091116634277292,0.016728933074218338,0.012546699805663752,0.029275632879882087,0.012546699805663752,0.02091116634277292
37,0.048095682588377715,0.04713448386567567,0.012546699805663752,0.02091116634277292,0.016728933074218338,0.012546699805663752,0.029275632879882087,0.012546699805663752,0.02091116634277292
38,0.048095682588377715,0.04713448386567567,0.012546699805663752,0.02091116634277292,0.016728933074218338,0.012546699805663752,0.029275632879882087,0.012546699805663752,0.02091116634277292
39,0.048095682588377715,0.04713448386567567,0.012546699805663752,0.02091116634277292,0.016728933074218338,0.012546699805663752,0.029275632879882087,0.012546699805663752,0.02091116634277292
40,0.048095682588377715,0.04713448386567567,0.012546699805663752,0.02091116634277292,0.012546699805663752,0.012546699805663752,0.029275632879882087,0.012546699805663752,0.02091116634277292
41,0.048095682588377715,0.04713448386567567,0.012546699805663752,0.02091116634277292,0.016728933074218338,0.012546699805663752,0.029275632879882087,0.016728933074218338,0.02091116634277292
42,0.048095682588377715,0.04713448386567567,0.012546699805663752,0.02091116634277292,0.016728933074218338,0.012546699805663752,0.029275632879882087,0.012546699805663752,0.02091116634277292
43,0.048095682588377715,0.04713448386567567,0.012546699805663752,0.02091116634277292,0.016728933074218338,0.012546699805663752,0.029275632879882087,0.016728933074218338,0.02091116634277292
44,0.048095682588377715,0.04713448386567567,0.012546699805663752,0.02091116634277292,0.016728933074218338,0.012546699805663752,0.029275632879882087,0.012546699805663752,0.02091116634277292
45,0.048095682588377715,0.04713448386567567,0.012546699805663752,0.02091116634277292,0.016728933074218338,0.012546699805663752,0.029275632879882087,0.012546699805663752,0.02091116634277292
46,0.048095682588377715,0.04713448386567567,0.012546699805663752,0.02091116634277292,0.016728933074218338,0.012546699805663752,0.029275632879882087,0.016728933074218338,0.02091116634277292
47,0.048095682588377715,0.04713448386567567,0.012546699805663752,0.02091116634277292,0.016728933074218338,0.012546699805663752,0.029275632879882087,0.012546699805663752,0.02091116634277292
48,0.048095682588377715,0.04713448386567567,0.012546699805663752,0.02091116634277292,0.016728933074218338,0.012546699805663752,0.029275632879882087,0.012546699805663752,0.02091116634277292
49,0.048095682588377715,0.04713448386567567,0.012546699805663752,0.02091116634277292,0.016728933074218338,0.012546699805663752,0.029275632879882087,0.012546699805663752,0.02091116634277292
50,0.048095682588377715,0.04713448386567567,0.012546699805663752,0.02091116634277292,0.016728933074218338,0.012546699805663752,0.029275632879882087,0.012546699805663752,0.02091116634277292
51,0.048095682588377715,0.04713448386567567,0.012546699805663752,0.02091116634277292,0.016728933074218338,0.012546699805663752,0.029275632879882087,0.012546699805663752,0.02091116634277292
52,0.048095682588377715,0.04713448386567567,0.012546699805663752,0.02091116634277292,0.016728933074218338,0.012546699805663752,0.029275632879882087,0.012546699805663752,0.02091116634277292
53,0.048095682588377715,0.04713448386567567,0.012546699805663752,0.02091116634277292,0.016728933074218338,0.012546699805663752,0.029275632879882087,0.012546699805663752,0.02091116634277292
54,0.048095682588377715,0.04713448386567567,0.012546699805663752,0.02091116634277292,0.016728933074218338,0.012546699805663752,0.029275632879882087,0.012546699805663752,0.02091116634277292
55,0.048095682588377715,0.04713448386567567,0.012546699805663752,0.02091116634277292,0.016728933074218338,0.012546699805663752,0.029275632879882087,0.012546699805663752,0.02091116634277292
56,0.048095682588377715,0.04713448386567567,0.012546699805663752,0.02091116634277292,0.016728933074218338,0.012546699805663752,0.029275632879882087,0.012546699805663752,0.02091116634277292
57,0.048095682588377715,0.04713448386567567,0.012546699805663752,0.02091116634277292,0.016728933074218338,0.012546699805663752,0.029275632879882087,0.012546699805663752,0.02091116634277292
58,0.048095682588377715,0.04713448386567567,0.012546699805663752,0.02091116634277292,0.016728933074218338,0.012546699805663752,0.029275632879882087,0.012546699805663752,0.02091116634277292
59,0.048095682588377715,0.04713448386567567,0.012546699805663752,0.02091116634277292,0.016728933074218338,0.012546699805663752,0.029275632879882087,0.016728933074218338,0.02091116634277292
60,0.048095682588377715,0.04713448386567567,0.012546699805663752,0.02091116634277292,0.016728933074218338,0.012546699805663752,0.029275632879882087,0.012546699805663752,0.02091116634277292
61,0.048095682588377715,0.04713448386567567,0.012546699805663752,0.02091116634277292,0.016728933074218338,0.012546699805663752,0.029275632879882087,0.016728933074218338,0.02091116634277292
62,0.048095682588377715,0.04713448386567567,0.012546699805663752,0.02091116634277292,0.016728933074218338,0.012546699805663752,0.029275632879882087,0.012546699805663752,0.02091116634277292
63,0.048095682588377715,0.04713448386567567,0.012546699805663752,0.02091116634277292,0.016728933074218338,0.012546699805663752,0.029275632879882087,0.012546699805663752,0.02091116634277292
64,0.048095682588377715,0.04713448386567567,0.012546699805663752,0.02091116634277292,0.016728933074218338,0.012546699805663752,0.029275632879882087,0.012546699805663752,0.02091116634277292
65,0.048095682588377715,0.04713448386567567,0.012546699805663752,0.02091116634277292,0.016728933074218338,0.012546699805663752,0.029275632879882087,0.012546699805663752,0.02091116634277292
66,0.048095682588377715,0.04713448386567567,0.012546699805663752,0.02091116634277292,0.016728933074218338,0.012546699805663752,0.029275632879882087,0.012546699805663752,0.02091116634277292
67,0.048095682588377715,0.04713448386567567,0.012546699805663752,0.02091116634277292,0.016728933074218338,0.012546699805663752,0.029275632879882087,0.012546699805663752,0.02091116634277292
68,0.048095682588377715,0.04713448386567567,0.012546699805663752,0.02091116634277292,0.016728933074218338,0.012546699805663752,0.029275632879882087,0.012546699805663752,0.02091116634277292
69,0.048095682588377715,0.04713448386567567,0.012546699805663752,0.02091116634277292,0.016728933074218338,0.012546699805663752,0.029275632879882087,0.012546699805663752,0.02091116634277292
70,0.048095682588377715,0.04713448386567567,0.012546699805663752,0.02091116634277292,0.016728933074218338,0.012546699805663752,0.029275632879882087,0.012546699805663752,0.02091116634277292
71,0.048095682588377715,0.04713448386567567,0.012546699805663752,0.02091116634277292,0.016728933074218338,0.012546699805663752,0.029275632879882087,0.012546699805663752,0.02091116634277292
72,0.048095682588377715,0.04713448386567567,0.012546699805663752,0.02091116634277292,0.016728933074218338,0.012546699805663752,0.029275632879882087,0.012546699805663752,0.02091116634277292
73,0.048095682588377715,0.04713448386567567,0.012546699805663752,0.02091116634277292,0.012546699805663752,0.012546699805663752,0.029275632879882087,0.016728933074218338,0.02091116634277292
74,0.048095682588377715,0.04713448386567567,0.012546699805663752,0.02091116634277292,0.016728933074218338,0.012546699805663752,0.029275632879882087,0.012546699805663752,0.02091116634277292
75,0.048095682588377715,0.04713448386567567,0.012546699805663752,0.02091116634277292,0.016728933074218338,0.012546699805663752,0.029275632879882087,0.012546699805663752,0.02091116634277292
76,0.048095682588377715,0.04713448386567567,0.012546699805663752,0.02091116634277292,0.016728933074218338,0.012546699805663752,0.029275632879882087,0.012546699805663752,0.02091116634277292
77,0.048095682588377715,0.04713448386567567,0.012546699805663752,0.02091116634277292,0.016728933074218338,0.012546699805663752,0.029275632879882087,0.012546699805663752,0.02091116634277292
78,0.048095682588377715,0.04713448386567567,0.012546699805663752,0.02091116634277292,0.016728933074218338,0.012546699805663752,0.029275632879882087,0.012546699805663752,0.02091116634277292
79,0.048095682588377715,0.04713448386567567,0.012546699805663752,0.02091116634277292,0.016728933074218338,0.012546699805663752,0.029275632879882087,0.012546699805663752,0.02091116634277292
80,0.048095682588377715,0.04713448386567567,0.012546699805663752,0.02091116634277292,0.016728933074218338,0.012546699805663752,0.029275632879882087,0.016728933074218338,0.02091116634277292
81,0.048095682588377715,0.04713448386567567,0.012546699805663752,0.02091116634277292,0.016728933074218338,0.012546699805663752,0.029275632879882087,0.012546699805663752,0.02091116634277292
82,0.048095682588377715,0.04713448386567567,0.012546699805663752,0.02091116634277292,0.016728933074218338,0.012546699805663752,0.029275632879882087,0.016728933074218338,0.02091116634277292
83,0.048095682588377715,0.04713448386567567,0.012546699805663752,0.02091116634277292,0.016728933074218338,0.012546699805663752,0.029275632879882087,0.012546699805663752,0.02091116634277292
84,0.048095682588377715,0.04713448386567567,0.012546699805663752,0.02091116634277292,0.016728933074218338,0.012546699805663752,0.029275632879882087,0.012546699805663752,0.02091116634277292
85,0.048095682588377715,0.04713448386567567,0.012546699805663752,0.02091116634277292,0.016728933074218338,0.012546699805663752,0.029275632879882087,0.012546699805663752,0.02091116634277292
86,0.048095682588377715,0.04713448386567567,0.012546699805663752,0.02091116634277292,0.016728933074218338,0.012546699805663752,0.029275632879882087,0.012546699805663752,0.02091116634277292
87,0.048095682588377715,0.04713448386567567,0.012546699805663752,0.02091116634277292,0.016728933074218338,0.012546699805663752,0.029275632879882087,0.016728933074218338,0.02091116634277292
88,0.048095682588377715,0.04713448386567567,0.012546699805663752,0.02091116634277292,0.016728933074218338,0.012546699805663752,0.029275632879882087,0.012546699805663752,0.02091116634277292
89,0.048095682588377715,0.04713448386567567,0.012546699805663752,0.02091116634277292,0.016728933074218338,0.012546699805663752,0.029275632879882087,0.012546699805663752,0.02091116634277292
90,0.048095682588377715,0.04713448386567567,0.012546699805663752,0.02091116634277292,0.016728933074218338,0.012546699805663752,0.029275632879882087,0.012546699805663752,0.02091116634277292
91,0.048095682588377715,0.04713448386567567,0.012546699805663752,0.02091116634277292,0.016728933074218338,0.012546699805663752,0.029275632879882087,0.012546699805663752,0.02091116634277292
92,0.048095682588377715,0.04713448386567567,0.012546699805663752,0.02091116634277292,0.016728933074218338,0.012546699805663752,0.029275632879882087,0.012546699805663752,0.02091116634277292
93,0.048095682588377715,0.04713448386567567,0.012546699805663752,0.02091116634277292,0.016728933074218338,0.012546699805663752,0.029275632879882087,0.012546699805663752,0.02091116634277292
94,0.048095682588377715,0.04713448386567567,0.012546699805663752,0.02091116634277292,0.016728933074218338,0.012546699805663752,0.029275632879882087,0.012546699805663752,0.02091116634277292
95,0.048095682588377715,0.04713448386567567,0.012546699805663752,0.02091116634277292,0.016728933074218338,0.012546699805663752,0.029275632879882087,0.012546699805663752,0.02091116634277292
96,0.048095682588377715,0.04713448386567567,0.012546699805663752,0.02091116634277292,0.016728933074218338,0.012546699805663752,0.029275632879882087,0.012546699805663752,0.02091116634277292
97,0.048095682588377715,0.04713448386567567,0.012546699805663752,0.02091116634277292,0.016728933074218338,0.012546699805663752,0.029275632879882087,0.012546699805663752,0.02091116634277292
98,0.048095682588377715,0.04713448386567567,0.012546699805663752,0.02091116634277292,0.016728933074218338,0.012546699805663752,0.029275632879882087,0.012546699805663752,0.02091116634277292
99,0.048095682588377715,0.04713448386567567,0.012546699805663752,0.02091116634277292,0.016728933074218338,0.012546699805663752,0.029275632879882087,0.012546699805663752,0.02091116634277292
100,0.048095682588377715,0.04713448386567567,0.012546699805663752,0.02091116634277292,0.016728933074218338,0.012546699805663752,0.029275632879882087,0.012546699805663752,0.02091116634277292
101,0.048095682588377715,0.04713448386567567,0.012546699805663752,0.02091116634277292,0.016728933074218338,0.012546699805663752,0.029275632879882087,0.012546699805663752,0.02091116634277292
102,0.048095682588377715,0.04713448386567567,0.012546699805663752,0.02091116634277292,0.016728933074218338,0.012546699805663752,0.029275632879882087,0.012546699805663752,0.02091116634277292
103,0.048095682588377715,0.04713448386567567,0.012546699805663752,0.02091116634277292,0.016728933074218338,0.012546699805663752,0.029275632879882087,0.016728933074218338,0.02091116634277292
104,0.048095682588377715,0.04713448386567567,0.012546699805663752,0.02091116634277292,0.016728933074218338,0.012546699805663752,0.029275632879882087,0.012546699805663752,0.02091116634277292
105,0.048095682588377715,0.04713448386567567,0.012546699805663752,0.02091116634277292,0.016728933074218338,0.012546699805663752,0.029275632879882087,0.012546699805663752,0.02091116634277292
106,0.048095682588377715,0.04713448386567567,0.012546699805663752,0.02091116634277292,0.016728933074218338,0.012546699805663752,0.029275632879882087,0.012546699805663752,0.02091116634277292
107,0.048095682588377715,0.04713448386567567,0.012546699805663752,0.02091116634277292,0.012546699805663752,0.012546699805663752,0.029275632879882087,0.012546699805663752,0.02091116634277292
108,0.048095682588377715,0.04713448386567567,0.012546699805663752,0.02091116634277292,0.016728933074218338,0.012546699805663752,0.029275632879882087,0.012546699805663752,0.02091116634277292
109,0.048095682588377715,0.04713448386567567,0.012546699805663752,0.02091116634277292,0.016728933074218338,0.012546699805663752,0.029275632879882087,0.016728933074218338,0.02091116634277292
110,0.048095682588377715,0.04713448386567567,0.012546699805663752,0.02091116634277292,0.016728933074218338,0.012546699805663752,0.029275632879882087,0.016728933074218338,0.02091116634277292
111,0.048095682588377715,0.04713448386567567,0.012546699805663752,0.02091116634277292,0.016728933074218338,0.012546699805663752,0.029275632879882087,0.012546699805663752,0.02091116634277292
112,0.048095682588377715,0.04713448386567567,0.012546699805663752,0.02091116634277292,0.016728933074218338,0.012546699805663752,0.029275632879882087,0.012546699805663752,0.02091116634277292
113,0.048095682588377715,0.04713448386567567,0.012546699805663752,0.02091116634277292,0.016728933074218338,0.012546699805663752,0.029275632879882087,0.012546699805663752,0.02091116634277292
114,0.048095682588377715,0.04713448386567567,0.012546699805663752,0.02091116634277292,0.016728933074218338,0.012546699805663752,0.029275632879882087,0.012546699805663752,0.02091116634277292
115,0.048095682588377715,0.04713448386567567,0.012546699805663752,0.02091116634277292,0.016728933074218338,0.012546699805663752,0.029275632879882087,0.012546699805663752,0.02091116634277292
116,0.048095682588377715,0.04713448386567567,0.012546699805663752,0.02091116634277292,0.016728933074218338,0.012546699805663752,0.029275632879882087,0.012546699805663752,0.02091116634277292
117,0.048095682588377715,0.04713448386567567,0.012546699805663752,0.02091116634277292,0.016728933074218338,0.012546699805663752,0.029275632879882087,0.012546699805663752,0.02091116634277292
118,0.048095682588377715,0.04713448386567567,0.012546699805663752,0.02091116634277292,0.016728933074218338,0.012546699805663752,0.029275632879882087,0.012546699805663752,0.02091116634277292
119,0.048095682588377715,0.04713448386567567,0.012546699805663752,0.02091116634277292,0.016728933074218338,0.012546699805663752,0.029275632879882087,0.012546699805663752,0.02091116634277292
120,0.048095682588377715,0.04713448386567567,0.012546699805663752,0.02091116634277292,0.016728933074218338,0.012546699805663752,0.029275632879882087,0.012546699805663752,0.02091116634277292
121,0.048095682588377715,0.04713448386567567,0.012546699805663752,0.02091116634277292,0.016728933074218338,0.012546699805663752,0.029275632879882087,0.012546699805663752,0.02091116634277292
122,0.048095682588377715,0.04713448386567567,0.012546699805663752,0.02091116634277292,0.016728933074218338,0.012546699805663752,0.029275632879882087,0.012546699805663752,0.02091116634277292
123,0.048095682588377715,0.04713448386567567,0.012546699805663752,0.02091116634277292,0.016728933074218338,0.012546699805663752,0.029275632879882087,0.012546699805663752,0.02091116634277292
124,0.048095682588377715,0.04713448386567567,0.012546699805663752,0.02091116634277292,0.016728933074218338,0.012546699805663752,0.029275632879882087,0.012546699805663752,0.02091116634277292
125,0.048095682588377715,0.04713448386567567,0.012546699805663752,0.02091116634277292,0.016728933074218338,0.012546699805663752,0.029275632879882087,0.012546699805663752,0.02091116634277292
126,0.048095682588377715,0.04713448386567567,0.012546699805663752,0.02091116634277292,0.016728933074218338,0.012546699805663752,0.029275632879882087,0.016728933074218338,0.02091116634277292
127,0.048095682588377715,0.04713448386567567,0.012546699805663752,0.02091116634277292,0.016728933074218338,0.012546699805663752,0.029275632879882087,0.012546699805663752,0.02091116634277292
128,0.048095682588377715,0.04713448386567567,0.012546699805663752,0.02091116634277292,0.016728933074218338,0.012546699805663752,0.029275632879882087,0.016728933074218338,0.02091116634277292
129,0.048095682588377715,0.04713448386567567,0.012546699805663752,0.02091116634277292,0.016728933074218338,0.012546699805663752,0.029275632879882087,0.012546699805663752,0.02091116634277292
130,0.048095682588377715,0.04713448386567567,0.012546699805663752,0.02091116634277292,0.016728933074218338,0.012546699805663752,0.029275632879882087,0.012546699805663752,0.02091116634277292
131,0.048095682588377715,0.04713448386567567,0.012546699805663752,0.02091116634277292,0.016728933074218338,0.012546699805663752,0.029275632879882087,0.016728933074218338,0.02091116634277292
132,0.048095682588377715,0.04713448386567567,0.012546699805663752,0.02091116634277292,0.016728933074218338,0.012546699805663752,0.029275632879882087,0.016728933074218338,0.02091116634277292
133,0.048095682588377715,0.04713448386567567,0.012546699805663752,0.02091116634277292,0.016728933074218338,0.012546699805663752,0.029275632879882087,0.016728933074218338,0.02091116634277292
134,0.048095682588377715,0.04713448386567567,0.012546699805663752,0.02091116634277292,0.016728933074218338,0.012546699805663752,0.029275632879882087,0.012546699805663752,0.02091116634277292
135,0.048095682588377715,0.04713448386567567,0.012546699805663752,0.02091116634277292,0.016728933074218338,0.012546699805663752,0.029275632879882087,0.012546699805663752,0.02091116634277292
136,0.048095682588377715,0.04713448386567567,0.012546699805663752,0.02091116634277292,0.016728933074218338,0.012546699805663752,0.029275632879882087,0.012546699805663752,0.02091116634277292
137,0.048095682588377715,0.04713448386567567,0.012546699805663752,0.02091116634277292,0.016728933074218338,0.012546699805663752,0.029275632879882087,0.012546699805663752,0.02091116634277292
138,0.048095682588377715,0.04713448386567567,0.012546699805663752,0.02091116634277292,0.016728933074218338,0.012546699805663752,0.029275632879882087,0.012546699805663752,0.02091116634277292
139,0.048095682588377715,0.04713448386567567,0.012546699805663752,0.02091116634277292,0.016728933074218338,0.012546699805663752,0.029275632879882087,0.012546699805663752,0.02091116634277292
140,0.048095682588377715,0.04713448386567567,0.012546699805663752,0.02091116634277292,0.016728933074218338,0.012546699805663752,0.029275632879882087,0.012546699805663752,0.02091116634277292
141,0.048095682588377715,0.04713448386567567,0.012546699805663752,0.02091116634277292,0.016728933074218338,0.012546699805663752,0.029275632879882087,0.012546699805663752,0.02091116634277292
142,0.048095682588377715,0.04713448386567567,0.012546699805663752,0.02091116634277292,0.016728933074218338,0.012546699805663752,0.029275632879882087,0.012546699805663752,0.02091116634277292
143,0.048095682588377715,0.04713448386567567,0.012546699805663752,0.02091116634277292,0.016728933074218338,0.012546699805663752,0.029275632879882087,0.012546699805663752,0.02091116634277292
144,0.048095682588377715,0.04713448386567567,0.012546699805663752,0.02091116634277292,0.016728933074218338,0.012546699805663752,0.029275632879882087,0.012546699805663752,0.02091116634277292
145,0.048095682588377715,0.04713448386567567,0.012546699805663752,0.02091116634277292,0.016728933074218338,0.012546699805663752,0.029275632879882087,0.012546699805663752,0.02091116634277292
146,0.048095682588377715,0.04713448386567567,0.012546699805663752,0.02091116634277292,0.016728933074218338,0.012546699805663752,0.029275632879882087,0.012546699805663752,0.02091116634277292
147,0.048095682588377715,0.04713448386567567,0.012546699805663752,0.02091116634277292,0.016728933074218338,0.012546699805663752,0.029275632879882087,0.016728933074218338,0.02091116634277292
148,0.048095682588377715,0.04713448386567567,0.012546699805663752,0.02091116634277292,0.012546699805663752,0.012546699805663752,0.029275632879882087,0.016728933074218338,0.02091116634277292
149,0.048095682588377715,0.04713448386567567,0.012546699805663752,0.02091116634277292,0.016728933074218338,0.012546699805663752,0.029275632879882087,0.012546699805663752,0.02091116634277292
150,0.048095682588377715,0.04713448386567567,0.012546699805663752,0.02091116634277292,0.016728933074218338,0.012546699805663752,0.029275632879882087,0.012546699805663752,0.02091116634277292
151,0.048095682588377715,0.04713448386567567,0.012546699805663752,0.02091116634277292,0.016728933074218338,0.012546699805663752,0.029275632879882087,0.012546699805663752,0.02091116634277292
152,0.048095682588377715,0.04713448386567567,0.012546699805663752,0.02091116634277292,0.016728933074218338,0.012546699805663752,0.029275632879882087,0.016728933074218338,0.02091116634277292
153,0.048095682588377715,0.04713448386567567,0.012546699805663752,0.02091116634277292,0.016728933074218338,0.012546699805663752,0.029275632879882087,0.012546699805663752,0.02091116634277292
154,0.048095682588377715,0.04713448386567567,0.012546699805663752,0.02091116634277292,0.016728933074218338,0.012546699805663752,0.029275632879882087,0.016728933074218338,0.02091116634277292
155,0.048095682588377715,0.04713448386567567,0.012546699805663752,0.02091116634277292,0.016728933074218338,0.012546699805663752,0.029275632879882087,0.016728933074218338,0.02091116634277292
156,0.048095682588377715,0.04713448386567567,0.012546699805663752,0.02091116634277292,0.016728933074218338,0.012546699805663752,0.029275632879882087,0.012546699805663752,0.02091116634277292
157,0.048095682588377715,0.04713448386567567,0.012546699805663752,0.02091116634277292,0.016728933074218338,0.012546699805663752,0.029275632879882087,0.012546699805663752,0.02091116634277292
158,0.048095682588377715,0.04713448386567567,0.012546699805663752,0.02091116634277292,0.016728933074218338,0.012546699805663752,0.029275632879882087,0.012546699805663752,0.02091116634277292
159,0.048095682588377715,0.04713448386567567,0.012546699805663752,0.02091116634277292,0.016728933074218338,0.012546699805663752,0.029275632879882087,0.012546699805663752,0.02091116634277292
160,0.048095682588377715,0.04713448386567567,0.012546699805663752,0.02091116634277292,0.016728933074218338,0.012546699805663752,0.029275632879882087,0.012546699805663752,0.02091116634277292
161,0.048095682588377715,0.04713448386567567,0.012546699805663752,0.02091116634277292,0.016728933074218338,0.012546699805663752,0.029275632879882087,0.016728933074218338,0.02091116634277292
162,0.048095682588377715,0.04713448386567567,0.012546699805663752,0.02091116634277292,0.016728933074218338,0.012546699805663752,0.029275632879882087,0.012546699805663752,0.02091116634277292
163,0.048095682588377715,0.04713448386567567,0.012546699805663752,0.02091116634277292,0.016728933074218338,0.012546699805663752,0.029275632879882087,0.012546699805663752,0.02091116634277292
164,0.048095682588377715,0.04713448386567567,0.012546699805663752,0.02091116634277292,0.016728933074218338,0.012546699805663752,0.029275632879882087,0.012546699805663752,0.02091116634277292
165,0.048095682588377715,0.04713448386567567,0.012546699805663752,0.02091116634277292,0.016728933074218338,0.012546699805663752,0.029275632879882087,0.012546699805663752,0.02091116634277292
166,0.048095682588377715,0.04713448386567567,0.012546699805663752,0.02091116634277292,0.016728933074218338,0.012546699805663752,0.029275632879882087,0.012546699805663752,0.02091116634277292
167,0.048095682588377715,0.04713448386567567,0.012546699805663752,0.02091116634277292,0.016728933074218338,0.012546699805663752,0.029275632879882087,0.012546699805663752,0.02091116634277292
168,0.048095682588377715,0.04713448386567567,0.012546699805663752,0.02091116634277292,0.016728933074218338,0.012546699805663752,0.029275632879882087,0.012546699805663752,0.02091116634277292
169,0.048095682588377715,0.04713448386567567,0.012546699805663752,0.02091116634277292,0.016728933074218338,0.012546699805663752,0.029275632879882087,0.012546699805663752,0.02091116634277292
170,0.048095682588377715,0.04713448386567567,0.012546699805663752,0.02091116634277292,0.016728933074218338,0.012546699805663752,0.029275632879882087,0.016728933074218338,0.02091116634277292
171,0.048095682588377715,0.04713448386567567,0.012546699805663752,0.02091116634277292,0.016728933074218338,0.012546699805663752,0.029275632879882087,0.012546699805663752,0.02091116634277292
172,0.048095682588377715,0.04713448386567567,0.012546699805663752,0.02091116634277292,0.016728933074218338,0.012546699805663752,0.029275632879882087,0.012546699805663752,0.02091116634277292
173,0.048095682588377715,0.04713448386567567,0.012546699805663752,0.02091116634277292,0.016728933074218338,0.012546699805663752,0.029275632879882087,0.012546699805663752,0.02091116634277292
174,0.048095682588377715,0.04713448386567567,0.012546699805663752,0.02091116634277292,0.016728933074218338,0.012546699805663752,0.029275632879882087,0.012546699805663752,0.02091116634277292
175,0.048095682588377715,0.04713448386567567,0.012546699805663752,0.02091116634277292,0.016728933074218338,0.012546699805663752,0.029275632879882087,0.012546699805663752,0.02091116634277292
176,0.048095682588377715,0.04713448386567567,0.012546699805663752,0.02091116634277292,0.016728933074218338,0.012546699805663752,0.029275632879882087,0.012546699805663752,0.02091116634277292
177,0.048095682588377715,0.04713448386567567,0.012546699805663752,0.02091116634277292,0.016728933074218338,0.012546699805663752,0.029275632879882087,0.012546699805663752,0.02091116634277292
178,0.048095682588377715,0.04713448386567567,0.012546699805663752,0.02091116634277292,0.016728933074218338,0.012546699805663752,0.029275632879882087,0.012546699805663752,0.02091116634277292
179,0.048095682588377715,0.04713448386567567,0.012546699805663752,0.02091116634277292,0.016728933074218338,0.012546699805663752,0.029275632879882087,0.012546699805663752,0.02091116634277292
180,0.048095682588377715,0.04713448386567567,0.012546699805663752,0.02091116634277292,0.016728933074218338,0.012546699805663752,0.029275632879882087,0.012546699805663752,0.02091116634277292
181,0.048095682588377715,0.04713448386567567,0.012546699805663752,0.02091116634277292,0.016728933074218338,0.012546699805663752,0.029275632879882087,0.012546699805663752,0.02091116634277292
182,0.048095682588377715,0.04713448386567567,0.012546699805663752,0.02091116634277292,0.016728933074218338,0.012546699805663752,0.029275632879882087,0.012546699805663752,0.02091116634277292
183,0.048095682588377715,0.04713448386567567,0.012546699805663752,0.02091116634277292,0.016728933074218338,0.012546699805663752,0.029275632879882087,0.012546699805663752,0.02091116634277292
184,0.048095682588377715,0.04713448386567567,0.012546699805663752,0.02091116634277292,0.016728933074218338,0.012546699805663752,0.029275632879882087,0.016728933074218338,0.02091116634277292
185,0.048095682588377715,0.04713448386567567,0.012546699805663752,0.02091116634277292,0.016728933074218338,0.012546699805663752,0.029275632879882087,0.016728933074218338,0.02091116634277292
186,0.048095682588377715,0.04713448386567567,0.012546699805663752,0.02091116634277292,0.016728933074218338,0.012546699805663752,0.029275632879882087,0.012546699805663752,0.02091116634277292
187,0.048095682588377715,0.04713448386567567,0.012546699805663752,0.02091116634277292,0.012546699805663752,0.012546699805663752,0.029275632879882087,0.012546699805663752,0.02091116634277292
188,0.048095682588377715,0.04713448386567567,0.012546699805663752,0.02091116634277292,0.016728933074218338,0.012546699805663752,0.029275632879882087,0.012546699805663752,0.02091116634277292
189,0.048095682588377715,0.04713448386567567,0.012546699805663752,0.02091116634277292,0.016728933074218338,0.012546699805663752,0.029275632879882087,0.012546699805663752,0.02091116634277292
190,0.048095682588377715,0.04713448386567567,0.012546699805663752,0.02091116634277292,0.016728933074218338,0.012546699805663752,0.029275632879882087,0.012546699805663752,0.02091116634277292
191,0.048095682588377715,0.04713448386567567,0.012546699805663752,0.02091116634277292,0.012546699805663752,0.012546699805663752,0.029275632879882087,0.012546699805663752,0.02091116634277292
192,0.048095682588377715,0.04713448386567567,0.012546699805663752,0.02091116634277292,0.016728933074218338,0.012546699805663752,0.029275632879882087,0.012546699805663752,0.02091116634277292
193,0.048095682588377715,0.04713448386567567,0.012546699805663752,0.02091116634277292,0.016728933074218338,0.012546699805663752,0.029275632879882087,0.016728933074218338,0.02091116634277292
194,0.048095682588377715,0.04713448386567567,0.012546699805663752,0.02091116634277292,0.016728933074218338,0.012546699805663752,0.029275632879882087,0.012546699805663752,0.02091116634277292
195,0.048095682588377715,0.04713448386567567,0.012546699805663752,0.02091116634277292,0.016728933074218338,0.012546699805663752,0.029275632879882087,0.012546699805663752,0.02091116634277292
196,0.048095682588377715,0.04713448386567567,0.012546699805663752,0.02091116634277292,0.016728933074218338,0.012546699805663752,0.029275632879882087,0.012546699805663752,0.02091116634277292
197,0.048095682588377715,0.04713448386567567,0.012546699805663752,0.02091116634277292,0.016728933074218338,0.012546699805663752,0.029275632879882087,0.012546699805663752,0.02091116634277292
198,0.048095682588377715,0.04713448386567567,0.012546699805663752,0.02091116634277292,0.016728933074218338,0.012546699805663752,0.029275632879882087,0.012546699805663752,0.02091116634277292
199,0.048095682588377715,0.04713448386567567,0.012546699805663752,0.02091116634277292,0.016728933074218338,0.012546699805663752,0.029275632879882087,0.012546699805663752,0.02091116634277292
200,0.048095682588377715,0.04713448386567567,0.012546699805663752,0.02091116634277292,0.016728933074218338,0.012546699805663752,0.029275632879882087,0.012546699805663752,0.02091116634277292
201,0.048095682588377715,0.04713448386567567,0.012546699805663752,0.02091116634277292,0.016728933074218338,0.012546699805663752,0.029275632879882087,0.012546699805663752,0.02091116634277292
202,0.048095682588377715,0.04713448386567567,0.012546699805663752,0.02091116634277292,0.016728933074218338,0.012546699805663752,0.029275632879882087,0.012546699805663752,0.02091116634277292
203,0.048095682588377715,0.04713448386567567,0.012546699805663752,0.02091116634277292,0.016728933074218338,0.012546699805663752,0.029275632879882087,0.016728933074218338,0.02091116634277292
204,0.048095682588377715,0.04713448386567567,0.012546699805663752,0.02091116634277292,0.016728933074218338,0.012546699805663752,0.029275632879882087,0.016728933074218338,0.02091116634277292
205,0.048095682588377715,0.04713448386567567,0.012546699805663752,0.02091116634277292,0.016728933074218338,0.012546699805663752,0.029275632879882087,0.012546699805663752,0.02091116634277292
206,0.048095682588377715,0.04713448386567567,0.012546699805663752,0.02091116634277292,0.016728933074218338,0.012546699805663752,0.029275632879882087,0.012546699805663752,0.02091116634277292
207,0.048095682588377715,0.04713448386567567,0.012546699805663752,0.02091116634277292,0.016728933074218338,0.012546699805663752,0.029275632879882087,0.016728933074218338,0.02091116634277292
208,0.048095682588377715,0.04713448386567567,0.012546699805663752,0.02091116634277292,0.016728933074218338,0.012546699805663752,0.029275632879882087,0.012546699805663752,0.02091116634277292
209,0.048095682588377715,0.04713448386567567,0.012546699805663752,0.02091116634277292,0.016728933074218338,0.012546699805663752,0.029275632879882087,0.012546699805663752,0.02091116634277292
210,0.048095682588377715,0.04713448386567567,0.012546699805663752,0.02091116634277292,0.016728933074218338,0.012546699805663752,0.029275632879882087,0.016728933074218338,0.02091116634277292
211,0.048095682588377715,0.04713448386567567,0.012546699805663752,0.02091116634277292,0.016728933074218338,0.012546699805663752,0.029275632879882087,0.012546699805663752,0.02091116634277292
212,0.048095682588377715,0.04713448386567567,0.012546699805663752,0.02091116634277292,0.016728933074218338,0.012546699805663752,0.029275632879882087,0.012546699805663752,0.02091116634277292
213,0.048095682588377715,0.04713448386567567,0.012546699805663752,0.02091116634277292,0.016728933074218338,0.012546699805663752,0.029275632879882087,0.012546699805663752,0.02091116634277292
214,0.048095682588377715,0.04713448386567567,0.012546699805663752,0.02091116634277292,0.016728933074218338,0.012546699805663752,0.029275632879882087,0.012546699805663752,0.02091116634277292
215,0.048095682588377715,0.04713448386567567,0.012546699805663752,0.02091116634277292,0.016728933074218338,0.012546699805663752,0.029275632879882087,0.012546699805663752,0.02091116634277292
216,0.048095682588377715,0.04713448386567567,0.012546699805663752,0.02091116634277292,0.016728933074218338,0.012546699805663752,0.029275632879882087,0.016728933074218338,0.02091116634277292
217,0.048095682588377715,0.04713448386567567,0.012546699805663752,0.02091116634277292,0.016728933074218338,0.012546699805663752,0.029275632879882087,0.012546699805663752,0.02091116634277292
218,0.048095682588377715,0.04713448386567567,0.012546699805663752,0.02091116634277292,0.016728933074218338,0.012546699805663752,0.029275632879882087,0.012546699805663752,0.02091116634277292
219,0.048095682588377715,0.04713448386567567,0.012546699805663752,0.02091116634277292,0.016728933074218338,0.012546699805663752,0.029275632879882087,0.012546699805663752,0.02091116634277292
220,0.048095682588377715,0.04713448386567567,0.012546699805663752,0.02091116634277292,0.016728933074218338,0.012546699805663752,0.029275632879882087,0.012546699805663752,0.02091116634277292
221,0.048095682588377715,0.04713448386567567,0.012546699805663752,0.02091116634277292,0.016728933074218338,0.012546699805663752,0.029275632879882087,0.012546699805663752,0.02091116634277292
222,0.048095682588377715,0.04713448386567567,0.012546699805663752,0.02091116634277292,0.016728933074218338,0.012546699805663752,0.029275632879882087,0.012546699805663752,0.02091116634277292
223,0.048095682588377715,0.04713448386567567,0.012546699805663752,0.02091116634277292,0.016728933074218338,0.012546699805663752,0.029275632879882087,0.012546699805663752,0.02091116634277292
224,0.048095682588377715,0.04713448386567567,0.012546699805663752,0.02091116634277292,0.016728933074218338,0.012546699805663752,0.029275632879882087,0.012546699805663752,0.02091116634277292
225,0.048095682588377715,0.04713448386567567,0.012546699805663752,0.02091116634277292,0.016728933074218338,0.012546699805663752,0.029275632879882087,0.012546699805663752,0.02091116634277292
226,0.048095682588377715,0.04713448386567567,0.012546699805663752,0.02091116634277292,0.016728933074218338,0.012546699805663752,0.029275632879882087,0.012546699805663752,0.02091116634277292
227,0.048095682588377715,0.04713448386567567,0.012546699805663752,0.02091116634277292,0.016728933074218338,0.012546699805663752,0.029275632879882087,0.012546699805663752,0.02091116634277292
228,0.048095682588377715,0.04713448386567567,0.012546699805663752,0.02091116634277292,0.016728933074218338,0.012546699805663752,0.029275632879882087,0.012546699805663752,0.02091116634277292
229,0.048095682588377715,0.04713448386567567,0.012546699805663752,0.02091116634277292,0.016728933074218338,0.012546699805663752,0.029275632879882087,0.012546699805663752,0.02091116634277292
230,0.048095682588377715,0.04713448386567567,0.012546699805663752,0.02091116634277292,0.016728933074218338,0.012546699805663752,0.029275632879882087,0.012546699805663752,0.02091116634277292
231,0.048095682588377715,0.04713448386567567,0.012546699805663752,0.02091116634277292,0.016728933074218338,0.012546699805663752,0.029275632879882087,0.012546699805663752,0.02091116634277292
232,0.048095682588377715,0.04713448386567567,0.012546699805663752,0.02091116634277292,0.016728933074218338,0.012546699805663752,0.029275632879882087,0.012546699805663752,0.02091116634277292
233,0.048095682588377715,0.04713448386567567,0.012546699805663752,0.02091116634277292,0.016728933074218338,0.012546699805663752,0.029275632879882087,0.012546699805663752,0.02091116634277292
234,0.048095682588377715,0.04713448386567567,0.012546699805663752,0.02091116634277292,0.016728933074218338,0.012546699805663752,0.029275632879882087,0.012546699805663752,0.02091116634277292
235,0.048095682588377715,0.04713448386567567,0.012546699805663752,0.02091116634277292,0.016728933074218338,0.012546699805663752,0.029275632879882087,0.012546699805663752,0.02091116634277292
236,0.048095682588377715,0.04713448386567567,0.012546699805663752,0.02091116634277292,0.016728933074218338,0.012546699805663752,0.029275632879882087,0.012546699805663752,0.02091116634277292
237,0.048095682588377715,0.04713448386567567,0.012546699805663752,0.02091116634277292,0.016728933074218338,0.012546699805663752,0.029275632879882087,0.012546699805663752,0.02091116634277292
238,0.048095682588377715,0.04713448386567567,0.012546699805663752,0.02091116634277292,0.016728933074218338,0.012546699805663752,0.029275632879882087,0.016728933074218338,0.02091116634277292
239,0.048095682588377715,0.04713448386567567,0.012546699805663752,0.02091116634277292,0.016728933074218338,0.012546699805663752,0.029275632879882087,0.012546699805663752,0.02091116634277292
240,0.048095682588377715,0.04713448386567567,0.012546699805663752,0.02091116634277292,0.016728933074218338,0.012546699805663752,0.029275632879882087,0.012546699805663752,0.02091116634277292
241,0.048095682588377715,0.04713448386567567,0.012546699805663752,0.02091116634277292,0.016728933074218338,0.012546699805663752,0.029275632879882087,0.012546699805663752,0.02091116634277292
242,0.048095682588377715,0.04713448386567567,0.012546699805663752,0.02091116634277292,0.016728933074218338,0.012546699805663752,0.029275632879882087,0.012546699805663752,0.02091116634277292
243,0.048095682588377715,0.04713448386567567,0.012546699805663752,0.02091116634277292,0.016728933074218338,0.012546699805663752,0.029275632879882087,0.012546699805663752,0.02091116634277292
244,0.048095682588377715,0.04713448386567567,0.012546699805663752,0.02091116634277292,0.016728933074218338,0.012546699805663752,0.029275632879882087,0.012546699805663752,0.02091116634277292
245,0.048095682588377715,0.04713448386567567,0.012546699805663752,0.02091116634277292,0.016728933074218338,0.012546699805663752,0.029275632879882087,0.012546699805663752,0.02091116634277292
246,0.048095682588377715,0.04713448386567567,0.012546699805663752,0.02091116634277292,0.016728933074218338,0.012546699805663752,0.029275632879882087,0.016728933074218338,0.02091116634277292
247,0.048095682588377715,0.04713448386567567,0.012546699805663752,0.02091116634277292,0.016728933074218338,0.012546699805663752,0.029275632879882087,0.012546699805663752,0.02091116634277292
248,0.048095682588377715,0.04713448386567567,0.012546699805663752,0.02091116634277292,0.016728933074218338,0.012546699805663752,0.029275632879882087,0.016728933074218338,0.02091116634277292
249,0.048095682588377715,0.04713448386567567,0.012546699805663752,0.02091116634277292,0.016728933074218338,0.012546699805663752,0.029275632879882087,0.016728933074218338,0.02091116634277292
250,0.048095682588377715,0.04713448386567567,0.012546699805663752,0.02091116634277292,0.016728933074218338,0.012546699805663752,0.029275632879882087,0.012546699805663752,0.02091116634277292
251,0.048095682588377715,0.04713448386567567,0.012546699805663752,0.02091116634277292,0.016728933074218338,0.012546699805663752,0.029275632879882087,0.012546699805663752,0.02091116634277292
252,0.048095682588377715,0.04713448386567567,0.012546699805663752,0.02091116634277292,0.016728933074218338,0.012546699805663752,0.029275632879882087,0.012546699805663752,0.02091116634277292
253,0.048095682588377715,0.04713448386567567,0.012546699805663752,0.02091116634277292,0.016728933074218338,0.012546699805663752,0.029275632879882087,0.016728933074218338,0.02091116634277292
254,0.048095682588377715,0.04713448386567567,0.012546699805663752,0.02091116634277292,0.016728933074218338,0.012546699805663752,0.029275632879882087,0.012546699805663752,0.02091116634277292
255,0.048095682588377715,0.04713448386567567,0.012546699805663752,0.02091116634277292,0.016728933074218338,0.012546699805663752,0.029275632879882087,0.016728933074218338,0.02091116634277292
256,0.048095682588377715,0.04713448386567567,0.012546699805663752,0.02091116634277292,0.016728933074218338,0.012546699805663752,0.029275632879882087,0.012546699805663752,0.02091116634277292
257,0.048095682588377715,0.04713448386567567,0.012546699805663752,0.02091116634277292,0.016728933074218338,0.012546699805663752,0.029275632879882087,0.012546699805663752,0.02091116634277292
258,0.048095682588377715,0.04713448386567567,0.012546699805663752,0.02091116634277292,0.016728933074218338,0.012546699805663752,0.029275632879882087,0.012546699805663752,0.02091116634277292
259,0.048095682588377715,0.04713448386567567,0.012546699805663752,0.02091116634277292,0.016728933074218338,0.012546699805663752,0.029275632879882087,0.016728933074218338,0.02091116634277292
260,0.048095682588377715,0.04713448386567567,0.012546699805663752,0.02091116634277292,0.016728933074218338,0.012546699805663752,0.029275632879882087,0.012546699805663752,0.02091116634277292
261,0.048095682588377715,0.04713448386567567,0.012546699805663752,0.02091116634277292,0.016728933074218338,0.012546699805663752,0.029275632879882087,0.012546699805663752,0.02091116634277292
262,0.048095682588377715,0.04713448386567567,0.012546699805663752,0.02091116634277292,0.016728933074218338,0.012546699805663752,0.029275632879882087,0.012546699805663752,0.02091116634277292
263,0.048095682588377715,0.04713448386567567,0.012546699805663752,0.02091116634277292,0.016728933074218338,0.012546699805663752,0.029275632879882087,0.012546699805663752,0.02091116634277292
264,0.048095682588377715,0.04713448386567567,0.012546699805663752,0.02091116634277292,0.016728933074218338,0.012546699805663752,0.029275632879882087,0.016728933074218338,0.02091116634277292
265,0.048095682588377715,0.04713448386567567,0.012546699805663752,0.02091116634277292,0.016728933074218338,0.012546699805663752,0.029275632879882087,0.012546699805663752,0.02091116634277292
266,0.048095682588377715,0.04713448386567567,0.012546699805663752,0.02091116634277292,0.016728933074218338,0.012546699805663752,0.029275632879882087,0.012546699805663752,0.02091116634277292
267,0.048095682588377715,0.04713448386567567,0.012546699805663752,0.02091116634277292,0.016728933074218338,0.012546699805663752,0.029275632879882087,0.012546699805663752,0.02091116634277292
268,0.048095682588377715,0.04713448386567567,0.012546699805663752,0.02091116634277292,0.016728933074218338,0.012546699805663752,0.029275632879882087,0.012546699805663752,0.02091116634277292
269,0.048095682588377715,0.04713448386567567,0.012546699805663752,0.02091116634277292,0.016728933074218338,0.012546699805663752,0.029275632879882087,0.016728933074218338,0.02091116634277292
270,0.048095682588377715,0.04713448386567567,0.012546699805663752,0.02091116634277292,0.016728933074218338,0.012546699805663752,0.029275632879882087,0.012546699805663752,0.02091116634277292
271,0.048095682588377715,0.04713448386567567,0.012546699805663752,0.02091116634277292,0.016728933074218338,0.012546699805663752,0.029275632879882087,0.012546699805663752,0.02091116634277292
272,0.048095682588377715,0.04713448386567567,0.012546699805663752,0.02091116634277292,0.016728933074218338,0.012546699805663752,0.029275632879882087,0.012546699805663752,0.02091116634277292
273,0.048095682588377715,0.04713448386567567,0.012546699805663752,0.02091116634277292,0.016728933074218338,0.012546699805663752,0.029275632879882087,0.016728933074218338,0.02091116634277292
274,0.048095682588377715,0.04713448386567567,0.012546699805663752,0.02091116634277292,0.016728933074218338,0.012546699805663752,0.029275632879882087,0.012546699805663752,0.02091116634277292
275,0.048095682588377715,0.04713448386567567,0.012546699805663752,0.02091116634277292,0.016728933074218338,0.012546699805663752,0.029275632879882087,0.012546699805663752,0.02091116634277292
276,0.048095682588377715,0.04713448386567567,0.012546699805663752,0.02091116634277292,0.016728933074218338,0.012546699805663752,0.029275632879882087,0.012546699805663752,0.02091116634277292
277,0.048095682588377715,0.04713448386567567,0.012546699805663752,0.02091116634277292,0.016728933074218338,0.012546699805663752,0.029275632879882087,0.012546699805663752,0.02091116634277292
278,0.048095682588377715,0.04713448386567567,0.012546699805663752,0.02091116634277292,0.016728933074218338,0.012546699805663752,0.029275632879882087,0.012546699805663752,0.02091116634277292
279,0.048095682588377715,0.04713448386567567,0.012546699805663752,0.02091116634277292,0.016728933074218338,0.012546699805663752,0.029275632879882087,0.012546699805663752,0.02091116634277292
280,0.048095682588377715,0.04713448386567567,0.012546699805663752,0.02091116634277292,0.016728933074218338,0.012546699805663752,0.029275632879882087,0.012546699805663752,0.02091116634277292
281,0.048095682588377715,0.04713448386567567,0.012546699805663752,0.02091116634277292,0.016728933074218338,0.012546699805663752,0.029275632879882087,0.012546699805663752,0.02091116634277292
282,0.048095682588377715,0.04713448386567567,0.012546699805663752,0.02091116634277292,0.016728933074218338,0.012546699805663752,0.029275632879882087,0.012546699805663752,0.02091116634277292
283,0.048095682588377715,0.04713448386567567,0.012546699805663752,0.02091116634277292,0.016728933074218338,0.012546699805663752,0.029275632879882087,0.012546699805663752,0.02091116634277292
284,0.048095682588377715,0.04713448386567567,0.012546699805663752,0.02091116634277292,0.016728933074218338,0.012546699805663752,0.029275632879882087,0.012546699805663752,0.02091116634277292
285,0.048095682588377715,0.04713448386567567,0.012546699805663752,0.02091116634277292,0.016728933074218338,0.012546699805663752,0.029275632879882087,0.012546699805663752,0.02091116634277292
286,0.048095682588377715,0.04713448386567567,0.012546699805663752,0.02091116634277292,0.016728933074218338,0.012546699805663752,0.029275632879882087,0.012546699805663752,0.02091116634277292
287,0.048095682588377715,0.04713448386567567,0.012546699805663752,0.02091116634277292,0.016728933074218338,0.012546699805663752,0.029275632879882087,0.012546699805663752,0.02091116634277292
288,0.048095682588377715,0.04713448386567567,0.012546699805663752,0.02091116634277292,0.016728933074218338,0.012546699805663752,0.029275632879882087,0.012546699805663752,0.02091116634277292
289,0.048095682588377715,0.04713448386567567,0.012546699805663752,0.02091116634277292,0.016728933074218338,0.012546699805663752,0.029275632879882087,0.012546699805663752,0.02091116634277292
290,0.048095682588377715,0.04713448386567567,0.012546699805663752,0.02091116634277292,0.016728933074218338,0.012546699805663752,0.029275632879882087,0.016728933074218338,0.02091116634277292
291,0.048095682588377715,0.04713448386567567,0.012546699805663752,0.02091116634277292,0.016728933074218338,0.012546699805663752,0.029275632879882087,0.012546699805663752,0.02091116634277292
292,0.048095682588377715,0.04713448386567567,0.012546699805663752,0.02091116634277292,0.016728933074218338,0.012546699805663752,0.029275632879882087,0.012546699805663752,0.02091116634277292
293,0.048095682588377715,0.04713448386567567,0.012546699805663752,0.02091116634277292,0.016728933074218338,0.012546699805663752,0.029275632879882087,0.012546699805663752,0.02091116634277292
294,0.048095682588377715,0.04713448386567567,0.012546699805663752,0.02091116634277292,0.016728933074218338,0.012546699805663752,0.029275632879882087,0.012546699805663752,0.02091116634277292
295,0.048095682588377715,0.04713448386567567,0.012546699805663752,0.02091116634277292,0.016728933074218338,0.012546699805663752,0.029275632879882087,0.012546699805663752,0.02091116634277292
296,0.048095682588377715,0.04713448386567567,0.012546699805663752,0.02091116634277292,0.016728933074218338,0.012546699805663752,0.029275632879882087,0.012546699805663752,0.02091116634277292
297,0.048095682588377715,0.04713448386567567,0.012546699805663752,0.02091116634277292,0.016728933074218338,0.012546699805663752,0.029275632879882087,0.012546699805663752,0.02091116634277292
298,0.048095682588377715,0.04713448386567567,0.012546699805663752,0.02091116634277292,0.016728933074218338,0.012546699805663752,0.029275632879882087,0.016728933074218338,0.02091116634277292
299,0.048095682588377715,0.04713448386567567,0.012546699805663752,0.02091116634277292,0.016728933074218338,0.012546699805663752,0.029275632879882087,0.012546699805663752,0.02091116634277292
300,0.048095682588377715,0.04713448386567567,0.012546699805663752,0.02091116634277292,0.016728933074218338,0.012546699805663752,0.029275632879882087,0.012546699805663752,0.02091116634277292
301,0.048095682588377715,0.04713448386567567,0.012546699805663752,0.02091116634277292,0.016728933074218338,0.012546699805663752,0.029275632879882087,0.012546699805663752,0.02091116634277292
302,0.048095682588377715,0.04713448386567567,0.012546699805663752,0.02091116634277292,0.016728933074218338,0.012546699805663752,0.029275632879882087,0.012546699805663752,0.02091116634277292
303,0.048095682588377715,0.04713448386567567,0.012546699805663752,0.02091116634277292,0.016728933074218338,0.012546699805663752,0.029275632879882087,0.012546699805663752,0.02091116634277292
304,0.048095682588377715,0.04713448386567567,0.012546699805663752,0.02091116634277292,0.016728933074218338,0.012546699805663752,0.029275632879882087,0.016728933074218338,0.02091116634277292
305,0.048095682588377715,0.04713448386567567,0.012546699805663752,0.02091116634277292,0.016728933074218338,0.012546699805663752,0.029275632879882087,0.016728933074218338,0.02091116634277292
306,0.048095682588377715,0.04713448386567567,0.012546699805663752,0.02091116634277292,0.016728933074218338,0.012546699805663752,0.029275632879882087,0.012546699805663752,0.02091116634277292
307,0.048095682588377715,0.04713448386567567,0.012546699805663752,0.02091116634277292,0.016728933074218338,0.012546699805663752,0.029275632879882087,0.012546699805663752,0.02091116634277292
308,0.048095682588377715,0.04713448386567567,0.012546699805663752,0.02091116634277292,0.016728933074218338,0.012546699805663752,0.029275632879882087,0.016728933074218338,0.02091116634277292
309,0.048095682588377715,0.04713448386567567,0.012546699805663752,0.02091116634277292,0.016728933074218338,0.012546699805663752,0.029275632879882087,0.012546699805663752,0.02091116634277292
310,0.048095682588377715,0.04713448386567567,0.012546699805663752,0.02091116634277292,0.016728933074218338,0.012546699805663752,0.029275632879882087,0.012546699805663752,0.02091116634277292
311,0.048095682588377715,0.04713448386567567,0.012546699805663752,0.02091116634277292,0.012546699805663752,0.012546699805663752,0.029275632879882087,0.012546699805663752,0.02091116634277292
312,0.048095682588377715,0.04713448386567567,0.012546699805663752,0.02091116634277292,0.016728933074218338,0.012546699805663752,0.029275632879882087,0.012546699805663752,0.02091116634277292
313,0.048095682588377715,0.04713448386567567,0.012546699805663752,0.02091116634277292,0.012546699805663752,0.012546699805663752,0.029275632879882087,0.016728933074218338,0.02091116634277292
314,0.048095682588377715,0.04713448386567567,0.012546699805663752,0.02091116634277292,0.016728933074218338,0.012546699805663752,0.029275632879882087,0.012546699805663752,0.02091116634277292
315,0.048095682588377715,0.04713448386567567,0.012546699805663752,0.02091116634277292,0.016728933074218338,0.012546699805663752,0.029275632879882087,0.012546699805663752,0.02091116634277292
316,0.048095682588377715,0.04713448386567567,0.012546699805663752,0.02091116634277292,0.016728933074218338,0.012546699805663752,0.029275632879882087,0.016728933074218338,0.02091116634277292
317,0.048095682588377715,0.04713448386567567,0.012546699805663752,0.02091116634277292,0.016728933074218338,0.012546699805663752,0.029275632879882087,0.012546699805663752,0.02091116634277292
318,0.048095682588377715,0.04713448386567567,0.012546699805663752,0.02091116634277292,0.016728933074218338,0.012546699805663752,0.029275632879882087,0.012546699805663752,0.02091116634277292
319,0.048095682588377715,0.04713448386567567,0.012546699805663752,0.02091116634277292,0.016728933074218338,0.012546699805663752,0.029275632879882087,0.012546699805663752,0.02091116634277292
320,0.048095682588377715,0.04713448386567567,0.012546699805663752,0.02091116634277292,0.016728933074218338,0.012546699805663752,0.029275632879882087,0.012546699805663752,0.02091116634277292
321,0.048095682588377715,0.04713448386567567,0.012546699805663752,0.02091116634277292,0.016728933074218338,0.012546699805663752,0.029275632879882087,0.012546699805663752,0.02091116634277292
322,0.048095682588377715,0.04713448386567567,0.012546699805663752,0.02091116634277292,0.016728933074218338,0.012546699805663752,0.029275632879882087,0.012546699805663752,0.02091116634277292
323,0.048095682588377715,0.04713448386567567,0.012546699805663752,0.02091116634277292,0.016728933074218338,0.012546699805663752,0.029275632879882087,0.016728933074218338,0.02091116634277292
324,0.048095682588377715,0.04713448386567567,0.012546699805663752,0.02091116634277292,0.016728933074218338,0.012546699805663752,0.029275632879882087,0.012546699805663752,0.02091116634277292
325,0.048095682588377715,0.04713448386567567,0.012546699805663752,0.02091116634277292,0.012546699805663752,0.012546699805663752,0.029275632879882087,0.012546699805663752,0.02091116634277292
326,0.048095682588377715,0.04713448386567567,0.012546699805663752,0.02091116634277292,0.016728933074218338,0.012546699805663752,0.029275632879882087,0.012546699805663752,0.02091116634277292
327,0.048095682588377715,0.04713448386567567,0.012546699805663752,0.02091116634277292,0.016728933074218338,0.012546699805663752,0.029275632879882087,0.012546699805663752,0.02091116634277292
328,0.048095682588377715,0.04713448386567567,0.012546699805663752,0.02091116634277292,0.016728933074218338,0.012546699805663752,0.029275632879882087,0.012546699805663752,0.02091116634277292
329,0.048095682588377715,0.04713448386567567,0.012546699805663752,0.02091116634277292,0.016728933074218338,0.012546699805663752,0.029275632879882087,0.012546699805663752,0.02091116634277292
330,0.048095682588377715,0.04713448386567567,0.012546699805663752,0.02091116634277292,0.016728933074218338,0.012546699805663752,0.029275632879882087,0.012546699805663752,0.02091116634277292
331,0.048095682588377715,0.04713448386567567,0.012546699805663752,0.02091116634277292,0.016728933074218338,0.012546699805663752,0.029275632879882087,0.012546699805663752,0.02091116634277292
332,0.048095682588377715,0.04713448386567567,0.012546699805663752,0.02091116634277292,0.016728933074218338,0.012546699805663752,0.029275632879882087,0.012546699805663752,0.02091116634277292
333,0.048095682588377715,0.04713448386567567,0.012546699805663752,0.02091116634277292,0.016728933074218338,0.012546699805663752,0.029275632879882087,0.012546699805663752,0.02091116634277292
334,0.048095682588377715,0.04713448386567567,0.012546699805663752,0.02091116634277292,0.016728933074218338,0.012546699805663752,0.029275632879882087,0.016728933074218338,0.02091116634277292
335,0.048095682588377715,0.04713448386567567,0.012546699805663752,0.02091116634277292,0.016728933074218338,0.012546699805663752,0.029275632879882087,0.016728933074218338,0.02091116634277292
336,0.048095682588377715,0.04713448386567567,0.012546699805663752,0.02091116634277292,0.016728933074218338,0.012546699805663752,0.029275632879882087,0.012546699805663752,0.02091116634277292
337,0.048095682588377715,0.04713448386567567,0.012546699805663752,0.02091116634277292,0.016728933074218338,0.012546699805663752,0.029275632879882087,0.012546699805663752,0.02091116634277292
338,0.048095682588377715,0.04713448386567567,0.012546699805663752,0.02091116634277292,0.016728933074218338,0.012546699805663752,0.029275632879882087,0.012546699805663752,0.02091116634277292
339,0.048095682588377715,0.04713448386567567,0.012546699805663752,0.02091116634277292,0.016728933074218338,0.012546699805663752,0.029275632879882087,0.012546699805663752,0.02091116634277292
340,0.048095682588377715,0.04713448386567567,0.012546699805663752,0.02091116634277292,0.016728933074218338,0.012546699805663752,0.029275632879882087,0.012546699805663752,0.02091116634277292
341,0.048095682588377715,0.04713448386567567,0.012546699805663752,0.02091116634277292,0.016728933074218338,0.012546699805663752,0.029275632879882087,0.012546699805663752,0.02091116634277292
342,0.048095682588377715,0.04713448386567567,0.012546699805663752,0.02091116634277292,0.016728933074218338,0.012546699805663752,0.029275632879882087,0.012546699805663752,0.02091116634277292
343,0.048095682588377715,0.04713448386567567,0.012546699805663752,0.02091116634277292,0.016728933074218338,0.012546699805663752,0.029275632879882087,0.012546699805663752,0.02091116634277292
344,0.048095682588377715,0.04713448386567567,0.012546699805663752,0.02091116634277292,0.016728933074218338,0.012546699805663752,0.029275632879882087,0.012546699805663752,0.02091116634277292
345,0.048095682588377715,0.04713448386567567,0.012546699805663752,0.02091116634277292,0.016728933074218338,0.012546699805663752,0.029275632879882087,0.012546699805663752,0.02091116634277292
346,0.048095682588377715,0.04713448386567567,0.012546699805663752,0.02091116634277292,0.016728933074218338,0.012546699805663752,0.029275632879882087,0.012546699805663752,0.02091116634277292
347,0.048095682588377715,0.04713448386567567,0.012546699805663752,0.02091116634277292,0.016728933074218338,0.012546699805663752,0.029275632879882087,0.012546699805663752,0.02091116634277292
348,0.048095682588377715,0.04713448386567567,0.012546699805663752,0.02091116634277292,0.016728933074218338,0.012546699805663752,0.029275632879882087,0.016728933074218338,0.02091116634277292
349,0.048095682588377715,0.04713448386567567,0.012546699805663752,0.02091116634277292,0.016728933074218338,0.012546699805663752,0.029275632879882087,0.016728933074218338,0.02091116634277292
350,0.048095682588377715,0.04713448386567567,0.012546699805663752,0.02091116634277292,0.016728933074218338,0.012546699805663752,0.029275632879882087,0.012546699805663752,0.02091116634277292
351,0.048095682588377715,0.04713448386567567,0.012546699805663752,0.02091116634277292,0.016728933074218338,0.012546699805663752,0.029275632879882087,0.012546699805663752,0.02091116634277292
352,0.048095682588377715,0.04713448386567567,0.012546699805663752,0.02091116634277292,0.016728933074218338,0.012546699805663752,0.029275632879882087,0.016728933074218338,0.02091116634277292
353,0.048095682588377715,0.04713448386567567,0.012546699805663752,0.02091116634277292,0.016728933074218338,0.012546699805663752,0.029275632879882087,0.012546699805663752,0.02091116634277292
354,0.048095682588377715,0.04713448386567567,0.012546699805663752,0.02091116634277292,0.016728933074218338,0.012546699805663752,0.029275632879882087,0.012546699805663752,0.02091116634277292
355,0.048095682588377715,0.04713448386567567,0.012546699805663752,0.02091116634277292,0.016728933074218338,0.012546699805663752,0.029275632879882087,0.012546699805663752,0.02091116634277292
356,0.048095682588377715,0.04713448386567567,0.012546699805663752,0.02091116634277292,0.016728933074218338,0.012546699805663752,0.029275632879882087,0.012546699805663752,0.02091116634277292
357,0.048095682588377715,0.04713448386567567,0.012546699805663752,0.02091116634277292,0.016728933074218338,0.012546699805663752,0.029275632879882087,0.016728933074218338,0.02091116634277292
358,0.048095682588377715,0.04713448386567567,0.012546699805663752,0.02091116634277292,0.016728933074218338,0.012546699805663752,0.029275632879882087,0.012546699805663752,0.02091116634277292
359,0.048095682588377715,0.04713448386567567,0.012546699805663752,0.02091116634277292,0.016728933074218338,0.012546699805663752,0.029275632879882087,0.012546699805663752,0.02091116634277292
360,0.048095682588377715,0.04713448386567567,0.012546699805663752,0.02091116634277292,0.016728933074218338,0.012546699805663752,0.029275632879882087,0.012546699805663752,0.02091116634277292
361,0.048095682588377715,0.04713448386567567,0.012546699805663752,0.02091116634277292,0.016728933074218338,0.012546699805663752,0.029275632879882087,0.016728933074218338,0.02091116634277292
362,0.048095682588377715,0.04713448386567567,0.012546699805663752,0.02091116634277292,0.016728933074218338,0.012546699805663752,0.029275632879882087,0.012546699805663752,0.02091116634277292
363,0.048095682588377715,0.04713448386567567,0.012546699805663752,0.02091116634277292,0.016728933074218338,0.012546699805663752,0.029275632879882087,0.012546699805663752,0.02091116634277292
364,0.048095682588377715,0.04713448386567567,0.012546699805663752,0.02091116634277292,0.016728933074218338,0.012546699805663752,0.029275632879882087,0.016728933074218338,0.02091116634277292
365,0.048095682588377715,0.04713448386567567,0.012546699805663752,0.02091116634277292,0.016728933074218338,0.012546699805663752,0.029275632879882087,0.012546699805663752,0.02091116634277292
366,0.048095682588377715,0.04713448386567567,0.012546699805663752,0.02091116634277292,0.016728933074218338,0.012546699805663752,0.029275632879882087,0.016728933074218338,0.02091116634277292
367,0.048095682588377715,0.04713448386567567,0.012546699805663752,0.02091116634277292,0.016728933074218338,0.012546699805663752,0.029275632879882087,0.012546699805663752,0.02091116634277292
368,0.048095682588377715,0.04713448386567567,0.012546699805663752,0.02091116634277292,0.016728933074218338,0.012546699805663752,0.029275632879882087,0.016728933074218338,0.02091116634277292
369,0.048095682588377715,0.04713448386567567,0.012546699805663752,0.02091116634277292,0.016728933074218338,0.012546699805663752,0.029275632879882087,0.012546699805663752,0.02091116634277292
370,0.048095682588377715,0.04713448386567567,0.012546699805663752,0.02091116634277292,0.016728933074218338,0.012546699805663752,0.029275632879882087,0.012546699805663752,0.02091116634277292
371,0.048095682588377715,0.04713448386567567,0.012546699805663752,0.02091116634277292,0.016728933074218338,0.012546699805663752,0.029275632879882087,0.016728933074218338,0.02091116634277292
372,0.048095682588377715,0.04713448386567567,0.012546699805663752,0.02091116634277292,0.016728933074218338,0.012546699805663752,0.029275632879882087,0.016728933074218338,0.02091116634277292
373,0.048095682588377715,0.04713448386567567,0.012546699805663752,0.02091116634277292,0.016728933074218338,0.012546699805663752,0.029275632879882087,0.016728933074218338,0.02091116634277292
374,0.048095682588377715,0.04713448386567567,0.012546699805663752,0.02091116634277292,0.016728933074218338,0.012546699805663752,0.029275632879882087,0.012546699805663752,0.02091116634277292
375,0.048095682588377715,0.04713448386567567,0.012546699805663752,0.02091116634277292,0.016728933074218338,0.012546699805663752,0.029275632879882087,0.016728933074218338,0.02091116634277292
376,0.048095682588377715,0.04713448386567567,0.012546699805663752,0.02091116634277292,0.016728933074218338,0.012546699805663752,0.029275632879882087,0.016728933074218338,0.02091116634277292
377,0.048095682588377715,0.04713448386567567,0.012546699805663752,0.02091116634277292,0.016728933074218338,0.012546699805663752,0.029275632879882087,0.016728933074218338,0.02091116634277292
378,0.048095682588377715,0.04713448386567567,0.012546699805663752,0.02091116634277292,0.016728933074218338,0.012546699805663752,0.029275632879882087,0.012546699805663752,0.02091116634277292
379,0.048095682588377715,0.04713448386567567,0.012546699805663752,0.02091116634277292,0.016728933074218338,0.012546699805663752,0.029275632879882087,0.012546699805663752,0.02091116634277292
380,0.048095682588377715,0.04713448386567567,0.012546699805663752,0.02091116634277292,0.016728933074218338,0.012546699805663752,0.029275632879882087,0.012546699805663752,0.02091116634277292
381,0.048095682588377715,0.04713448386567567,0.012546699805663752,0.02091116634277292,0.016728933074218338,0.012546699805663752,0.029275632879882087,0.012546699805663752,0.02091116634277292
382,0.048095682588377715,0.04713448386567567,0.012546699805663752,0.02091116634277292,0.016728933074218338,0.012546699805663752,0.029275632879882087,0.012546699805663752,0.02091116634277292
383,0.048095682588377715,0.04713448386567567,0.012546699805663752,0.02091116634277292,0.016728933074218338,0.012546699805663752,0.029275632879882087,0.012546699805663752,0.02091116634277292
384,0.048095682588377715,0.04713448386567567,0.012546699805663752,0.02091116634277292,0.016728933074218338,0.012546699805663752,0.029275632879882087,0.012546699805663752,0.02091116634277292
385,0.048095682588377715,0.04713448386567567,0.012546699805663752,0.02091116634277292,0.016728933074218338,0.012546699805663752,0.029275632879882087,0.012546699805663752,0.02091116634277292
386,0.048095682588377715,0.04713448386567567,0.012546699805663752,0.02091116634277292,0.016728933074218338,0.012546699805663752,0.029275632879882087,0.012546699805663752,0.02091116634277292
387,0.048095682588377715,0.04713448386567567,0.012546699805663752,0.02091116634277292,0.016728933074218338,0.012546699805663752,0.029275632879882087,0.012546699805663752,0.02091116634277292
388,0.048095682588377715,0.04713448386567567,0.012546699805663752,0.02091116634277292,0.016728933074218338,0.012546699805663752,0.029275632879882087,0.012546699805663752,0.02091116634277292
389,0.048095682588377715,0.04713448386567567,0.012546699805663752,0.02091116634277292,0.016728933074218338,0.012546699805663752,0.029275632879882087,0.012546699805663752,0.02091116634277292
390,0.048095682588377715,0.04713448386567567,0.012546699805663752,0.02091116634277292,0.016728933074218338,0.012546699805663752,0.029275632879882087,0.012546699805663752,0.02091116634277292
391,0.048095682588377715,0.04713448386567567,0.012546699805663752,0.02091116634277292,0.016728933074218338,0.012546699805663752,0.029275632879882087,0.016728933074218338,0.02091116634277292
392,0.048095682588377715,0.04713448386567567,0.012546699805663752,0.02091116634277292,0.016728933074218338,0.012546699805663752,0.029275632879882087,0.012546699805663752,0.02091116634277292
393,0.048095682588377715,0.04713448386567567,0.012546699805663752,0.02091116634277292,0.016728933074218338,0.012546699805663752,0.029275632879882087,0.012546699805663752,0.02091116634277292
394,0.048095682588377715,0.04713448386567567,0.012546699805663752,0.02091116634277292,0.016728933074218338,0.012546699805663752,0.029275632879882087,0.012546699805663752,0.02091116634277292
395,0.048095682588377715,0.04713448386567567,0.012546699805663752,0.02091116634277292,0.016728933074218338,0.012546699805663752,0.029275632879882087,0.012546699805663752,0.02091116634277292
396,0.048095682588377715,0.04713448386567567,0.012546699805663752,0.02091116634277292,0.016728933074218338,0.012546699805663752,0.029275632879882087,0.012546699805663752,0.02091116634277292
397,0.048095682588377715,0.04713448386567567,0.012546699805663752,0.02091116634277292,0.016728933074218338,0.012546699805663752,0.029275632879882087,0.012546699805663752,0.02091116634277292
398,0.048095682588377715,0.04713448386567567,0.012546699805663752,0.02091116634277292,0.016728933074218338,0.012546699805663752,0.029275632879882087,0.012546699805663752,0.02091116634277292
399,0.048095682588377715,0.04713448386567567,0.012546699805663752,0.02091116634277292,0.016728933074218338,0.012546699805663752,0.029275632879882087,0.012546699805663752,0.02091116634277292
400,0.048095682588377715,0.04713448386567567,0.012546699805663752,0.02091116634277292,0.016728933074218338,0.012546699805663752,0.029275632879882087,0.012546699805663752,0.02091116634277292
401,0.048095682588377715,0.04713448386567567,0.012546699805663752,0.02091116634277292,0.016728933074218338,0.012546699805663752,0.029275632879882087,0.012546699805663752,0.02091116634277292
402,0.048095682588377715,0.04713448386567567,0.012546699805663752,0.02091116634277292,0.016728933074218338,0.012546699805663752,0.029275632879882087,0.012546699805663752,0.02091116634277292
403,0.048095682588377715,0.04713448386567567,0.012546699805663752,0.02091116634277292,0.016728933074218338,0.012546699805663752,0.029275632879882087,0.012546699805663752,0.02091116634277292
404,0.048095682588377715,0.04713448386567567,0.012546699805663752,0.02091116634277292,0.016728933074218338,0.012546699805663752,0.029275632879882087,0.016728933074218338,0.02091116634277292
405,0.048095682588377715,0.04713448386567567,0.012546699805663752,0.02091116634277292,0.016728933074218338,0.012546699805663752,0.029275632879882087,0.012546699805663752,0.02091116634277292
406,0.048095682588377715,0.04713448386567567,0.012546699805663752,0.02091116634277292,0.016728933074218338,0.012546699805663752,0.029275632879882087,0.012546699805663752,0.02091116634277292
407,0.048095682588377715,0.04713448386567567,0.012546699805663752,0.02091116634277292,0.016728933074218338,0.012546699805663752,0.029275632879882087,0.012546699805663752,0.02091116634277292
408,0.048095682588377715,0.04713448386567567,0.012546699805663752,0.02091116634277292,0.016728933074218338,0.012546699805663752,0.029275632879882087,0.012546699805663752,0.02091116634277292
409,0.048095682588377715,0.04713448386567567,0.012546699805663752,0.02091116634277292,0.012546699805663752,0.012546699805663752,0.029275632879882087,0.016728933074218338,0.02091116634277292
410,0.048095682588377715,0.04713448386567567,0.012546699805663752,0.02091116634277292,0.016728933074218338,0.012546699805663752,0.029275632879882087,0.012546699805663752,0.02091116634277292
411,0.048095682588377715,0.04713448386567567,0.012546699805663752,0.02091116634277292,0.016728933074218338,0.012546699805663752,0.029275632879882087,0.012546699805663752,0.02091116634277292
412,0.048095682588377715,0.04713448386567567,0.012546699805663752,0.02091116634277292,0.016728933074218338,0.012546699805663752,0.029275632879882087,0.012546699805663752,0.02091116634277292
413,0.048095682588377715,0.04713448386567567,0.012546699805663752,0.02091116634277292,0.016728933074218338,0.012546699805663752,0.029275632879882087,0.012546699805663752,0.02091116634277292
414,0.048095682588377715,0.04713448386567567,0.012546699805663752,0.02091116634277292,0.016728933074218338,0.012546699805663752,0.029275632879882087,0.012546699805663752,0.02091116634277292
415,0.048095682588377715,0.04713448386567567,0.012546699805663752,0.02091116634277292,0.016728933074218338,0.012546699805663752,0.029275632879882087,0.012546699805663752,0.02091116634277292
416,0.048095682588377715,0.04713448386567567,0.012546699805663752,0.02091116634277292,0.016728933074218338,0.012546699805663752,0.029275632879882087,0.012546699805663752,0.02091116634277292
417,0.048095682588377715,0.04713448386567567,0.012546699805663752,0.02091116634277292,0.016728933074218338,0.012546699805663752,0.029275632879882087,0.012546699805663752,0.02091116634277292
418,0.048095682588377715,0.04713448386567567,0.012546699805663752,0.02091116634277292,0.016728933074218338,0.012546699805663752,0.029275632879882087,0.012546699805663752,0.02091116634277292
419,0.048095682588377715,0.04713448386567567,0.012546699805663752,0.02091116634277292,0.016728933074218338,0.012546699805663752,0.029275632879882087,0.012546699805663752,0.02091116634277292
420,0.048095682588377715,0.04713448386567567,0.012546699805663752,0.02091116634277292,0.016728933074218338,0.012546699805663752,0.029275632879882087,0.016728933074218338,0.02091116634277292
421,0.048095682588377715,0.04713448386567567,0.012546699805663752,0.02091116634277292,0.016728933074218338,0.012546699805663752,0.029275632879882087,0.016728933074218338,0.02091116634277292
422,0.048095682588377715,0.04713448386567567,0.012546699805663752,0.02091116634277292,0.016728933074218338,0.012546699805663752,0.029275632879882087,0.012546699805663752,0.02091116634277292
423,0.048095682588377715,0.04713448386567567,0.012546699805663752,0.02091116634277292,0.016728933074218338,0.012546699805663752,0.029275632879882087,0.012546699805663752,0.02091116634277292
424,0.048095682588377715,0.04713448386567567,0.012546699805663752,0.02091116634277292,0.016728933074218338,0.012546699805663752,0.029275632879882087,0.012546699805663752,0.02091116634277292
425,0.048095682588377715,0.04713448386567567,0.012546699805663752,0.02091116634277292,0.016728933074218338,0.012546699805663752,0.029275632879882087,0.012546699805663752,0.02091116634277292
426,0.048095682588377715,0.04713448386567567,0.012546699805663752,0.02091116634277292,0.016728933074218338,0.012546699805663752,0.029275632879882087,0.016728933074218338,0.02091116634277292
427,0.048095682588377715,0.04713448386567567,0.012546699805663752,0.02091116634277292,0.016728933074218338,0.012546699805663752,0.029275632879882087,0.012546699805663752,0.02091116634277292
428,0.048095682588377715,0.04713448386567567,0.012546699805663752,0.02091116634277292,0.016728933074218338,0.012546699805663752,0.029275632879882087,0.016728933074218338,0.02091116634277292
429,0.048095682588377715,0.04713448386567567,0.012546699805663752,0.02091116634277292,0.016728933074218338,0.012546699805663752,0.029275632879882087,0.012546699805663752,0.02091116634277292
430,0.048095682588377715,0.04713448386567567,0.012546699805663752,0.02091116634277292,0.016728933074218338,0.012546699805663752,0.029275632879882087,0.012546699805663752,0.02091116634277292
431,0.048095682588377715,0.04713448386567567,0.012546699805663752,0.02091116634277292,0.016728933074218338,0.012546699805663752,0.029275632879882087,0.016728933074218338,0.02091116634277292
432,0.048095682588377715,0.04713448386567567,0.012546699805663752,0.02091116634277292,0.016728933074218338,0.012546699805663752,0.029275632879882087,0.012546699805663752,0.02091116634277292
433,0.048095682588377715,0.04713448386567567,0.012546699805663752,0.02091116634277292,0.016728933074218338,0.012546699805663752,0.029275632879882087,0.012546699805663752,0.02091116634277292
434,0.048095682588377715,0.04713448386567567,0.012546699805663752,0.02091116634277292,0.016728933074218338,0.012546699805663752,0.029275632879882087,0.012546699805663752,0.02091116634277292
435,0.048095682588377715,0.04713448386567567,0.012546699805663752,0.02091116634277292,0.016728933074218338,0.012546699805663752,0.029275632879882087,0.012546699805663752,0.02091116634277292
436,0.048095682588377715,0.04713448386567567,0.012546699805663752,0.02091116634277292,0.016728933074218338,0.012546699805663752,0.029275632879882087,0.016728933074218338,0.02091116634277292
437,0.048095682588377715,0.04713448386567567,0.012546699805663752,0.02091116634277292,0.016728933074218338,0.012546699805663752,0.029275632879882087,0.016728933074218338,0.02091116634277292
438,0.048095682588377715,0.04713448386567567,0.012546699805663752,0.02091116634277292,0.012546699805663752,0.012546699805663752,0.029275632879882087,0.012546699805663752,0.02091116634277292
439,0.048095682588377715,0.04713448386567567,0.012546699805663752,0.02091116634277292,0.016728933074218338,0.012546699805663752,0.029275632879882087,0.012546699805663752,0.02091116634277292
440,0.048095682588377715,0.04713448386567567,0.012546699805663752,0.02091116634277292,0.016728933074218338,0.012546699805663752,0.029275632879882087,0.012546699805663752,0.02091116634277292
441,0.048095682588377715,0.04713448386567567,0.012546699805663752,0.02091116634277292,0.016728933074218338,0.012546699805663752,0.029275632879882087,0.016728933074218338,0.02091116634277292
442,0.048095682588377715,0.04713448386567567,0.012546699805663752,0.02091116634277292,0.016728933074218338,0.012546699805663752,0.029275632879882087,0.012546699805663752,0.02091116634277292
443,0.048095682588377715,0.04713448386567567,0.012546699805663752,0.02091116634277292,0.016728933074218338,0.012546699805663752,0.029275632879882087,0.012546699805663752,0.02091116634277292
444,0.048095682588377715,0.04713448386567567,0.012546699805663752,0.02091116634277292,0.016728933074218338,0.012546699805663752,0.029275632879882087,0.012546699805663752,0.02091116634277292
445,0.048095682588377715,0.04713448386567567,0.012546699805663752,0.02091116634277292,0.016728933074218338,0.012546699805663752,0.029275632879882087,0.016728933074218338,0.02091116634277292
446,0.048095682588377715,0.04713448386567567,0.012546699805663752,0.02091116634277292,0.016728933074218338,0.012546699805663752,0.029275632879882087,0.016728933074218338,0.02091116634277292
447,0.048095682588377715,0.04713448386567567,0.012546699805663752,0.02091116634277292,0.016728933074218338,0.012546699805663752,0.029275632879882087,0.012546699805663752,0.02091116634277292
448,0.048095682588377715,0.04713448386567567,0.012546699805663752,0.02091116634277292,0.016728933074218338,0.012546699805663752,0.029275632879882087,0.012546699805663752,0.02091116634277292
449,0.048095682588377715,0.04713448386567567,0.012546699805663752,0.02091116634277292,0.016728933074218338,0.012546699805663752,0.029275632879882087,0.012546699805663752,0.02091116634277292
450,0.048095682588377715,0.04713448386567567,0.012546699805663752,0.02091116634277292,0.016728933074218338,0.012546699805663752,0.029275632879882087,0.016728933074218338,0.02091116634277292
451,0.048095682588377715,0.04713448386567567,0.012546699805663752,0.02091116634277292,0.016728933074218338,0.012546699805663752,0.029275632879882087,0.012546699805663752,0.02091116634277292
452,0.048095682588377715,0.04713448386567567,0.012546699805663752,0.02091116634277292,0.016728933074218338,0.012546699805663752,0.029275632879882087,0.012546699805663752,0.02091116634277292
453,0.048095682588377715,0.04713448386567567,0.012546699805663752,0.02091116634277292,0.016728933074218338,0.012546699805663752,0.029275632879882087,0.012546699805663752,0.02091116634277292
454,0.048095682588377715,0.04713448386567567,0.012546699805663752,0.02091116634277292,0.016728933074218338,0.012546699805663752,0.029275632879882087,0.012546699805663752,0.02091116634277292
455,0.048095682588377715,0.04713448386567567,0.012546699805663752,0.02091116634277292,0.016728933074218338,0.012546699805663752,0.029275632879882087,0.016728933074218338,0.02091116634277292
456,0.048095682588377715,0.04713448386567567,0.012546699805663752,0.02091116634277292,0.016728933074218338,0.012546699805663752,0.029275632879882087,0.012546699805663752,0.02091116634277292
457,0.048095682588377715,0.04713448386567567,0.012546699805663752,0.02091116634277292,0.016728933074218338,0.012546699805663752,0.029275632879882087,0.012546699805663752,0.02091116634277292
458,0.048095682588377715,0.04713448386567567,0.012546699805663752,0.02091116634277292,0.016728933074218338,0.012546699805663752,0.029275632879882087,0.012546699805663752,0.02091116634277292
459,0.048095682588377715,0.04713448386567567,0.012546699805663752,0.02091116634277292,0.016728933074218338,0.012546699805663752,0.029275632879882087,0.012546699805663752,0.02091116634277292
460,0.048095682588377715,0.04713448386567567,0.012546699805663752,0.02091116634277292,0.016728933074218338,0.012546699805663752,0.029275632879882087,0.012546699805663752,0.02091116634277292
461,0.048095682588377715,0.04713448386567567,0.012546699805663752,0.02091116634277292,0.016728933074218338,0.012546699805663752,0.029275632879882087,0.012546699805663752,0.02091116634277292
462,0.048095682588377715,0.04713448386567567,0.012546699805663752,0.02091116634277292,0.016728933074218338,0.012546699805663752,0.029275632879882087,0.012546699805663752,0.02091116634277292
463,0.048095682588377715,0.04713448386567567,0.012546699805663752,0.02091116634277292,0.012546699805663752,0.012546699805663752,0.029275632879882087,0.012546699805663752,0.02091116634277292
464,0.048095682588377715,0.04713448386567567,0.012546699805663752,0.02091116634277292,0.016728933074218338,0.012546699805663752,0.029275632879882087,0.012546699805663752,0.02091116634277292
465,0.048095682588377715,0.04713448386567567,0.012546699805663752,0.02091116634277292,0.016728933074218338,0.012546699805663752,0.029275632879882087,0.012546699805663752,0.02091116634277292
466,0.048095682588377715,0.04713448386567567,0.012546699805663752,0.02091116634277292,0.016728933074218338,0.012546699805663752,0.029275632879882087,0.012546699805663752,0.02091116634277292
467,0.048095682588377715,0.04713448386567567,0.012546699805663752,0.02091116634277292,0.016728933074218338,0.012546699805663752,0.029275632879882087,0.012546699805663752,0.02091116634277292
468,0.048095682588377715,0.04713448386567567,0.012546699805663752,0.02091116634277292,0.016728933074218338,0.012546699805663752,0.029275632879882087,0.012546699805663752,0.02091116634277292
469,0.048095682588377715,0.04713448386567567,0.012546699805663752,0.02091116634277292,0.016728933074218338,0.012546699805663752,0.029275632879882087,0.012546699805663752,0.02091116634277292
470,0.048095682588377715,0.04713448386567567,0.012546699805663752,0.02091116634277292,0.016728933074218338,0.012546699805663752,0.029275632879882087,0.016728933074218338,0.02091116634277292
471,0.048095682588377715,0.04713448386567567,0.012546699805663752,0.02091116634277292,0.016728933074218338,0.012546699805663752,0.029275632879882087,0.012546699805663752,0.02091116634277292
472,0.048095682588377715,0.04713448386567567,0.012546699805663752,0.02091116634277292,0.012546699805663752,0.012546699805663752,0.029275632879882087,0.016728933074218338,0.02091116634277292
473,0.048095682588377715,0.04713448386567567,0.012546699805663752,0.02091116634277292,0.016728933074218338,0.012546699805663752,0.029275632879882087,0.012546699805663752,0.02091116634277292
474,0.048095682588377715,0.04713448386567567,0.012546699805663752,0.02091116634277292,0.016728933074218338,0.012546699805663752,0.029275632879882087,0.012546699805663752,0.02091116634277292
475,0.048095682588377715,0.04713448386567567,0.012546699805663752,0.02091116634277292,0.016728933074218338,0.012546699805663752,0.029275632879882087,0.012546699805663752,0.02091116634277292
476,0.048095682588377715,0.04713448386567567,0.012546699805663752,0.02091116634277292,0.016728933074218338,0.012546699805663752,0.029275632879882087,0.012546699805663752,0.02091116634277292
477,0.048095682588377715,0.04713448386567567,0.012546699805663752,0.02091116634277292,0.016728933074218338,0.012546699805663752,0.029275632879882087,0.012546699805663752,0.02091116634277292
478,0.048095682588377715,0.04713448386567567,0.012546699805663752,0.02091116634277292,0.016728933074218338,0.012546699805663752,0.029275632879882087,0.012546699805663752,0.02091116634277292
479,0.048095682588377715,0.04713448386567567,0.012546699805663752,0.02091116634277292,0.016728933074218338,0.012546699805663752,0.029275632879882087,0.012546699805663752,0.02091116634277292
480,0.048095682588377715,0.04713448386567567,0.012546699805663752,0.02091116634277292,0.016728933074218338,0.012546699805663752,0.029275632879882087,0.012546699805663752,0.02091116634277292
481,0.048095682588377715,0.04713448386567567,0.012546699805663752,0.02091116634277292,0.016728933074218338,0.012546699805663752,0.029275632879882087,0.012546699805663752,0.02091116634277292
482,0.048095682588377715,0.04713448386567567,0.012546699805663752,0.02091116634277292,0.012546699805663752,0.012546699805663752,0.029275632879882087,0.012546699805663752,0.02091116634277292
483,0.048095682588377715,0.04713448386567567,0.012546699805663752,0.02091116634277292,0.016728933074218338,0.012546699805663752,0.029275632879882087,0.012546699805663752,0.02091116634277292
484,0.048095682588377715,0.04713448386567567,0.012546699805663752,0.02091116634277292,0.016728933074218338,0.012546699805663752,0.029275632879882087,0.012546699805663752,0.02091116634277292
485,0.048095682588377715,0.04713448386567567,0.012546699805663752,0.02091116634277292,0.016728933074218338,0.012546699805663752,0.029275632879882087,0.012546699805663752,0.02091116634277292
486,0.048095682588377715,0.04713448386567567,0.012546699805663752,0.02091116634277292,0.016728933074218338,0.012546699805663752,0.029275632879882087,0.012546699805663752,0.02091116634277292
487,0.048095682588377715,0.04713448386567567,0.012546699805663752,0.02091116634277292,0.016728933074218338,0.012546699805663752,0.029275632879882087,0.012546699805663752,0.02091116634277292
488,0.048095682588377715,0.04713448386567567,0.012546699805663752,0.02091116634277292,0.016728933074218338,0.012546699805663752,0.029275632879882087,0.012546699805663752,0.02091116634277292
489,0.048095682588377715,0.04713448386567567,0.012546699805663752,0.02091116634277292,0.012546699805663752,0.012546699805663752,0.029275632879882087,0.012546699805663752,0.02091116634277292
490,0.048095682588377715,0.04713448386567567,0.012546699805663752,0.02091116634277292,0.016728933074218338,0.012546699805663752,0.029275632879882087,0.012546699805663752,0.02091116634277292
491,0.048095682588377715,0.04713448386567567,0.012546699805663752,0.02091116634277292,0.016728933074218338,0.012546699805663752,0.029275632879882087,0.012546699805663752,0.02091116634277292
492,0.048095682588377715,0.04713448386567567,0.012546699805663752,0.02091116634277292,0.016728933074218338,0.012546699805663752,0.029275632879882087,0.012546699805663752,0.02091116634277292
493,0.048095682588377715,0.04713448386567567,0.012546699805663752,0.02091116634277292,0.016728933074218338,0.012546699805663752,0.029275632879882087,0.012546699805663752,0.02091116634277292
494,0.048095682588377715,0.04713448386567567,0.012546699805663752,0.02091116634277292,0.016728933074218338,0.012546699805663752,0.029275632879882087,0.012546699805663752,0.02091116634277292
495,0.048095682588377715,0.04713448386567567,0.012546699805663752,0.02091116634277292,0.016728933074218338,0.012546699805663752,0.029275632879882087,0.012546699805663752,0.02091116634277292
496,0.048095682588377715,0.04713448386567567,0.012546699805663752,0.02091116634277292,0.016728933074218338,0.012546699805663752,0.029275632879882087,0.012546699805663752,0.02091116634277292
497,0.048095682588377715,0.04713448386567567,0.012546699805663752,0.02091116634277292,0.016728933074218338,0.012546699805663752,0.029275632879882087,0.012546699805663752,0.02091116634277292
498,0.048095682588377715,0.04713448386567567,0.012546699805663752,0.02091116634277292,0.016728933074218338,0.012546699805663752,0.029275632879882087,0.012546699805663752,0.02091116634277292
499,0.048095682588377715,0.04713448386567567,0.012546699805663752,0.02091116634277292,0.016728933074218338,0.012546699805663752,0.029275632879882087,0.012546699805663752,0.02091116634277292
500,0.048095682588377715,0.04713448386567567,0.012546699805663752,0.02091116634277292,0.016728933074218338,0.012546699805663752,0.029275632879882087,0.016728933074218338,0.02091116634277292
501,0.048095682588377715,0.04713448386567567,0.012546699805663752,0.02091116634277292,0.016728933074218338,0.012546699805663752,0.029275632879882087,0.016728933074218338,0.02091116634277292
502,0.048095682588377715,0.04713448386567567,0.012546699805663752,0.02091116634277292,0.016728933074218338,0.012546699805663752,0.029275632879882087,0.012546699805663752,0.02091116634277292
503,0.048095682588377715,0.04713448386567567,0.012546699805663752,0.02091116634277292,0.016728933074218338,0.012546699805663752,0.029275632879882087,0.012546699805663752,0.02091116634277292
504,0.048095682588377715,0.04713448386567567,0.012546699805663752,0.02091116634277292,0.016728933074218338,0.012546699805663752,0.029275632879882087,0.012546699805663752,0.02091116634277292
505,0.048095682588377715,0.04713448386567567,0.012546699805663752,0.02091116634277292,0.016728933074218338,0.012546699805663752,0.029275632879882087,0.012546699805663752,0.02091116634277292
506,0.048095682588377715,0.04713448386567567,0.012546699805663752,0.02091116634277292,0.016728933074218338,0.012546699805663752,0.029275632879882087,0.012546699805663752,0.02091116634277292
507,0.048095682588377715,0.04713448386567567,0.012546699805663752,0.02091116634277292,0.016728933074218338,0.012546699805663752,0.029275632879882087,0.012546699805663752,0.02091116634277292
508,0.048095682588377715,0.04713448386567567,0.012546699805663752,0.02091116634277292,0.016728933074218338,0.012546699805663752,0.029275632879882087,0.012546699805663752,0.02091116634277292
509,0.048095682588377715,0.04713448386567567,0.012546699805663752,0.02091116634277292,0.016728933074218338,0.012546699805663752,0.029275632879882087,0.012546699805663752,0.02091116634277292
510,0.048095682588377715,0.04713448386567567,0.012546699805663752,0.02091116634277292,0.016728933074218338,0.012546699805663752,0.029275632879882087,0.012546699805663752,0.02091116634277292
511,0.048095682588377715,0.04713448386567567,0.012546699805663752,0.02091116634277292,0.016728933074218338,0.012546699805663752,0.029275632879882087,0.012546699805663752,0.02091116634277292
512,0.048095682588377715,0.04713448386567567,0.012546699805663752,0.02091116634277292,0.016728933074218338,0.012546699805663752,0.029275632879882087,0.012546699805663752,0.02091116634277292
513,0.048095682588377715,0.04713448386567567,0.012546699805663752,0.02091116634277292,0.016728933074218338,0.012546699805663752,0.029275632879882087,0.012546699805663752,0.02091116634277292
514,0.048095682588377715,0.04713448386567567,0.012546699805663752,0.02091116634277292,0.016728933074218338,0.012546699805663752,0.029275632879882087,0.012546699805663752,0.02091116634277292
515,0.048095682588377715,0.04713448386567567,0.012546699805663752,0.02091116634277292,0.016728933074218338,0.012546699805663752,0.029275632879882087,0.012546699805663752,0.02091116634277292
516,0.048095682588377715,0.04713448386567567,0.012546699805663752,0.02091116634277292,0.016728933074218338,0.012546699805663752,0.029275632879882087,0.012546699805663752,0.02091116634277292
517,0.048095682588377715,0.04713448386567567,0.012546699805663752,0.02091116634277292,0.016728933074218338,0.012546699805663752,0.029275632879882087,0.016728933074218338,0.02091116634277292
518,0.048095682588377715,0.04713448386567567,0.012546699805663752,0.02091116634277292,0.016728933074218338,0.012546699805663752,0.029275632879882087,0.012546699805663752,0.02091116634277292
519,0.048095682588377715,0.04713448386567567,0.012546699805663752,0.02091116634277292,0.016728933074218338,0.012546699805663752,0.029275632879882087,0.012546699805663752,0.02091116634277292
520,0.048095682588377715,0.04713448386567567,0.012546699805663752,0.02091116634277292,0.016728933074218338,0.012546699805663752,0.029275632879882087,0.012546699805663752,0.02091116634277292
521,0.048095682588377715,0.04713448386567567,0.012546699805663752,0.02091116634277292,0.016728933074218338,0.012546699805663752,0.029275632879882087,0.016728933074218338,0.02091116634277292
522,0.048095682588377715,0.04713448386567567,0.012546699805663752,0.02091116634277292,0.016728933074218338,0.012546699805663752,0.029275632879882087,0.012546699805663752,0.02091116634277292
523,0.048095682588377715,0.04713448386567567,0.012546699805663752,0.02091116634277292,0.016728933074218338,0.012546699805663752,0.029275632879882087,0.012546699805663752,0.02091116634277292
524,0.048095682588377715,0.04713448386567567,0.012546699805663752,0.02091116634277292,0.016728933074218338,0.012546699805663752,0.029275632879882087,0.012546699805663752,0.02091116634277292
525,0.048095682588377715,0.04713448386567567,0.012546699805663752,0.02091116634277292,0.016728933074218338,0.012546699805663752,0.029275632879882087,0.012546699805663752,0.02091116634277292
526,0.048095682588377715,0.04713448386567567,0.012546699805663752,0.02091116634277292,0.016728933074218338,0.012546699805663752,0.029275632879882087,0.016728933074218338,0.02091116634277292
527,0.048095682588377715,0.04713448386567567,0.012546699805663752,0.02091116634277292,0.016728933074218338,0.012546699805663752,0.029275632879882087,0.016728933074218338,0.02091116634277292
528,0.048095682588377715,0.04713448386567567,0.012546699805663752,0.02091116634277292,0.016728933074218338,0.012546699805663752,0.029275632879882087,0.012546699805663752,0.02091116634277292
529,0.048095682588377715,0.04713448386567567,0.012546699805663752,0.02091116634277292,0.016728933074218338,0.012546699805663752,0.029275632879882087,0.012546699805663752,0.02091116634277292
530,0.048095682588377715,0.04713448386567567,0.012546699805663752,0.02091116634277292,0.016728933074218338,0.012546699805663752,0.029275632879882087,0.012546699805663752,0.02091116634277292
531,0.048095682588377715,0.04713448386567567,0.012546699805663752,0.02091116634277292,0.012546699805663752,0.012546699805663752,0.029275632879882087,0.012546699805663752,0.02091116634277292
532,0.048095682588377715,0.04713448386567567,0.012546699805663752,0.02091116634277292,0.016728933074218338,0.012546699805663752,0.029275632879882087,0.016728933074218338,0.02091116634277292
533,0.048095682588377715,0.04713448386567567,0.012546699805663752,0.02091116634277292,0.016728933074218338,0.012546699805663752,0.029275632879882087,0.012546699805663752,0.02091116634277292
534,0.048095682588377715,0.04713448386567567,0.012546699805663752,0.02091116634277292,0.016728933074218338,0.012546699805663752,0.029275632879882087,0.012546699805663752,0.02091116634277292
535,0.048095682588377715,0.04713448386567567,0.012546699805663752,0.02091116634277292,0.016728933074218338,0.012546699805663752,0.029275632879882087,0.012546699805663752,0.02091116634277292
536,0.048095682588377715,0.04713448386567567,0.012546699805663752,0.02091116634277292,0.016728933074218338,0.012546699805663752,0.029275632879882087,0.012546699805663752,0.02091116634277292
537,0.048095682588377715,0.04713448386567567,0.012546699805663752,0.02091116634277292,0.016728933074218338,0.012546699805663752,0.029275632879882087,0.012546699805663752,0.02091116634277292
538,0.048095682588377715,0.04713448386567567,0.012546699805663752,0.02091116634277292,0.012546699805663752,0.012546699805663752,0.029275632879882087,0.012546699805663752,0.02091116634277292
539,0.048095682588377715,0.04713448386567567,0.012546699805663752,0.02091116634277292,0.016728933074218338,0.012546699805663752,0.029275632879882087,0.012546699805663752,0.02091116634277292
540,0.048095682588377715,0.04713448386567567,0.012546699805663752,0.02091116634277292,0.016728933074218338,0.012546699805663752,0.029275632879882087,0.012546699805663752,0.02091116634277292
541,0.048095682588377715,0.04713448386567567,0.012546699805663752,0.02091116634277292,0.016728933074218338,0.012546699805663752,0.029275632879882087,0.012546699805663752,0.02091116634277292
542,0.048095682588377715,0.04713448386567567,0.012546699805663752,0.02091116634277292,0.016728933074218338,0.012546699805663752,0.029275632879882087,0.016728933074218338,0.02091116634277292
543,0.048095682588377715,0.04713448386567567,0.012546699805663752,0.02091116634277292,0.016728933074218338,0.012546699805663752,0.029275632879882087,0.012546699805663752,0.02091116634277292
544,0.048095682588377715,0.04713448386567567,0.012546699805663752,0.02091116634277292,0.016728933074218338,0.012546699805663752,0.029275632879882087,0.012546699805663752,0.02091116634277292
545,0.048095682588377715,0.04713448386567567,0.012546699805663752,0.02091116634277292,0.016728933074218338,0.012546699805663752,0.029275632879882087,0.012546699805663752,0.02091116634277292
546,0.048095682588377715,0.04713448386567567,0.012546699805663752,0.02091116634277292,0.016728933074218338,0.012546699805663752,0.029275632879882087,0.012546699805663752,0.02091116634277292
547,0.048095682588377715,0.04713448386567567,0.012546699805663752,0.02091116634277292,0.016728933074218338,0.012546699805663752,0.029275632879882087,0.012546699805663752,0.02091116634277292
548,0.048095682588377715,0.04713448386567567,0.012546699805663752,0.02091116634277292,0.016728933074218338,0.012546699805663752,0.029275632879882087,0.016728933074218338,0.02091116634277292
549,0.048095682588377715,0.04713448386567567,0.012546699805663752,0.02091116634277292,0.016728933074218338,0.012546699805663752,0.029275632879882087,0.012546699805663752,0.02091116634277292
550,0.048095682588377715,0.04713448386567567,0.012546699805663752,0.02091116634277292,0.016728933074218338,0.012546699805663752,0.029275632879882087,0.012546699805663752,0.02091116634277292
551,0.048095682588377715,0.04713448386567567,0.012546699805663752,0.02091116634277292,0.016728933074218338,0.012546699805663752,0.029275632879882087,0.012546699805663752,0.02091116634277292
552,0.048095682588377715,0.04713448386567567,0.012546699805663752,0.02091116634277292,0.016728933074218338,0.012546699805663752,0.029275632879882087,0.012546699805663752,0.02091116634277292
553,0.048095682588377715,0.04713448386567567,0.012546699805663752,0.02091116634277292,0.016728933074218338,0.012546699805663752,0.029275632879882087,0.012546699805663752,0.02091116634277292
554,0.048095682588377715,0.04713448386567567,0.012546699805663752,0.02091116634277292,0.016728933074218338,0.012546699805663752,0.029275632879882087,0.012546699805663752,0.02091116634277292
555,0.048095682588377715,0.04713448386567567,0.012546699805663752,0.02091116634277292,0.016728933074218338,0.012546699805663752,0.029275632879882087,0.016728933074218338,0.02091116634277292
556,0.048095682588377715,0.04713448386567567,0.012546699805663752,0.02091116634277292,0.016728933074218338,0.012546699805663752,0.029275632879882087,0.012546699805663752,0.02091116634277292
557,0.048095682588377715,0.04713448386567567,0.012546699805663752,0.02091116634277292,0.016728933074218338,0.012546699805663752,0.029275632879882087,0.016728933074218338,0.02091116634277292
558,0.048095682588377715,0.04713448386567567,0.012546699805663752,0.02091116634277292,0.016728933074218338,0.012546699805663752,0.029275632879882087,0.012546699805663752,0.02091116634277292
559,0.048095682588377715,0.04713448386567567,0.012546699805663752,0.02091116634277292,0.016728933074218338,0.012546699805663752,0.029275632879882087,0.012546699805663752,0.02091116634277292
560,0.048095682588377715,0.04713448386567567,0.012546699805663752,0.02091116634277292,0.012546699805663752,0.012546699805663752,0.029275632879882087,0.012546699805663752,0.02091116634277292
561,0.048095682588377715,0.04713448386567567,0.012546699805663752,0.02091116634277292,0.016728933074218338,0.012546699805663752,0.029275632879882087,0.012546699805663752,0.02091116634277292
562,0.048095682588377715,0.04713448386567567,0.012546699805663752,0.02091116634277292,0.016728933074218338,0.012546699805663752,0.029275632879882087,0.012546699805663752,0.02091116634277292
563,0.048095682588377715,0.04713448386567567,0.012546699805663752,0.02091116634277292,0.016728933074218338,0.012546699805663752,0.029275632879882087,0.012546699805663752,0.02091116634277292
564,0.048095682588377715,0.04713448386567567,0.012546699805663752,0.02091116634277292,0.016728933074218338,0.012546699805663752,0.029275632879882087,0.012546699805663752,0.02091116634277292
565,0.048095682588377715,0.04713448386567567,0.012546699805663752,0.02091116634277292,0.016728933074218338,0.012546699805663752,0.029275632879882087,0.012546699805663752,0.02091116634277292
566,0.048095682588377715,0.04713448386567567,0.012546699805663752,0.02091116634277292,0.016728933074218338,0.012546699805663752,0.029275632879882087,0.012546699805663752,0.02091116634277292
567,0.048095682588377715,0.04713448386567567,0.012546699805663752,0.02091116634277292,0.012546699805663752,0.012546699805663752,0.029275632879882087,0.012546699805663752,0.02091116634277292
568,0.048095682588377715,0.04713448386567567,0.012546699805663752,0.02091116634277292,0.016728933074218338,0.012546699805663752,0.029275632879882087,0.012546699805663752,0.02091116634277292
569,0.048095682588377715,0.04713448386567567,0.012546699805663752,0.02091116634277292,0.016728933074218338,0.012546699805663752,0.029275632879882087,0.012546699805663752,0.02091116634277292
570,0.048095682588377715,0.04713448386567567,0.012546699805663752,0.02091116634277292,0.016728933074218338,0.012546699805663752,0.029275632879882087,0.016728933074218338,0.02091116634277292
571,0.048095682588377715,0.04713448386567567,0.012546699805663752,0.02091116634277292,0.016728933074218338,0.012546699805663752,0.029275632879882087,0.012546699805663752,0.02091116634277292
572,0.048095682588377715,0.04713448386567567,0.012546699805663752,0.02091116634277292,0.016728933074218338,0.012546699805663752,0.029275632879882087,0.012546699805663752,0.02091116634277292
573,0.048095682588377715,0.04713448386567567,0.012546699805663752,0.02091116634277292,0.016728933074218338,0.012546699805663752,0.029275632879882087,0.012546699805663752,0.02091116634277292
574,0.048095682588377715,0.04713448386567567,0.012546699805663752,0.02091116634277292,0.016728933074218338,0.012546699805663752,0.029275632879882087,0.012546699805663752,0.02091116634277292
575,0.048095682588377715,0.04713448386567567,0.012546699805663752,0.02091116634277292,0.016728933074218338,0.012546699805663752,0.029275632879882087,0.012546699805663752,0.02091116634277292
576,0.048095682588377715,0.04713448386567567,0.012546699805663752,0.02091116634277292,0.016728933074218338,0.012546699805663752,0.029275632879882087,0.012546699805663752,0.02091116634277292
577,0.048095682588377715,0.04713448386567567,0.012546699805663752,0.02091116634277292,0.016728933074218338,0.012546699805663752,0.029275632879882087,0.012546699805663752,0.02091116634277292
578,0.048095682588377715,0.04713448386567567,0.012546699805663752,0.02091116634277292,0.016728933074218338,0.012546699805663752,0.029275632879882087,0.012546699805663752,0.02091116634277292
579,0.048095682588377715,0.04713448386567567,0.012546699805663752,0.02091116634277292,0.016728933074218338,0.012546699805663752,0.029275632879882087,0.012546699805663752,0.02091116634277292
580,0.048095682588377715,0.04713448386567567,0.012546699805663752,0.02091116634277292,0.016728933074218338,0.012546699805663752,0.029275632879882087,0.012546699805663752,0.02091116634277292
581,0.048095682588377715,0.04713448386567567,0.012546699805663752,0.02091116634277292,0.016728933074218338,0.012546699805663752,0.029275632879882087,0.012546699805663752,0.02091116634277292
582,0.048095682588377715,0.04713448386567567,0.012546699805663752,0.02091116634277292,0.016728933074218338,0.012546699805663752,0.029275632879882087,0.012546699805663752,0.02091116634277292
583,0.048095682588377715,0.04713448386567567,0.012546699805663752,0.02091116634277292,0.016728933074218338,0.012546699805663752,0.029275632879882087,0.012546699805663752,0.02091116634277292
584,0.048095682588377715,0.04713448386567567,0.012546699805663752,0.02091116634277292,0.016728933074218338,0.012546699805663752,0.029275632879882087,0.012546699805663752,0.02091116634277292
585,0.048095682588377715,0.04713448386567567,0.012546699805663752,0.02091116634277292,0.016728933074218338,0.012546699805663752,0.029275632879882087,0.012546699805663752,0.02091116634277292
586,0.048095682588377715,0.04713448386567567,0.012546699805663752,0.02091116634277292,0.016728933074218338,0.012546699805663752,0.029275632879882087,0.012546699805663752,0.02091116634277292
587,0.048095682588377715,0.04713448386567567,0.012546699805663752,0.02091116634277292,0.016728933074218338,0.012546699805663752,0.029275632879882087,0.012546699805663752,0.02091116634277292
588,0.048095682588377715,0.04713448386567567,0.012546699805663752,0.02091116634277292,0.016728933074218338,0.012546699805663752,0.029275632879882087,0.012546699805663752,0.02091116634277292
589,0.048095682588377715,0.04713448386567567,0.012546699805663752,0.02091116634277292,0.016728933074218338,0.012546699805663752,0.029275632879882087,0.012546699805663752,0.02091116634277292
590,0.048095682588377715,0.04713448386567567,0.012546699805663752,0.02091116634277292,0.016728933074218338,0.012546699805663752,0.029275632879882087,0.016728933074218338,0.02091116634277292
591,0.048095682588377715,0.04713448386567567,0.012546699805663752,0.02091116634277292,0.016728933074218338,0.012546699805663752,0.029275632879882087,0.012546699805663752,0.02091116634277292
592,0.048095682588377715,0.04713448386567567,0.012546699805663752,0.02091116634277292,0.016728933074218338,0.012546699805663752,0.029275632879882087,0.012546699805663752,0.02091116634277292
593,0.048095682588377715,0.04713448386567567,0.012546699805663752,0.02091116634277292,0.016728933074218338,0.012546699805663752,0.029275632879882087,0.016728933074218338,0.02091116634277292
594,0.048095682588377715,0.04713448386567567,0.012546699805663752,0.02091116634277292,0.016728933074218338,0.012546699805663752,0.029275632879882087,0.012546699805663752,0.02091116634277292
595,0.048095682588377715,0.04713448386567567,0.012546699805663752,0.02091116634277292,0.016728933074218338,0.012546699805663752,0.029275632879882087,0.016728933074218338,0.02091116634277292
596,0.048095682588377715,0.04713448386567567,0.012546699805663752,0.02091116634277292,0.016728933074218338,0.012546699805663752,0.029275632879882087,0.016728933074218338,0.02091116634277292
597,0.048095682588377715,0.04713448386567567,0.012546699805663752,0.02091116634277292,0.016728933074218338,0.012546699805663752,0.029275632879882087,0.012546699805663752,0.02091116634277292
598,0.048095682588377715,0.04713448386567567,0.012546699805663752,0.02091116634277292,0.016728933074218338,0.012546699805663752,0.029275632879882087,0.012546699805663752,0.02091116634277292
599,0.048095682588377715,0.04713448386567567,0.012546699805663752,0.02091116634277292,0.016728933074218338,0.012546699805663752,0.029275632879882087,0.016728933074218338,0.02091116634277292
600,0.048095682588377715,0.04713448386567567,0.012546699805663752,0.02091116634277292,0.016728933074218338,0.012546699805663752,0.029275632879882087,0.012546699805663752,0.02091116634277292
601,0.048095682588377715,0.04713448386567567,0.012546699805663752,0.02091116634277292,0.016728933074218338,0.012546699805663752,0.029275632879882087,0.012546699805663752,0.02091116634277292
602,0.048095682588377715,0.04713448386567567,0.012546699805663752,0.02091116634277292,0.016728933074218338,0.012546699805663752,0.029275632879882087,0.016728933074218338,0.02091116634277292
603,0.048095682588377715,0.04713448386567567,0.012546699805663752,0.02091116634277292,0.016728933074218338,0.012546699805663752,0.029275632879882087,0.016728933074218338,0.02091116634277292
604,0.048095682588377715,0.04713448386567567,0.012546699805663752,0.02091116634277292,0.016728933074218338,0.012546699805663752,0.029275632879882087,0.012546699805663752,0.02091116634277292
605,0.048095682588377715,0.04713448386567567,0.012546699805663752,0.02091116634277292,0.016728933074218338,0.012546699805663752,0.029275632879882087,0.016728933074218338,0.02091116634277292
606,0.048095682588377715,0.04713448386567567,0.012546699805663752,0.02091116634277292,0.016728933074218338,0.012546699805663752,0.029275632879882087,0.012546699805663752,0.02091116634277292
607,0.048095682588377715,0.04713448386567567,0.012546699805663752,0.02091116634277292,0.016728933074218338,0.012546699805663752,0.029275632879882087,0.012546699805663752,0.02091116634277292
608,0.048095682588377715,0.04713448386567567,0.012546699805663752,0.02091116634277292,0.016728933074218338,0.012546699805663752,0.029275632879882087,0.016728933074218338,0.02091116634277292
609,0.048095682588377715,0.04713448386567567,0.012546699805663752,0.02091116634277292,0.016728933074218338,0.012546699805663752,0.029275632879882087,0.012546699805663752,0.02091116634277292
610,0.048095682588377715,0.04713448386567567,0.012546699805663752,0.02091116634277292,0.016728933074218338,0.012546699805663752,0.029275632879882087,0.012546699805663752,0.02091116634277292
611,0.048095682588377715,0.04713448386567567,0.012546699805663752,0.02091116634277292,0.016728933074218338,0.012546699805663752,0.029275632879882087,0.012546699805663752,0.02091116634277292
612,0.048095682588377715,0.04713448386567567,0.012546699805663752,0.02091116634277292,0.016728933074218338,0.012546699805663752,0.029275632879882087,0.012546699805663752,0.02091116634277292
613,0.048095682588377715,0.04713448386567567,0.012546699805663752,0.02091116634277292,0.012546699805663752,0.012546699805663752,0.029275632879882087,0.012546699805663752,0.02091116634277292
614,0.048095682588377715,0.04713448386567567,0.012546699805663752,0.02091116634277292,0.016728933074218338,0.012546699805663752,0.029275632879882087,0.016728933074218338,0.02091116634277292
615,0.048095682588377715,0.04713448386567567,0.012546699805663752,0.02091116634277292,0.016728933074218338,0.012546699805663752,0.029275632879882087,0.012546699805663752,0.02091116634277292
616,0.048095682588377715,0.04713448386567567,0.012546699805663752,0.02091116634277292,0.016728933074218338,0.012546699805663752,0.029275632879882087,0.012546699805663752,0.02091116634277292
617,0.048095682588377715,0.04713448386567567,0.012546699805663752,0.02091116634277292,0.016728933074218338,0.012546699805663752,0.029275632879882087,0.012546699805663752,0.02091116634277292
618,0.048095682588377715,0.04713448386567567,0.012546699805663752,0.02091116634277292,0.016728933074218338,0.012546699805663752,0.029275632879882087,0.016728933074218338,0.02091116634277292
619,0.048095682588377715,0.04713448386567567,0.012546699805663752,0.02091116634277292,0.016728933074218338,0.012546699805663752,0.029275632879882087,0.016728933074218338,0.02091116634277292
620,0.048095682588377715,0.04713448386567567,0.012546699805663752,0.02091116634277292,0.016728933074218338,0.012546699805663752,0.029275632879882087,0.012546699805663752,0.02091116634277292
621,0.048095682588377715,0.04713448386567567,0.012546699805663752,0.02091116634277292,0.016728933074218338,0.012546699805663752,0.029275632879882087,0.016728933074218338,0.02091116634277292
622,0.048095682588377715,0.04713448386567567,0.012546699805663752,0.02091116634277292,0.016728933074218338,0.012546699805663752,0.029275632879882087,0.016728933074218338,0.02091116634277292
623,0.048095682588377715,0.04713448386567567,0.012546699805663752,0.02091116634277292,0.016728933074218338,0.012546699805663752,0.029275632879882087,0.012546699805663752,0.02091116634277292
624,0.048095682588377715,0.04713448386567567,0.012546699805663752,0.02091116634277292,0.016728933074218338,0.012546699805663752,0.029275632879882087,0.012546699805663752,0.02091116634277292
625,0.048095682588377715,0.04713448386567567,0.012546699805663752,0.02091116634277292,0.016728933074218338,0.012546699805663752,0.029275632879882087,0.012546699805663752,0.02091116634277292
626,0.048095682588377715,0.04713448386567567,0.012546699805663752,0.02091116634277292,0.016728933074218338,0.012546699805663752,0.029275632879882087,0.012546699805663752,0.02091116634277292
627,0.048095682588377715,0.04713448386567567,0.012546699805663752,0.02091116634277292,0.016728933074218338,0.012546699805663752,0.029275632879882087,0.016728933074218338,0.02091116634277292
628,0.048095682588377715,0.04713448386567567,0.012546699805663752,0.02091116634277292,0.016728933074218338,0.012546699805663752,0.029275632879882087,0.012546699805663752,0.02091116634277292
629,0.048095682588377715,0.04713448386567567,0.012546699805663752,0.02091116634277292,0.016728933074218338,0.012546699805663752,0.029275632879882087,0.016728933074218338,0.02091116634277292
630,0.048095682588377715,0.04713448386567567,0.012546699805663752,0.02091116634277292,0.016728933074218338,0.012546699805663752,0.029275632879882087,0.012546699805663752,0.02091116634277292
631,0.048095682588377715,0.04713448386567567,0.012546699805663752,0.02091116634277292,0.016728933074218338,0.012546699805663752,0.029275632879882087,0.012546699805663752,0.02091116634277292
632,0.048095682588377715,0.04713448386567567,0.012546699805663752,0.02091116634277292,0.016728933074218338,0.012546699805663752,0.029275632879882087,0.016728933074218338,0.02091116634277292
633,0.048095682588377715,0.04713448386567567,0.012546699805663752,0.02091116634277292,0.016728933074218338,0.012546699805663752,0.029275632879882087,0.012546699805663752,0.02091116634277292
634,0.048095682588377715,0.04713448386567567,0.012546699805663752,0.02091116634277292,0.016728933074218338,0.012546699805663752,0.029275632879882087,0.016728933074218338,0.02091116634277292
635,0.048095682588377715,0.04713448386567567,0.012546699805663752,0.02091116634277292,0.016728933074218338,0.012546699805663752,0.029275632879882087,0.012546699805663752,0.02091116634277292
636,0.048095682588377715,0.04713448386567567,0.012546699805663752,0.02091116634277292,0.016728933074218338,0.012546699805663752,0.029275632879882087,0.012546699805663752,0.02091116634277292
637,0.048095682588377715,0.04713448386567567,0.012546699805663752,0.02091116634277292,0.016728933074218338,0.012546699805663752,0.029275632879882087,0.012546699805663752,0.02091116634277292
638,0.048095682588377715,0.04713448386567567,0.012546699805663752,0.02091116634277292,0.016728933074218338,0.012546699805663752,0.029275632879882087,0.012546699805663752,0.02091116634277292
639,0.048095682588377715,0.04713448386567567,0.012546699805663752,0.02091116634277292,0.016728933074218338,0.012546699805663752,0.029275632879882087,0.012546699805663752,0.02091116634277292
640,0.048095682588377715,0.04713448386567567,0.012546699805663752,0.02091116634277292,0.016728933074218338,0.012546699805663752,0.029275632879882087,0.012546699805663752,0.02091116634277292
641,0.048095682588377715,0.04713448386567567,0.012546699805663752,0.02091116634277292,0.016728933074218338,0.012546699805663752,0.029275632879882087,0.012546699805663752,0.02091116634277292
642,0.048095682588377715,0.04713448386567567,0.012546699805663752,0.02091116634277292,0.016728933074218338,0.012546699805663752,0.029275632879882087,0.012546699805663752,0.02091116634277292
643,0.048095682588377715,0.04713448386567567,0.012546699805663752,0.02091116634277292,0.016728933074218338,0.012546699805663752,0.029275632879882087,0.012546699805663752,0.02091116634277292
644,0.048095682588377715,0.04713448386567567,0.012546699805663752,0.02091116634277292,0.016728933074218338,0.012546699805663752,0.029275632879882087,0.016728933074218338,0.02091116634277292
645,0.048095682588377715,0.04713448386567567,0.012546699805663752,0.02091116634277292,0.016728933074218338,0.012546699805663752,0.029275632879882087,0.012546699805663752,0.02091116634277292
646,0.048095682588377715,0.04713448386567567,0.012546699805663752,0.02091116634277292,0.016728933074218338,0.012546699805663752,0.029275632879882087,0.012546699805663752,0.02091116634277292
647,0.048095682588377715,0.04713448386567567,0.012546699805663752,0.02091116634277292,0.016728933074218338,0.012546699805663752,0.029275632879882087,0.012546699805663752,0.02091116634277292
648,0.048095682588377715,0.04713448386567567,0.012546699805663752,0.02091116634277292,0.016728933074218338,0.012546699805663752,0.029275632879882087,0.012546699805663752,0.02091116634277292
649,0.048095682588377715,0.04713448386567567,0.012546699805663752,0.02091116634277292,0.016728933074218338,0.012546699805663752,0.029275632879882087,0.012546699805663752,0.02091116634277292
650,0.048095682588377715,0.04713448386567567,0.012546699805663752,0.02091116634277292,0.016728933074218338,0.012546699805663752,0.029275632879882087,0.012546699805663752,0.02091116634277292
651,0.048095682588377715,0.04713448386567567,0.012546699805663752,0.02091116634277292,0.016728933074218338,0.012546699805663752,0.029275632879882087,0.012546699805663752,0.02091116634277292
652,0.048095682588377715,0.04713448386567567,0.012546699805663752,0.02091116634277292,0.016728933074218338,0.012546699805663752,0.029275632879882087,0.012546699805663752,0.02091116634277292
653,0.048095682588377715,0.04713448386567567,0.012546699805663752,0.02091116634277292,0.016728933074218338,0.012546699805663752,0.029275632879882087,0.012546699805663752,0.02091116634277292
654,0.048095682588377715,0.04713448386567567,0.012546699805663752,0.02091116634277292,0.016728933074218338,0.012546699805663752,0.029275632879882087,0.012546699805663752,0.02091116634277292
655,0.048095682588377715,0.04713448386567567,0.012546699805663752,0.02091116634277292,0.016728933074218338,0.012546699805663752,0.029275632879882087,0.012546699805663752,0.02091116634277292
656,0.048095682588377715,0.04713448386567567,0.012546699805663752,0.02091116634277292,0.016728933074218338,0.012546699805663752,0.029275632879882087,0.012546699805663752,0.02091116634277292
657,0.048095682588377715,0.04713448386567567,0.012546699805663752,0.02091116634277292,0.016728933074218338,0.012546699805663752,0.029275632879882087,0.012546699805663752,0.02091116634277292
658,0.048095682588377715,0.04713448386567567,0.012546699805663752,0.02091116634277292,0.016728933074218338,0.012546699805663752,0.029275632879882087,0.012546699805663752,0.02091116634277292
659,0.048095682588377715,0.04713448386567567,0.012546699805663752,0.02091116634277292,0.016728933074218338,0.012546699805663752,0.029275632879882087,0.012546699805663752,0.02091116634277292
660,0.048095682588377715,0.04713448386567567,0.012546699805663752,0.02091116634277292,0.016728933074218338,0.012546699805663752,0.029275632879882087,0.012546699805663752,0.02091116634277292
661,0.048095682588377715,0.04713448386567567,0.012546699805663752,0.02091116634277292,0.016728933074218338,0.012546699805663752,0.029275632879882087,0.012546699805663752,0.02091116634277292
662,0.048095682588377715,0.04713448386567567,0.012546699805663752,0.02091116634277292,0.016728933074218338,0.012546699805663752,0.029275632879882087,0.012546699805663752,0.02091116634277292
663,0.048095682588377715,0.04713448386567567,0.012546699805663752,0.02091116634277292,0.016728933074218338,0.012546699805663752,0.029275632879882087,0.012546699805663752,0.02091116634277292
664,0.048095682588377715,0.04713448386567567,0.012546699805663752,0.02091116634277292,0.016728933074218338,0.012546699805663752,0.029275632879882087,0.012546699805663752,0.02091116634277292
665,0.048095682588377715,0.04713448386567567,0.012546699805663752,0.02091116634277292,0.016728933074218338,0.012546699805663752,0.029275632879882087,0.012546699805663752,0.02091116634277292
666,0.048095682588377715,0.04713448386567567,0.012546699805663752,0.02091116634277292,0.016728933074218338,0.012546699805663752,0.029275632879882087,0.012546699805663752,0.02091116634277292
667,0.048095682588377715,0.04713448386567567,0.012546699805663752,0.02091116634277292,0.016728933074218338,0.012546699805663752,0.029275632879882087,0.016728933074218338,0.02091116634277292
668,0.048095682588377715,0.04713448386567567,0.012546699805663752,0.02091116634277292,0.016728933074218338,0.012546699805663752,0.029275632879882087,0.016728933074218338,0.02091116634277292
669,0.048095682588377715,0.04713448386567567,0.012546699805663752,0.02091116634277292,0.016728933074218338,0.012546699805663752,0.029275632879882087,0.012546699805663752,0.02091116634277292
670,0.048095682588377715,0.04713448386567567,0.012546699805663752,0.02091116634277292,0.016728933074218338,0.012546699805663752,0.029275632879882087,0.012546699805663752,0.02091116634277292
671,0.048095682588377715,0.04713448386567567,0.012546699805663752,0.02091116634277292,0.016728933074218338,0.012546699805663752,0.029275632879882087,0.012546699805663752,0.02091116634277292
672,0.048095682588377715,0.04713448386567567,0.012546699805663752,0.02091116634277292,0.016728933074218338,0.012546699805663752,0.029275632879882087,0.012546699805663752,0.02091116634277292
673,0.048095682588377715,0.04713448386567567,0.012546699805663752,0.02091116634277292,0.016728933074218338,0.012546699805663752,0.029275632879882087,0.012546699805663752,0.02091116634277292
674,0.048095682588377715,0.04713448386567567,0.012546699805663752,0.02091116634277292,0.016728933074218338,0.012546699805663752,0.029275632879882087,0.012546699805663752,0.02091116634277292
675,0.048095682588377715,0.04713448386567567,0.012546699805663752,0.02091116634277292,0.016728933074218338,0.012546699805663752,0.029275632879882087,0.016728933074218338,0.02091116634277292
676,0.048095682588377715,0.04713448386567567,0.012546699805663752,0.02091116634277292,0.016728933074218338,0.012546699805663752,0.029275632879882087,0.012546699805663752,0.02091116634277292
677,0.048095682588377715,0.04713448386567567,0.012546699805663752,0.02091116634277292,0.016728933074218338,0.012546699805663752,0.029275632879882087,0.016728933074218338,0.02091116634277292
678,0.048095682588377715,0.04713448386567567,0.012546699805663752,0.02091116634277292,0.016728933074218338,0.012546699805663752,0.029275632879882087,0.012546699805663752,0.02091116634277292
679,0.048095682588377715,0.04713448386567567,0.012546699805663752,0.02091116634277292,0.016728933074218338,0.012546699805663752,0.029275632879882087,0.012546699805663752,0.02091116634277292
680,0.048095682588377715,0.04713448386567567,0.012546699805663752,0.02091116634277292,0.016728933074218338,0.012546699805663752,0.029275632879882087,0.012546699805663752,0.02091116634277292
681,0.048095682588377715,0.04713448386567567,0.012546699805663752,0.02091116634277292,0.016728933074218338,0.012546699805663752,0.029275632879882087,0.012546699805663752,0.02091116634277292
682,0.048095682588377715,0.04713448386567567,0.012546699805663752,0.02091116634277292,0.016728933074218338,0.012546699805663752,0.029275632879882087,0.016728933074218338,0.02091116634277292
683,0.048095682588377715,0.04713448386567567,0.012546699805663752,0.02091116634277292,0.016728933074218338,0.012546699805663752,0.029275632879882087,0.012546699805663752,0.02091116634277292
684,0.048095682588377715,0.04713448386567567,0.012546699805663752,0.02091116634277292,0.016728933074218338,0.012546699805663752,0.029275632879882087,0.016728933074218338,0.02091116634277292
685,0.048095682588377715,0.04713448386567567,0.012546699805663752,0.02091116634277292,0.016728933074218338,0.012546699805663752,0.029275632879882087,0.012546699805663752,0.02091116634277292
686,0.048095682588377715,0.04713448386567567,0.012546699805663752,0.02091116634277292,0.016728933074218338,0.012546699805663752,0.029275632879882087,0.012546699805663752,0.02091116634277292
687,0.048095682588377715,0.04713448386567567,0.012546699805663752,0.02091116634277292,0.016728933074218338,0.012546699805663752,0.029275632879882087,0.012546699805663752,0.02091116634277292
688,0.048095682588377715,0.04713448386567567,0.012546699805663752,0.02091116634277292,0.016728933074218338,0.012546699805663752,0.029275632879882087,0.012546699805663752,0.02091116634277292
689,0.048095682588377715,0.04713448386567567,0.012546699805663752,0.02091116634277292,0.016728933074218338,0.012546699805663752,0.029275632879882087,0.012546699805663752,0.02091116634277292
690,0.048095682588377715,0.04713448386567567,0.012546699805663752,0.02091116634277292,0.016728933074218338,0.012546699805663752,0.029275632879882087,0.016728933074218338,0.02091116634277292
691,0.048095682588377715,0.04713448386567567,0.012546699805663752,0.02091116634277292,0.016728933074218338,0.012546699805663752,0.029275632879882087,0.012546699805663752,0.02091116634277292
692,0.048095682588377715,0.04713448386567567,0.012546699805663752,0.02091116634277292,0.016728933074218338,0.012546699805663752,0.029275632879882087,0.012546699805663752,0.02091116634277292
693,0.048095682588377715,0.04713448386567567,0.012546699805663752,0.02091116634277292,0.016728933074218338,0.012546699805663752,0.029275632879882087,0.012546699805663752,0.02091116634277292
694,0.048095682588377715,0.04713448386567567,0.012546699805663752,0.02091116634277292,0.016728933074218338,0.012546699805663752,0.029275632879882087,0.012546699805663752,0.02091116634277292
695,0.048095682588377715,0.04713448386567567,0.012546699805663752,0.02091116634277292,0.012546699805663752,0.012546699805663752,0.029275632879882087,0.012546699805663752,0.02091116634277292
696,0.048095682588377715,0.04713448386567567,0.012546699805663752,0.02091116634277292,0.012546699805663752,0.012546699805663752,0.029275632879882087,0.012546699805663752,0.02091116634277292
697,0.048095682588377715,0.04713448386567567,0.012546699805663752,0.02091116634277292,0.016728933074218338,0.012546699805663752,0.029275632879882087,0.012546699805663752,0.02091116634277292
698,0.048095682588377715,0.04713448386567567,0.012546699805663752,0.02091116634277292,0.016728933074218338,0.012546699805663752,0.029275632879882087,0.012546699805663752,0.02091116634277292
699,0.048095682588377715,0.04713448386567567,0.012546699805663752,0.02091116634277292,0.016728933074218338,0.012546699805663752,0.029275632879882087,0.012546699805663752,0.02091116634277292
700,0.048095682588377715,0.04713448386567567,0.012546699805663752,0.02091116634277292,0.016728933074218338,0.012546699805663752,0.029275632879882087,0.012546699805663752,0.02091116634277292
701,0.048095682588377715,0.04713448386567567,0.012546699805663752,0.02091116634277292,0.016728933074218338,0.012546699805663752,0.029275632879882087,0.012546699805663752,0.02091116634277292
702,0.048095682588377715,0.04713448386567567,0.012546699805663752,0.02091116634277292,0.016728933074218338,0.012546699805663752,0.029275632879882087,0.012546699805663752,0.02091116634277292
703,0.048095682588377715,0.04713448386567567,0.012546699805663752,0.02091116634277292,0.016728933074218338,0.012546699805663752,0.029275632879882087,0.012546699805663752,0.02091116634277292
704,0.048095682588377715,0.04713448386567567,0.012546699805663752,0.02091116634277292,0.016728933074218338,0.012546699805663752,0.029275632879882087,0.012546699805663752,0.02091116634277292
705,0.048095682588377715,0.04713448386567567,0.012546699805663752,0.02091116634277292,0.016728933074218338,0.012546699805663752,0.029275632879882087,0.016728933074218338,0.02091116634277292
706,0.048095682588377715,0.04713448386567567,0.012546699805663752,0.02091116634277292,0.016728933074218338,0.012546699805663752,0.029275632879882087,0.012546699805663752,0.02091116634277292
707,0.048095682588377715,0.04713448386567567,0.012546699805663752,0.02091116634277292,0.016728933074218338,0.012546699805663752,0.029275632879882087,0.012546699805663752,0.02091116634277292
708,0.048095682588377715,0.04713448386567567,0.012546699805663752,0.02091116634277292,0.016728933074218338,0.012546699805663752,0.029275632879882087,0.012546699805663752,0.02091116634277292
709,0.048095682588377715,0.04713448386567567,0.012546699805663752,0.02091116634277292,0.016728933074218338,0.012546699805663752,0.029275632879882087,0.012546699805663752,0.02091116634277292
710,0.048095682588377715,0.04713448386567567,0.012546699805663752,0.02091116634277292,0.016728933074218338,0.012546699805663752,0.029275632879882087,0.012546699805663752,0.02091116634277292
711,0.048095682588377715,0.04713448386567567,0.012546699805663752,0.02091116634277292,0.016728933074218338,0.012546699805663752,0.029275632879882087,0.012546699805663752,0.02091116634277292
712,0.048095682588377715,0.04713448386567567,0.012546699805663752,0.02091116634277292,0.016728933074218338,0.012546699805663752,0.029275632879882087,0.012546699805663752,0.02091116634277292
713,0.048095682588377715,0.04713448386567567,0.012546699805663752,0.02091116634277292,0.016728933074218338,0.012546699805663752,0.029275632879882087,0.012546699805663752,0.02091116634277292
714,0.048095682588377715,0.04713448386567567,0.012546699805663752,0.02091116634277292,0.016728933074218338,0.012546699805663752,0.029275632879882087,0.012546699805663752,0.02091116634277292
715,0.048095682588377715,0.04713448386567567,0.012546699805663752,0.02091116634277292,0.016728933074218338,0.012546699805663752,0.029275632879882087,0.012546699805663752,0.02091116634277292
716,0.048095682588377715,0.04713448386567567,0.012546699805663752,0.02091116634277292,0.016728933074218338,0.012546699805663752,0.029275632879882087,0.016728933074218338,0.02091116634277292
717,0.048095682588377715,0.04713448386567567,0.012546699805663752,0.02091116634277292,0.016728933074218338,0.012546699805663752,0.029275632879882087,0.012546699805663752,0.02091116634277292
718,0.048095682588377715,0.04713448386567567,0.012546699805663752,0.02091116634277292,0.016728933074218338,0.012546699805663752,0.029275632879882087,0.012546699805663752,0.02091116634277292
719,0.048095682588377715,0.04713448386567567,0.012546699805663752,0.02091116634277292,0.016728933074218338,0.012546699805663752,0.029275632879882087,0.016728933074218338,0.02091116634277292
720,0.048095682588377715,0.04713448386567567,0.012546699805663752,0.02091116634277292,0.012546699805663752,0.012546699805663752,0.029275632879882087,0.012546699805663752,0.02091116634277292
721,0.048095682588377715,0.04713448386567567,0.012546699805663752,0.02091116634277292,0.016728933074218338,0.012546699805663752,0.029275632879882087,0.012546699805663752,0.02091116634277292
722,0.048095682588377715,0.04713448386567567,0.012546699805663752,0.02091116634277292,0.016728933074218338,0.012546699805663752,0.029275632879882087,0.012546699805663752,0.02091116634277292
723,0.048095682588377715,0.04713448386567567,0.012546699805663752,0.02091116634277292,0.016728933074218338,0.012546699805663752,0.029275632879882087,0.012546699805663752,0.02091116634277292
724,0.048095682588377715,0.04713448386567567,0.012546699805663752,0.02091116634277292,0.016728933074218338,0.012546699805663752,0.029275632879882087,0.016728933074218338,0.02091116634277292
725,0.048095682588377715,0.04713448386567567,0.012546699805663752,0.02091116634277292,0.016728933074218338,0.012546699805663752,0.029275632879882087,0.012546699805663752,0.02091116634277292
726,0.048095682588377715,0.04713448386567567,0.012546699805663752,0.02091116634277292,0.016728933074218338,0.012546699805663752,0.029275632879882087,0.012546699805663752,0.02091116634277292
727,0.048095682588377715,0.04713448386567567,0.012546699805663752,0.02091116634277292,0.016728933074218338,0.012546699805663752,0.029275632879882087,0.016728933074218338,0.02091116634277292
728,0.048095682588377715,0.04713448386567567,0.012546699805663752,0.02091116634277292,0.016728933074218338,0.012546699805663752,0.029275632879882087,0.012546699805663752,0.02091116634277292
729,0.048095682588377715,0.04713448386567567,0.012546699805663752,0.02091116634277292,0.016728933074218338,0.012546699805663752,0.029275632879882087,0.012546699805663752,0.02091116634277292
730,0.048095682588377715,0.04713448386567567,0.012546699805663752,0.02091116634277292,0.016728933074218338,0.012546699805663752,0.029275632879882087,0.016728933074218338,0.02091116634277292
731,0.048095682588377715,0.04713448386567567,0.012546699805663752,0.02091116634277292,0.016728933074218338,0.012546699805663752,0.029275632879882087,0.012546699805663752,0.02091116634277292
732,0.048095682588377715,0.04713448386567567,0.012546699805663752,0.02091116634277292,0.016728933074218338,0.012546699805663752,0.029275632879882087,0.012546699805663752,0.02091116634277292
733,0.048095682588377715,0.04713448386567567,0.012546699805663752,0.02091116634277292,0.016728933074218338,0.012546699805663752,0.029275632879882087,0.012546699805663752,0.02091116634277292
734,0.048095682588377715,0.04713448386567567,0.012546699805663752,0.02091116634277292,0.016728933074218338,0.012546699805663752,0.029275632879882087,0.012546699805663752,0.02091116634277292
735,0.048095682588377715,0.04713448386567567,0.012546699805663752,0.02091116634277292,0.016728933074218338,0.012546699805663752,0.029275632879882087,0.012546699805663752,0.02091116634277292
736,0.048095682588377715,0.04713448386567567,0.012546699805663752,0.02091116634277292,0.016728933074218338,0.012546699805663752,0.029275632879882087,0.012546699805663752,0.02091116634277292
737,0.048095682588377715,0.04713448386567567,0.012546699805663752,0.02091116634277292,0.016728933074218338,0.012546699805663752,0.029275632879882087,0.012546699805663752,0.02091116634277292
738,0.048095682588377715,0.04713448386567567,0.012546699805663752,0.02091116634277292,0.016728933074218338,0.012546699805663752,0.029275632879882087,0.012546699805663752,0.02091116634277292
739,0.048095682588377715,0.04713448386567567,0.012546699805663752,0.02091116634277292,0.016728933074218338,0.012546699805663752,0.029275632879882087,0.012546699805663752,0.02091116634277292
740,0.048095682588377715,0.04713448386567567,0.012546699805663752,0.02091116634277292,0.016728933074218338,0.012546699805663752,0.029275632879882087,0.012546699805663752,0.02091116634277292
741,0.048095682588377715,0.04713448386567567,0.012546699805663752,0.02091116634277292,0.016728933074218338,0.012546699805663752,0.029275632879882087,0.012546699805663752,0.02091116634277292
742,0.048095682588377715,0.04713448386567567,0.012546699805663752,0.02091116634277292,0.016728933074218338,0.012546699805663752,0.029275632879882087,0.012546699805663752,0.02091116634277292
743,0.048095682588377715,0.04713448386567567,0.012546699805663752,0.02091116634277292,0.016728933074218338,0.012546699805663752,0.029275632879882087,0.016728933074218338,0.02091116634277292
744,0.048095682588377715,0.04713448386567567,0.012546699805663752,0.02091116634277292,0.016728933074218338,0.012546699805663752,0.029275632879882087,0.012546699805663752,0.02091116634277292
745,0.048095682588377715,0.04713448386567567,0.012546699805663752,0.02091116634277292,0.016728933074218338,0.012546699805663752,0.029275632879882087,0.012546699805663752,0.02091116634277292
746,0.048095682588377715,0.04713448386567567,0.012546699805663752,0.02091116634277292,0.016728933074218338,0.012546699805663752,0.029275632879882087,0.012546699805663752,0.02091116634277292
747,0.048095682588377715,0.04713448386567567,0.012546699805663752,0.02091116634277292,0.016728933074218338,0.012546699805663752,0.029275632879882087,0.012546699805663752,0.02091116634277292
748,0.048095682588377715,0.04713448386567567,0.012546699805663752,0.02091116634277292,0.016728933074218338,0.012546699805663752,0.029275632879882087,0.012546699805663752,0.02091116634277292
749,0.048095682588377715,0.04713448386567567,0.012546699805663752,0.02091116634277292,0.012546699805663752,0.012546699805663752,0.029275632879882087,0.012546699805663752,0.02091116634277292
750,0.048095682588377715,0.04713448386567567,0.012546699805663752,0.02091116634277292,0.016728933074218338,0.012546699805663752,0.029275632879882087,0.012546699805663752,0.02091116634277292
751,0.048095682588377715,0.04713448386567567,0.012546699805663752,0.02091116634277292,0.016728933074218338,0.012546699805663752,0.029275632879882087,0.012546699805663752,0.02091116634277292
752,0.048095682588377715,0.04713448386567567,0.012546699805663752,0.02091116634277292,0.016728933074218338,0.012546699805663752,0.029275632879882087,0.012546699805663752,0.02091116634277292
753,0.048095682588377715,0.04713448386567567,0.012546699805663752,0.02091116634277292,0.016728933074218338,0.012546699805663752,0.029275632879882087,0.012546699805663752,0.02091116634277292
754,0.048095682588377715,0.04713448386567567,0.012546699805663752,0.02091116634277292,0.016728933074218338,0.012546699805663752,0.029275632879882087,0.012546699805663752,0.02091116634277292
755,0.048095682588377715,0.04713448386567567,0.012546699805663752,0.02091116634277292,0.016728933074218338,0.012546699805663752,0.029275632879882087,0.012546699805663752,0.02091116634277292
756,0.048095682588377715,0.04713448386567567,0.012546699805663752,0.02091116634277292,0.016728933074218338,0.012546699805663752,0.029275632879882087,0.012546699805663752,0.02091116634277292
757,0.048095682588377715,0.04713448386567567,0.012546699805663752,0.02091116634277292,0.016728933074218338,0.012546699805663752,0.029275632879882087,0.012546699805663752,0.02091116634277292
758,0.048095682588377715,0.04713448386567567,0.012546699805663752,0.02091116634277292,0.016728933074218338,0.012546699805663752,0.029275632879882087,0.012546699805663752,0.02091116634277292
759,0.048095682588377715,0.04713448386567567,0.012546699805663752,0.02091116634277292,0.016728933074218338,0.012546699805663752,0.029275632879882087,0.012546699805663752,0.02091116634277292
760,0.048095682588377715,0.04713448386567567,0.012546699805663752,0.02091116634277292,0.016728933074218338,0.012546699805663752,0.029275632879882087,0.016728933074218338,0.02091116634277292
761,0.048095682588377715,0.04713448386567567,0.012546699805663752,0.02091116634277292,0.016728933074218338,0.012546699805663752,0.029275632879882087,0.012546699805663752,0.02091116634277292
762,0.048095682588377715,0.04713448386567567,0.012546699805663752,0.02091116634277292,0.016728933074218338,0.012546699805663752,0.029275632879882087,0.016728933074218338,0.02091116634277292
763,0.048095682588377715,0.04713448386567567,0.012546699805663752,0.02091116634277292,0.016728933074218338,0.012546699805663752,0.029275632879882087,0.012546699805663752,0.02091116634277292
764,0.048095682588377715,0.04713448386567567,0.012546699805663752,0.02091116634277292,0.016728933074218338,0.012546699805663752,0.029275632879882087,0.012546699805663752,0.02091116634277292
765,0.048095682588377715,0.04713448386567567,0.012546699805663752,0.02091116634277292,0.016728933074218338,0.012546699805663752,0.029275632879882087,0.012546699805663752,0.02091116634277292
766,0.048095682588377715,0.04713448386567567,0.012546699805663752,0.02091116634277292,0.016728933074218338,0.012546699805663752,0.029275632879882087,0.012546699805663752,0.02091116634277292
767,0.048095682588377715,0.04713448386567567,0.012546699805663752,0.02091116634277292,0.016728933074218338,0.012546699805663752,0.029275632879882087,0.012546699805663752,0.02091116634277292
768,0.048095682588377715,0.04713448386567567,0.012546699805663752,0.02091116634277292,0.016728933074218338,0.012546699805663752,0.029275632879882087,0.016728933074218338,0.02091116634277292
769,0.048095682588377715,0.04713448386567567,0.012546699805663752,0.02091116634277292,0.016728933074218338,0.012546699805663752,0.029275632879882087,0.016728933074218338,0.02091116634277292
770,0.048095682588377715,0.04713448386567567,0.012546699805663752,0.02091116634277292,0.012546699805663752,0.012546699805663752,0.029275632879882087,0.012546699805663752,0.02091116634277292
771,0.048095682588377715,0.04713448386567567,0.012546699805663752,0.02091116634277292,0.016728933074218338,0.012546699805663752,0.029275632879882087,0.016728933074218338,0.02091116634277292
772,0.048095682588377715,0.04713448386567567,0.012546699805663752,0.02091116634277292,0.016728933074218338,0.012546699805663752,0.029275632879882087,0.016728933074218338,0.02091116634277292
773,0.048095682588377715,0.04713448386567567,0.012546699805663752,0.02091116634277292,0.016728933074218338,0.012546699805663752,0.029275632879882087,0.016728933074218338,0.02091116634277292
774,0.048095682588377715,0.04713448386567567,0.012546699805663752,0.02091116634277292,0.016728933074218338,0.012546699805663752,0.029275632879882087,0.016728933074218338,0.02091116634277292
775,0.048095682588377715,0.04713448386567567,0.012546699805663752,0.02091116634277292,0.016728933074218338,0.012546699805663752,0.029275632879882087,0.012546699805663752,0.02091116634277292
776,0.048095682588377715,0.04713448386567567,0.012546699805663752,0.02091116634277292,0.016728933074218338,0.012546699805663752,0.029275632879882087,0.012546699805663752,0.02091116634277292
777,0.048095682588377715,0.04713448386567567,0.012546699805663752,0.02091116634277292,0.016728933074218338,0.012546699805663752,0.029275632879882087,0.012546699805663752,0.02091116634277292
778,0.048095682588377715,0.04713448386567567,0.012546699805663752,0.02091116634277292,0.016728933074218338,0.012546699805663752,0.029275632879882087,0.012546699805663752,0.02091116634277292
779,0.048095682588377715,0.04713448386567567,0.012546699805663752,0.02091116634277292,0.016728933074218338,0.012546699805663752,0.029275632879882087,0.012546699805663752,0.02091116634277292
780,0.048095682588377715,0.04713448386567567,0.012546699805663752,0.02091116634277292,0.016728933074218338,0.012546699805663752,0.029275632879882087,0.016728933074218338,0.02091116634277292
781,0.048095682588377715,0.04713448386567567,0.012546699805663752,0.02091116634277292,0.016728933074218338,0.012546699805663752,0.029275632879882087,0.012546699805663752,0.02091116634277292
782,0.048095682588377715,0.04713448386567567,0.012546699805663752,0.02091116634277292,0.016728933074218338,0.012546699805663752,0.029275632879882087,0.012546699805663752,0.02091116634277292
783,0.048095682588377715,0.04713448386567567,0.012546699805663752,0.02091116634277292,0.016728933074218338,0.012546699805663752,0.029275632879882087,0.012546699805663752,0.02091116634277292
784,0.048095682588377715,0.04713448386567567,0.012546699805663752,0.02091116634277292,0.016728933074218338,0.012546699805663752,0.029275632879882087,0.012546699805663752,0.02091116634277292
785,0.048095682588377715,0.04713448386567567,0.012546699805663752,0.02091116634277292,0.016728933074218338,0.012546699805663752,0.029275632879882087,0.012546699805663752,0.02091116634277292
786,0.048095682588377715,0.04713448386567567,0.012546699805663752,0.02091116634277292,0.016728933074218338,0.012546699805663752,0.029275632879882087,0.012546699805663752,0.02091116634277292
787,0.048095682588377715,0.04713448386567567,0.012546699805663752,0.02091116634277292,0.016728933074218338,0.012546699805663752,0.029275632879882087,0.012546699805663752,0.02091116634277292
788,0.048095682588377715,0.04713448386567567,0.012546699805663752,0.02091116634277292,0.016728933074218338,0.012546699805663752,0.029275632879882087,0.012546699805663752,0.02091116634277292
789,0.048095682588377715,0.04713448386567567,0.012546699805663752,0.02091116634277292,0.016728933074218338,0.012546699805663752,0.029275632879882087,0.012546699805663752,0.02091116634277292
790,0.048095682588377715,0.04713448386567567,0.012546699805663752,0.02091116634277292,0.016728933074218338,0.012546699805663752,0.029275632879882087,0.016728933074218338,0.02091116634277292
791,0.048095682588377715,0.04713448386567567,0.012546699805663752,0.02091116634277292,0.016728933074218338,0.012546699805663752,0.029275632879882087,0.012546699805663752,0.02091116634277292
792,0.048095682588377715,0.04713448386567567,0.012546699805663752,0.02091116634277292,0.016728933074218338,0.012546699805663752,0.029275632879882087,0.012546699805663752,0.02091116634277292
793,0.048095682588377715,0.04713448386567567,0.012546699805663752,0.02091116634277292,0.016728933074218338,0.012546699805663752,0.029275632879882087,0.016728933074218338,0.02091116634277292
794,0.048095682588377715,0.04713448386567567,0.012546699805663752,0.02091116634277292,0.016728933074218338,0.012546699805663752,0.029275632879882087,0.012546699805663752,0.02091116634277292
795,0.048095682588377715,0.04713448386567567,0.012546699805663752,0.02091116634277292,0.016728933074218338,0.012546699805663752,0.029275632879882087,0.016728933074218338,0.02091116634277292
796,0.048095682588377715,0.04713448386567567,0.012546699805663752,0.02091116634277292,0.016728933074218338,0.012546699805663752,0.029275632879882087,0.012546699805663752,0.02091116634277292
797,0.048095682588377715,0.04713448386567567,0.012546699805663752,0.02091116634277292,0.016728933074218338,0.012546699805663752,0.029275632879882087,0.012546699805663752,0.02091116634277292
798,0.048095682588377715,0.04713448386567567,0.012546699805663752,0.02091116634277292,0.016728933074218338,0.012546699805663752,0.029275632879882087,0.012546699805663752,0.02091116634277292
799,0.048095682588377715,0.04713448386567567,0.012546699805663752,0.02091116634277292,0.016728933074218338,0.012546699805663752,0.029275632879882087,0.012546699805663752,0.02091116634277292
800,0.048095682588377715,0.04713448386567567,0.012546699805663752,0.02091116634277292,0.016728933074218338,0.012546699805663752,0.029275632879882087,0.016728933074218338,0.02091116634277292
801,0.048095682588377715,0.04713448386567567,0.012546699805663752,0.02091116634277292,0.016728933074218338,0.012546699805663752,0.029275632879882087,0.016728933074218338,0.02091116634277292
802,0.048095682588377715,0.04713448386567567,0.012546699805663752,0.02091116634277292,0.016728933074218338,0.012546699805663752,0.029275632879882087,0.012546699805663752,0.02091116634277292
803,0.048095682588377715,0.04713448386567567,0.012546699805663752,0.02091116634277292,0.016728933074218338,0.012546699805663752,0.029275632879882087,0.016728933074218338,0.02091116634277292
804,0.048095682588377715,0.04713448386567567,0.012546699805663752,0.02091116634277292,0.016728933074218338,0.012546699805663752,0.029275632879882087,0.012546699805663752,0.02091116634277292
805,0.048095682588377715,0.04713448386567567,0.012546699805663752,0.02091116634277292,0.016728933074218338,0.012546699805663752,0.029275632879882087,0.016728933074218338,0.02091116634277292
806,0.048095682588377715,0.04713448386567567,0.012546699805663752,0.02091116634277292,0.016728933074218338,0.012546699805663752,0.029275632879882087,0.012546699805663752,0.02091116634277292
807,0.048095682588377715,0.04713448386567567,0.012546699805663752,0.02091116634277292,0.016728933074218338,0.012546699805663752,0.029275632879882087,0.012546699805663752,0.02091116634277292
808,0.048095682588377715,0.04713448386567567,0.012546699805663752,0.02091116634277292,0.016728933074218338,0.012546699805663752,0.029275632879882087,0.012546699805663752,0.02091116634277292
809,0.048095682588377715,0.04713448386567567,0.012546699805663752,0.02091116634277292,0.016728933074218338,0.012546699805663752,0.029275632879882087,0.012546699805663752,0.02091116634277292
810,0.048095682588377715,0.04713448386567567,0.012546699805663752,0.02091116634277292,0.016728933074218338,0.012546699805663752,0.029275632879882087,0.016728933074218338,0.02091116634277292
811,0.048095682588377715,0.04713448386567567,0.012546699805663752,0.02091116634277292,0.016728933074218338,0.012546699805663752,0.029275632879882087,0.012546699805663752,0.02091116634277292
812,0.048095682588377715,0.04713448386567567,0.012546699805663752,0.02091116634277292,0.012546699805663752,0.012546699805663752,0.029275632879882087,0.012546699805663752,0.02091116634277292
813,0.048095682588377715,0.04713448386567567,0.012546699805663752,0.02091116634277292,0.016728933074218338,0.012546699805663752,0.029275632879882087,0.012546699805663752,0.02091116634277292
814,0.048095682588377715,0.04713448386567567,0.012546699805663752,0.02091116634277292,0.016728933074218338,0.012546699805663752,0.029275632879882087,0.012546699805663752,0.02091116634277292
815,0.048095682588377715,0.04713448386567567,0.012546699805663752,0.02091116634277292,0.016728933074218338,0.012546699805663752,0.029275632879882087,0.016728933074218338,0.02091116634277292
816,0.048095682588377715,0.04713448386567567,0.012546699805663752,0.02091116634277292,0.016728933074218338,0.012546699805663752,0.029275632879882087,0.012546699805663752,0.02091116634277292
817,0.048095682588377715,0.04713448386567567,0.012546699805663752,0.02091116634277292,0.016728933074218338,0.012546699805663752,0.029275632879882087,0.016728933074218338,0.02091116634277292
818,0.048095682588377715,0.04713448386567567,0.012546699805663752,0.02091116634277292,0.016728933074218338,0.012546699805663752,0.029275632879882087,0.012546699805663752,0.02091116634277292
819,0.048095682588377715,0.04713448386567567,0.012546699805663752,0.02091116634277292,0.016728933074218338,0.012546699805663752,0.029275632879882087,0.012546699805663752,0.02091116634277292
820,0.048095682588377715,0.04713448386567567,0.012546699805663752,0.02091116634277292,0.016728933074218338,0.012546699805663752,0.029275632879882087,0.012546699805663752,0.02091116634277292
821,0.048095682588377715,0.04713448386567567,0.012546699805663752,0.02091116634277292,0.016728933074218338,0.012546699805663752,0.029275632879882087,0.012546699805663752,0.02091116634277292
822,0.048095682588377715,0.04713448386567567,0.012546699805663752,0.02091116634277292,0.016728933074218338,0.012546699805663752,0.029275632879882087,0.012546699805663752,0.02091116634277292
823,0.048095682588377715,0.04713448386567567,0.012546699805663752,0.02091116634277292,0.016728933074218338,0.012546699805663752,0.029275632879882087,0.012546699805663752,0.02091116634277292
824,0.048095682588377715,0.04713448386567567,0.012546699805663752,0.02091116634277292,0.016728933074218338,0.012546699805663752,0.029275632879882087,0.012546699805663752,0.02091116634277292
825,0.048095682588377715,0.04713448386567567,0.012546699805663752,0.02091116634277292,0.016728933074218338,0.012546699805663752,0.029275632879882087,0.016728933074218338,0.02091116634277292
826,0.048095682588377715,0.04713448386567567,0.012546699805663752,0.02091116634277292,0.016728933074218338,0.012546699805663752,0.029275632879882087,0.012546699805663752,0.02091116634277292
827,0.048095682588377715,0.04713448386567567,0.012546699805663752,0.02091116634277292,0.016728933074218338,0.012546699805663752,0.029275632879882087,0.016728933074218338,0.02091116634277292
828,0.048095682588377715,0.04713448386567567,0.012546699805663752,0.02091116634277292,0.016728933074218338,0.012546699805663752,0.029275632879882087,0.012546699805663752,0.02091116634277292
829,0.048095682588377715,0.04713448386567567,0.012546699805663752,0.02091116634277292,0.016728933074218338,0.012546699805663752,0.029275632879882087,0.016728933074218338,0.02091116634277292
830,0.048095682588377715,0.04713448386567567,0.012546699805663752,0.02091116634277292,0.016728933074218338,0.012546699805663752,0.029275632879882087,0.012546699805663752,0.02091116634277292
831,0.048095682588377715,0.04713448386567567,0.012546699805663752,0.02091116634277292,0.016728933074218338,0.012546699805663752,0.029275632879882087,0.012546699805663752,0.02091116634277292
832,0.048095682588377715,0.04713448386567567,0.012546699805663752,0.02091116634277292,0.016728933074218338,0.012546699805663752,0.029275632879882087,0.012546699805663752,0.02091116634277292
833,0.048095682588377715,0.04713448386567567,0.012546699805663752,0.02091116634277292,0.016728933074218338,0.012546699805663752,0.029275632879882087,0.012546699805663752,0.02091116634277292
834,0.048095682588377715,0.04713448386567567,0.012546699805663752,0.02091116634277292,0.016728933074218338,0.012546699805663752,0.029275632879882087,0.012546699805663752,0.02091116634277292
835,0.048095682588377715,0.04713448386567567,0.012546699805663752,0.02091116634277292,0.016728933074218338,0.012546699805663752,0.029275632879882087,0.012546699805663752,0.02091116634277292
836,0.048095682588377715,0.04713448386567567,0.012546699805663752,0.02091116634277292,0.016728933074218338,0.012546699805663752,0.029275632879882087,0.016728933074218338,0.02091116634277292
837,0.048095682588377715,0.04713448386567567,0.012546699805663752,0.02091116634277292,0.016728933074218338,0.012546699805663752,0.029275632879882087,0.012546699805663752,0.02091116634277292
838,0.048095682588377715,0.04713448386567567,0.012546699805663752,0.02091116634277292,0.016728933074218338,0.012546699805663752,0.029275632879882087,0.012546699805663752,0.02091116634277292
839,0.048095682588377715,0.04713448386567567,0.012546699805663752,0.02091116634277292,0.016728933074218338,0.012546699805663752,0.029275632879882087,0.016728933074218338,0.02091116634277292
840,0.048095682588377715,0.04713448386567567,0.012546699805663752,0.02091116634277292,0.016728933074218338,0.012546699805663752,0.029275632879882087,0.012546699805663752,0.02091116634277292
841,0.048095682588377715,0.04713448386567567,0.012546699805663752,0.02091116634277292,0.016728933074218338,0.012546699805663752,0.029275632879882087,0.012546699805663752,0.02091116634277292
842,0.048095682588377715,0.04713448386567567,0.012546699805663752,0.02091116634277292,0.016728933074218338,0.012546699805663752,0.029275632879882087,0.012546699805663752,0.02091116634277292
843,0.048095682588377715,0.04713448386567567,0.012546699805663752,0.02091116634277292,0.016728933074218338,0.012546699805663752,0.029275632879882087,0.012546699805663752,0.02091116634277292
844,0.048095682588377715,0.04713448386567567,0.012546699805663752,0.02091116634277292,0.016728933074218338,0.012546699805663752,0.029275632879882087,0.012546699805663752,0.02091116634277292
845,0.048095682588377715,0.04713448386567567,0.012546699805663752,0.02091116634277292,0.016728933074218338,0.012546699805663752,0.029275632879882087,0.012546699805663752,0.02091116634277292
846,0.048095682588377715,0.04713448386567567,0.012546699805663752,0.02091116634277292,0.016728933074218338,0.012546699805663752,0.029275632879882087,0.012546699805663752,0.02091116634277292
847,0.048095682588377715,0.04713448386567567,0.012546699805663752,0.02091116634277292,0.016728933074218338,0.012546699805663752,0.029275632879882087,0.012546699805663752,0.02091116634277292
848,0.048095682588377715,0.04713448386567567,0.012546699805663752,0.02091116634277292,0.016728933074218338,0.012546699805663752,0.029275632879882087,0.012546699805663752,0.02091116634277292
849,0.048095682588377715,0.04713448386567567,0.012546699805663752,0.02091116634277292,0.016728933074218338,0.012546699805663752,0.029275632879882087,0.012546699805663752,0.02091116634277292
850,0.048095682588377715,0.04713448386567567,0.012546699805663752,0.02091116634277292,0.016728933074218338,0.012546699805663752,0.029275632879882087,0.012546699805663752,0.02091116634277292
851,0.048095682588377715,0.04713448386567567,0.012546699805663752,0.02091116634277292,0.016728933074218338,0.012546699805663752,0.029275632879882087,0.012546699805663752,0.02091116634277292
852,0.048095682588377715,0.04713448386567567,0.012546699805663752,0.02091116634277292,0.016728933074218338,0.012546699805663752,0.029275632879882087,0.012546699805663752,0.02091116634277292
853,0.048095682588377715,0.04713448386567567,0.012546699805663752,0.02091116634277292,0.016728933074218338,0.012546699805663752,0.029275632879882087,0.012546699805663752,0.02091116634277292
854,0.048095682588377715,0.04713448386567567,0.012546699805663752,0.02091116634277292,0.016728933074218338,0.012546699805663752,0.029275632879882087,0.012546699805663752,0.02091116634277292
855,0.048095682588377715,0.04713448386567567,0.012546699805663752,0.02091116634277292,0.016728933074218338,0.012546699805663752,0.029275632879882087,0.012546699805663752,0.02091116634277292
856,0.048095682588377715,0.04713448386567567,0.012546699805663752,0.02091116634277292,0.016728933074218338,0.012546699805663752,0.029275632879882087,0.012546699805663752,0.02091116634277292
857,0.048095682588377715,0.04713448386567567,0.012546699805663752,0.02091116634277292,0.016728933074218338,0.012546699805663752,0.029275632879882087,0.012546699805663752,0.02091116634277292
858,0.048095682588377715,0.04713448386567567,0.012546699805663752,0.02091116634277292,0.016728933074218338,0.012546699805663752,0.029275632879882087,0.012546699805663752,0.02091116634277292
859,0.048095682588377715,0.04713448386567567,0.012546699805663752,0.02091116634277292,0.016728933074218338,0.012546699805663752,0.029275632879882087,0.012546699805663752,0.02091116634277292
860,0.048095682588377715,0.04713448386567567,0.012546699805663752,0.02091116634277292,0.016728933074218338,0.012546699805663752,0.029275632879882087,0.012546699805663752,0.02091116634277292
861,0.048095682588377715,0.04713448386567567,0.012546699805663752,0.02091116634277292,0.016728933074218338,0.012546699805663752,0.029275632879882087,0.012546699805663752,0.02091116634277292
862,0.048095682588377715,0.04713448386567567,0.012546699805663752,0.02091116634277292,0.016728933074218338,0.012546699805663752,0.029275632879882087,0.012546699805663752,0.02091116634277292
863,0.048095682588377715,0.04713448386567567,0.012546699805663752,0.02091116634277292,0.016728933074218338,0.012546699805663752,0.029275632879882087,0.016728933074218338,0.02091116634277292
864,0.048095682588377715,0.04713448386567567,0.012546699805663752,0.02091116634277292,0.016728933074218338,0.012546699805663752,0.029275632879882087,0.012546699805663752,0.02091116634277292
865,0.048095682588377715,0.04713448386567567,0.012546699805663752,0.02091116634277292,0.016728933074218338,0.012546699805663752,0.029275632879882087,0.016728933074218338,0.02091116634277292
866,0.048095682588377715,0.04713448386567567,0.012546699805663752,0.02091116634277292,0.016728933074218338,0.012546699805663752,0.029275632879882087,0.012546699805663752,0.02091116634277292
867,0.048095682588377715,0.04713448386567567,0.012546699805663752,0.02091116634277292,0.016728933074218338,0.012546699805663752,0.029275632879882087,0.012546699805663752,0.02091116634277292
868,0.048095682588377715,0.04713448386567567,0.012546699805663752,0.02091116634277292,0.016728933074218338,0.012546699805663752,0.029275632879882087,0.012546699805663752,0.02091116634277292
869,0.048095682588377715,0.04713448386567567,0.012546699805663752,0.02091116634277292,0.016728933074218338,0.012546699805663752,0.029275632879882087,0.012546699805663752,0.02091116634277292
870,0.048095682588377715,0.04713448386567567,0.012546699805663752,0.02091116634277292,0.016728933074218338,0.012546699805663752,0.029275632879882087,0.012546699805663752,0.02091116634277292
871,0.048095682588377715,0.04713448386567567,0.012546699805663752,0.02091116634277292,0.016728933074218338,0.012546699805663752,0.029275632879882087,0.016728933074218338,0.02091116634277292
872,0.048095682588377715,0.04713448386567567,0.012546699805663752,0.02091116634277292,0.016728933074218338,0.012546699805663752,0.029275632879882087,0.012546699805663752,0.02091116634277292
873,0.048095682588377715,0.04713448386567567,0.012546699805663752,0.02091116634277292,0.016728933074218338,0.012546699805663752,0.029275632879882087,0.012546699805663752,0.02091116634277292
874,0.048095682588377715,0.04713448386567567,0.012546699805663752,0.02091116634277292,0.016728933074218338,0.012546699805663752,0.029275632879882087,0.012546699805663752,0.02091116634277292
875,0.048095682588377715,0.04713448386567567,0.012546699805663752,0.02091116634277292,0.016728933074218338,0.012546699805663752,0.029275632879882087,0.012546699805663752,0.02091116634277292
876,0.048095682588377715,0.04713448386567567,0.012546699805663752,0.02091116634277292,0.016728933074218338,0.012546699805663752,0.029275632879882087,0.012546699805663752,0.02091116634277292
877,0.048095682588377715,0.04713448386567567,0.012546699805663752,0.02091116634277292,0.012546699805663752,0.012546699805663752,0.029275632879882087,0.012546699805663752,0.02091116634277292
878,0.048095682588377715,0.04713448386567567,0.012546699805663752,0.02091116634277292,0.016728933074218338,0.012546699805663752,0.029275632879882087,0.012546699805663752,0.02091116634277292
879,0.048095682588377715,0.04713448386567567,0.012546699805663752,0.02091116634277292,0.016728933074218338,0.012546699805663752,0.029275632879882087,0.012546699805663752,0.02091116634277292
880,0.048095682588377715,0.04713448386567567,0.012546699805663752,0.02091116634277292,0.016728933074218338,0.012546699805663752,0.029275632879882087,0.012546699805663752,0.02091116634277292
881,0.048095682588377715,0.04713448386567567,0.012546699805663752,0.02091116634277292,0.016728933074218338,0.012546699805663752,0.029275632879882087,0.012546699805663752,0.02091116634277292
882,0.048095682588377715,0.04713448386567567,0.012546699805663752,0.02091116634277292,0.016728933074218338,0.012546699805663752,0.029275632879882087,0.012546699805663752,0.02091116634277292
883,0.048095682588377715,0.04713448386567567,0.012546699805663752,0.02091116634277292,0.016728933074218338,0.012546699805663752,0.029275632879882087,0.012546699805663752,0.02091116634277292
884,0.048095682588377715,0.04713448386567567,0.012546699805663752,0.02091116634277292,0.016728933074218338,0.012546699805663752,0.029275632879882087,0.012546699805663752,0.02091116634277292
885,0.048095682588377715,0.04713448386567567,0.012546699805663752,0.02091116634277292,0.016728933074218338,0.012546699805663752,0.029275632879882087,0.012546699805663752,0.02091116634277292
886,0.048095682588377715,0.04713448386567567,0.012546699805663752,0.02091116634277292,0.016728933074218338,0.012546699805663752,0.029275632879882087,0.012546699805663752,0.02091116634277292
887,0.048095682588377715,0.04713448386567567,0.012546699805663752,0.02091116634277292,0.016728933074218338,0.012546699805663752,0.029275632879882087,0.012546699805663752,0.02091116634277292
888,0.048095682588377715,0.04713448386567567,0.012546699805663752,0.02091116634277292,0.016728933074218338,0.012546699805663752,0.029275632879882087,0.016728933074218338,0.02091116634277292
889,0.048095682588377715,0.04713448386567567,0.012546699805663752,0.02091116634277292,0.016728933074218338,0.012546699805663752,0.029275632879882087,0.012546699805663752,0.02091116634277292
890,0.048095682588377715,0.04713448386567567,0.012546699805663752,0.02091116634277292,0.016728933074218338,0.012546699805663752,0.029275632879882087,0.016728933074218338,0.02091116634277292
891,0.048095682588377715,0.04713448386567567,0.012546699805663752,0.02091116634277292,0.016728933074218338,0.012546699805663752,0.029275632879882087,0.016728933074218338,0.02091116634277292
892,0.048095682588377715,0.04713448386567567,0.012546699805663752,0.02091116634277292,0.016728933074218338,0.012546699805663752,0.029275632879882087,0.012546699805663752,0.02091116634277292
893,0.048095682588377715,0.04713448386567567,0.012546699805663752,0.02091116634277292,0.016728933074218338,0.012546699805663752,0.029275632879882087,0.012546699805663752,0.02091116634277292
894,0.048095682588377715,0.04713448386567567,0.012546699805663752,0.02091116634277292,0.016728933074218338,0.012546699805663752,0.029275632879882087,0.012546699805663752,0.02091116634277292
895,0.048095682588377715,0.04713448386567567,0.012546699805663752,0.02091116634277292,0.016728933074218338,0.012546699805663752,0.029275632879882087,0.012546699805663752,0.02091116634277292
896,0.048095682588377715,0.04713448386567567,0.012546699805663752,0.02091116634277292,0.016728933074218338,0.012546699805663752,0.029275632879882087,0.016728933074218338,0.02091116634277292
897,0.048095682588377715,0.04713448386567567,0.012546699805663752,0.02091116634277292,0.016728933074218338,0.012546699805663752,0.029275632879882087,0.012546699805663752,0.02091116634277292
898,0.048095682588377715,0.04713448386567567,0.012546699805663752,0.02091116634277292,0.016728933074218338,0.012546699805663752,0.029275632879882087,0.012546699805663752,0.02091116634277292
899,0.048095682588377715,0.04713448386567567,0.012546699805663752,0.02091116634277292,0.016728933074218338,0.012546699805663752,0.029275632879882087,0.016728933074218338,0.02091116634277292
900,0.048095682588377715,0.04713448386567567,0.012546699805663752,0.02091116634277292,0.016728933074218338,0.012546699805663752,0.029275632879882087,0.012546699805663752,0.02091116634277292
901,0.048095682588377715,0.04713448386567567,0.012546699805663752,0.02091116634277292,0.016728933074218338,0.012546699805663752,0.029275632879882087,0.012546699805663752,0.02091116634277292
902,0.048095682588377715,0.04713448386567567,0.012546699805663752,0.02091116634277292,0.016728933074218338,0.012546699805663752,0.029275632879882087,0.012546699805663752,0.02091116634277292
903,0.048095682588377715,0.04713448386567567,0.012546699805663752,0.02091116634277292,0.016728933074218338,0.012546699805663752,0.029275632879882087,0.012546699805663752,0.02091116634277292
904,0.048095682588377715,0.04713448386567567,0.012546699805663752,0.02091116634277292,0.016728933074218338,0.012546699805663752,0.029275632879882087,0.012546699805663752,0.02091116634277292
905,0.048095682588377715,0.04713448386567567,0.012546699805663752,0.02091116634277292,0.016728933074218338,0.012546699805663752,0.029275632879882087,0.012546699805663752,0.02091116634277292
906,0.048095682588377715,0.04713448386567567,0.012546699805663752,0.02091116634277292,0.016728933074218338,0.012546699805663752,0.029275632879882087,0.012546699805663752,0.02091116634277292
907,0.048095682588377715,0.04713448386567567,0.012546699805663752,0.02091116634277292,0.016728933074218338,0.012546699805663752,0.029275632879882087,0.012546699805663752,0.02091116634277292
908,0.048095682588377715,0.04713448386567567,0.012546699805663752,0.02091116634277292,0.016728933074218338,0.012546699805663752,0.029275632879882087,0.012546699805663752,0.02091116634277292
909,0.048095682588377715,0.04713448386567567,0.012546699805663752,0.02091116634277292,0.016728933074218338,0.012546699805663752,0.029275632879882087,0.012546699805663752,0.02091116634277292
910,0.048095682588377715,0.04713448386567567,0.012546699805663752,0.02091116634277292,0.016728933074218338,0.012546699805663752,0.029275632879882087,0.012546699805663752,0.02091116634277292
911,0.048095682588377715,0.04713448386567567,0.012546699805663752,0.02091116634277292,0.016728933074218338,0.012546699805663752,0.029275632879882087,0.012546699805663752,0.02091116634277292
912,0.048095682588377715,0.04713448386567567,0.012546699805663752,0.02091116634277292,0.016728933074218338,0.012546699805663752,0.029275632879882087,0.012546699805663752,0.02091116634277292
913,0.048095682588377715,0.04713448386567567,0.012546699805663752,0.02091116634277292,0.016728933074218338,0.012546699805663752,0.029275632879882087,0.012546699805663752,0.02091116634277292
914,0.048095682588377715,0.04713448386567567,0.012546699805663752,0.02091116634277292,0.016728933074218338,0.012546699805663752,0.029275632879882087,0.012546699805663752,0.02091116634277292
915,0.048095682588377715,0.04713448386567567,0.012546699805663752,0.02091116634277292,0.016728933074218338,0.012546699805663752,0.029275632879882087,0.012546699805663752,0.02091116634277292
916,0.048095682588377715,0.04713448386567567,0.012546699805663752,0.02091116634277292,0.016728933074218338,0.012546699805663752,0.029275632879882087,0.016728933074218338,0.02091116634277292
917,0.048095682588377715,0.04713448386567567,0.012546699805663752,0.02091116634277292,0.016728933074218338,0.012546699805663752,0.029275632879882087,0.012546699805663752,0.02091116634277292
918,0.048095682588377715,0.04713448386567567,0.012546699805663752,0.02091116634277292,0.016728933074218338,0.012546699805663752,0.029275632879882087,0.012546699805663752,0.02091116634277292
919,0.048095682588377715,0.04713448386567567,0.012546699805663752,0.02091116634277292,0.016728933074218338,0.012546699805663752,0.029275632879882087,0.012546699805663752,0.02091116634277292
920,0.048095682588377715,0.04713448386567567,0.012546699805663752,0.02091116634277292,0.016728933074218338,0.012546699805663752,0.029275632879882087,0.012546699805663752,0.02091116634277292
921,0.048095682588377715,0.04713448386567567,0.012546699805663752,0.02091116634277292,0.016728933074218338,0.012546699805663752,0.029275632879882087,0.012546699805663752,0.02091116634277292
922,0.048095682588377715,0.04713448386567567,0.012546699805663752,0.02091116634277292,0.016728933074218338,0.012546699805663752,0.029275632879882087,0.012546699805663752,0.02091116634277292
923,0.048095682588377715,0.04713448386567567,0.012546699805663752,0.02091116634277292,0.016728933074218338,0.012546699805663752,0.029275632879882087,0.016728933074218338,0.02091116634277292
924,0.048095682588377715,0.04713448386567567,0.012546699805663752,0.02091116634277292,0.016728933074218338,0.012546699805663752,0.029275632879882087,0.012546699805663752,0.02091116634277292
925,0.048095682588377715,0.04713448386567567,0.012546699805663752,0.02091116634277292,0.016728933074218338,0.012546699805663752,0.029275632879882087,0.012546699805663752,0.02091116634277292
926,0.048095682588377715,0.04713448386567567,0.012546699805663752,0.02091116634277292,0.016728933074218338,0.012546699805663752,0.029275632879882087,0.012546699805663752,0.02091116634277292
927,0.048095682588377715,0.04713448386567567,0.012546699805663752,0.02091116634277292,0.016728933074218338,0.012546699805663752,0.029275632879882087,0.012546699805663752,0.02091116634277292
928,0.048095682588377715,0.04713448386567567,0.012546699805663752,0.02091116634277292,0.016728933074218338,0.012546699805663752,0.029275632879882087,0.012546699805663752,0.02091116634277292
929,0.048095682588377715,0.04713448386567567,0.012546699805663752,0.02091116634277292,0.016728933074218338,0.012546699805663752,0.029275632879882087,0.012546699805663752,0.02091116634277292
930,0.048095682588377715,0.04713448386567567,0.012546699805663752,0.02091116634277292,0.016728933074218338,0.012546699805663752,0.029275632879882087,0.012546699805663752,0.02091116634277292
931,0.048095682588377715,0.04713448386567567,0.012546699805663752,0.02091116634277292,0.016728933074218338,0.012546699805663752,0.029275632879882087,0.012546699805663752,0.02091116634277292
932,0.048095682588377715,0.04713448386567567,0.012546699805663752,0.02091116634277292,0.016728933074218338,0.012546699805663752,0.029275632879882087,0.012546699805663752,0.02091116634277292
933,0.048095682588377715,0.04713448386567567,0.012546699805663752,0.02091116634277292,0.016728933074218338,0.012546699805663752,0.029275632879882087,0.012546699805663752,0.02091116634277292
934,0.048095682588377715,0.04713448386567567,0.012546699805663752,0.02091116634277292,0.016728933074218338,0.012546699805663752,0.029275632879882087,0.016728933074218338,0.02091116634277292
935,0.048095682588377715,0.04713448386567567,0.012546699805663752,0.02091116634277292,0.016728933074218338,0.012546699805663752,0.029275632879882087,0.012546699805663752,0.02091116634277292
936,0.048095682588377715,0.04713448386567567,0.012546699805663752,0.02091116634277292,0.016728933074218338,0.012546699805663752,0.029275632879882087,0.012546699805663752,0.02091116634277292
937,0.048095682588377715,0.04713448386567567,0.012546699805663752,0.02091116634277292,0.016728933074218338,0.012546699805663752,0.029275632879882087,0.012546699805663752,0.02091116634277292
938,0.048095682588377715,0.04713448386567567,0.012546699805663752,0.02091116634277292,0.016728933074218338,0.012546699805663752,0.029275632879882087,0.012546699805663752,0.02091116634277292
939,0.048095682588377715,0.04713448386567567,0.012546699805663752,0.02091116634277292,0.016728933074218338,0.012546699805663752,0.029275632879882087,0.012546699805663752,0.02091116634277292
940,0.048095682588377715,0.04713448386567567,0.012546699805663752,0.02091116634277292,0.016728933074218338,0.012546699805663752,0.029275632879882087,0.012546699805663752,0.02091116634277292
941,0.048095682588377715,0.04713448386567567,0.012546699805663752,0.02091116634277292,0.016728933074218338,0.012546699805663752,0.029275632879882087,0.012546699805663752,0.02091116634277292
942,0.048095682588377715,0.04713448386567567,0.012546699805663752,0.02091116634277292,0.016728933074218338,0.012546699805663752,0.029275632879882087,0.012546699805663752,0.02091116634277292
943,0.048095682588377715,0.04713448386567567,0.012546699805663752,0.02091116634277292,0.016728933074218338,0.012546699805663752,0.029275632879882087,0.016728933074218338,0.02091116634277292
944,0.048095682588377715,0.04713448386567567,0.012546699805663752,0.02091116634277292,0.016728933074218338,0.012546699805663752,0.029275632879882087,0.012546699805663752,0.02091116634277292
945,0.048095682588377715,0.04713448386567567,0.012546699805663752,0.02091116634277292,0.016728933074218338,0.012546699805663752,0.029275632879882087,0.012546699805663752,0.02091116634277292
946,0.048095682588377715,0.04713448386567567,0.012546699805663752,0.02091116634277292,0.016728933074218338,0.012546699805663752,0.029275632879882087,0.012546699805663752,0.02091116634277292
947,0.048095682588377715,0.04713448386567567,0.012546699805663752,0.02091116634277292,0.016728933074218338,0.012546699805663752,0.029275632879882087,0.016728933074218338,0.02091116634277292
948,0.048095682588377715,0.04713448386567567,0.012546699805663752,0.02091116634277292,0.016728933074218338,0.012546699805663752,0.029275632879882087,0.016728933074218338,0.02091116634277292
949,0.048095682588377715,0.04713448386567567,0.012546699805663752,0.02091116634277292,0.016728933074218338,0.012546699805663752,0.029275632879882087,0.012546699805663752,0.02091116634277292
950,0.048095682588377715,0.04713448386567567,0.012546699805663752,0.02091116634277292,0.016728933074218338,0.012546699805663752,0.029275632879882087,0.016728933074218338,0.02091116634277292
951,0.048095682588377715,0.04713448386567567,0.012546699805663752,0.02091116634277292,0.016728933074218338,0.012546699805663752,0.029275632879882087,0.012546699805663752,0.02091116634277292
952,0.048095682588377715,0.04713448386567567,0.012546699805663752,0.02091116634277292,0.016728933074218338,0.012546699805663752,0.029275632879882087,0.012546699805663752,0.02091116634277292
953,0.048095682588377715,0.04713448386567567,0.012546699805663752,0.02091116634277292,0.016728933074218338,0.012546699805663752,0.029275632879882087,0.012546699805663752,0.02091116634277292
954,0.048095682588377715,0.04713448386567567,0.012546699805663752,0.02091116634277292,0.016728933074218338,0.012546699805663752,0.029275632879882087,0.012546699805663752,0.02091116634277292
955,0.048095682588377715,0.04713448386567567,0.012546699805663752,0.02091116634277292,0.016728933074218338,0.012546699805663752,0.029275632879882087,0.016728933074218338,0.02091116634277292
956,0.048095682588377715,0.04713448386567567,0.012546699805663752,0.02091116634277292,0.016728933074218338,0.012546699805663752,0.029275632879882087,0.012546699805663752,0.02091116634277292
957,0.048095682588377715,0.04713448386567567,0.012546699805663752,0.02091116634277292,0.016728933074218338,0.012546699805663752,0.029275632879882087,0.012546699805663752,0.02091116634277292
958,0.048095682588377715,0.04713448386567567,0.012546699805663752,0.02091116634277292,0.016728933074218338,0.012546699805663752,0.029275632879882087,0.016728933074218338,0.02091116634277292
959,0.048095682588377715,0.04713448386567567,0.012546699805663752,0.02091116634277292,0.016728933074218338,0.012546699805663752,0.029275632879882087,0.012546699805663752,0.02091116634277292
960,0.048095682588377715,0.04713448386567567,0.012546699805663752,0.02091116634277292,0.016728933074218338,0.012546699805663752,0.029275632879882087,0.016728933074218338,0.02091116634277292
961,0.048095682588377715,0.04713448386567567,0.012546699805663752,0.02091116634277292,0.016728933074218338,0.012546699805663752,0.029275632879882087,0.012546699805663752,0.02091116634277292
962,0.048095682588377715,0.04713448386567567,0.012546699805663752,0.02091116634277292,0.016728933074218338,0.012546699805663752,0.029275632879882087,0.012546699805663752,0.02091116634277292
963,0.048095682588377715,0.04713448386567567,0.012546699805663752,0.02091116634277292,0.016728933074218338,0.012546699805663752,0.029275632879882087,0.016728933074218338,0.02091116634277292
964,0.048095682588377715,0.04713448386567567,0.012546699805663752,0.02091116634277292,0.016728933074218338,0.012546699805663752,0.029275632879882087,0.012546699805663752,0.02091116634277292
965,0.048095682588377715,0.04713448386567567,0.012546699805663752,0.02091116634277292,0.012546699805663752,0.012546699805663752,0.029275632879882087,0.012546699805663752,0.02091116634277292
966,0.048095682588377715,0.04713448386567567,0.012546699805663752,0.02091116634277292,0.016728933074218338,0.012546699805663752,0.029275632879882087,0.012546699805663752,0.02091116634277292
967,0.048095682588377715,0.04713448386567567,0.012546699805663752,0.02091116634277292,0.016728933074218338,0.012546699805663752,0.029275632879882087,0.012546699805663752,0.02091116634277292
968,0.048095682588377715,0.04713448386567567,0.012546699805663752,0.02091116634277292,0.016728933074218338,0.012546699805663752,0.029275632879882087,0.012546699805663752,0.02091116634277292
969,0.048095682588377715,0.04713448386567567,0.012546699805663752,0.02091116634277292,0.016728933074218338,0.012546699805663752,0.029275632879882087,0.012546699805663752,0.02091116634277292
970,0.048095682588377715,0.04713448386567567,0.012546699805663752,0.02091116634277292,0.016728933074218338,0.012546699805663752,0.029275632879882087,0.012546699805663752,0.02091116634277292
971,0.048095682588377715,0.04713448386567567,0.012546699805663752,0.02091116634277292,0.016728933074218338,0.012546699805663752,0.029275632879882087,0.012546699805663752,0.02091116634277292
972,0.048095682588377715,0.04713448386567567,0.012546699805663752,0.02091116634277292,0.016728933074218338,0.012546699805663752,0.029275632879882087,0.012546699805663752,0.02091116634277292
973,0.048095682588377715,0.04713448386567567,0.012546699805663752,0.02091116634277292,0.016728933074218338,0.012546699805663752,0.029275632879882087,0.012546699805663752,0.02091116634277292
974,0.048095682588377715,0.04713448386567567,0.012546699805663752,0.02091116634277292,0.016728933074218338,0.012546699805663752,0.029275632879882087,0.012546699805663752,0.02091116634277292
975,0.048095682588377715,0.04713448386567567,0.012546699805663752,0.02091116634277292,0.016728933074218338,0.012546699805663752,0.029275632879882087,0.012546699805663752,0.02091116634277292
976,0.048095682588377715,0.04713448386567567,0.012546699805663752,0.02091116634277292,0.016728933074218338,0.012546699805663752,0.029275632879882087,0.012546699805663752,0.02091116634277292
977,0.048095682588377715,0.04713448386567567,0.012546699805663752,0.02091116634277292,0.016728933074218338,0.012546699805663752,0.029275632879882087,0.016728933074218338,0.02091116634277292
978,0.048095682588377715,0.04713448386567567,0.012546699805663752,0.02091116634277292,0.016728933074218338,0.012546699805663752,0.029275632879882087,0.012546699805663752,0.02091116634277292
979,0.048095682588377715,0.04713448386567567,0.012546699805663752,0.02091116634277292,0.016728933074218338,0.012546699805663752,0.029275632879882087,0.012546699805663752,0.02091116634277292
980,0.048095682588377715,0.04713448386567567,0.012546699805663752,0.02091116634277292,0.016728933074218338,0.012546699805663752,0.029275632879882087,0.012546699805663752,0.02091116634277292
981,0.048095682588377715,0.04713448386567567,0.012546699805663752,0.02091116634277292,0.016728933074218338,0.012546699805663752,0.029275632879882087,0.016728933074218338,0.02091116634277292
982,0.048095682588377715,0.04713448386567567,0.012546699805663752,0.02091116634277292,0.016728933074218338,0.012546699805663752,0.029275632879882087,0.012546699805663752,0.02091116634277292
983,0.048095682588377715,0.04713448386567567,0.012546699805663752,0.02091116634277292,0.016728933074218338,0.012546699805663752,0.029275632879882087,0.012546699805663752,0.02091116634277292
984,0.048095682588377715,0.04713448386567567,0.012546699805663752,0.02091116634277292,0.016728933074218338,0.012546699805663752,0.029275632879882087,0.012546699805663752,0.02091116634277292
985,0.048095682588377715,0.04713448386567567,0.012546699805663752,0.02091116634277292,0.016728933074218338,0.012546699805663752,0.029275632879882087,0.012546699805663752,0.02091116634277292
986,0.048095682588377715,0.04713448386567567,0.012546699805663752,0.02091116634277292,0.016728933074218338,0.012546699805663752,0.029275632879882087,0.012546699805663752,0.02091116634277292
987,0.048095682588377715,0.04713448386567567,0.012546699805663752,0.02091116634277292,0.016728933074218338,0.012546699805663752,0.029275632879882087,0.016728933074218338,0.02091116634277292
988,0.048095682588377715,0.04713448386567567,0.012546699805663752,0.02091116634277292,0.016728933074218338,0.012546699805663752,0.029275632879882087,0.012546699805663752,0.02091116634277292
989,0.048095682588377715,0.04713448386567567,0.012546699805663752,0.02091116634277292,0.016728933074218338,0.012546699805663752,0.029275632879882087,0.012546699805663752,0.02091116634277292
990,0.048095682588377715,0.04713448386567567,0.012546699805663752,0.02091116634277292,0.016728933074218338,0.012546699805663752,0.029275632879882087,0.016728933074218338,0.02091116634277292
991,0.048095682588377715,0.04713448386567567,0.012546699805663752,0.02091116634277292,0.016728933074218338,0.012546699805663752,0.029275632879882087,0.012546699805663752,0.02091116634277292
992,0.048095682588377715,0.04713448386567567,0.012546699805663752,0.02091116634277292,0.016728933074218338,0.012546699805663752,0.029275632879882087,0.012546699805663752,0.02091116634277292
993,0.048095682588377715,0.04713448386567567,0.012546699805663752,0.02091116634277292,0.016728933074218338,0.012546699805663752,0.029275632879882087,0.012546699805663752,0.02091116634277292
994,0.048095682588377715,0.04713448386567567,0.012546699805663752,0.02091116634277292,0.016728933074218338,0.012546699805663752,0.029275632879882087,0.012546699805663752,0.02091116634277292
995,0.048095682588377715,0.04713448386567567,0.012546699805663752,0.02091116634277292,0.016728933074218338,0.012546699805663752,0.029275632879882087,0.012546699805663752,0.02091116634277292
996,0.048095682588377715,0.04713448386567567,0.012546699805663752,0.02091116634277292,0.016728933074218338,0.012546699805663752,0.029275632879882087,0.012546699805663752,0.02091116634277292
997,0.048095682588377715,0.04713448386567567,0.012546699805663752,0.02091116634277292,0.016728933074218338,0.012546699805663752,0.029275632879882087,0.012546699805663752,0.02091116634277292
998,0.048095682588377715,0.04713448386567567,0.012546699805663752,0.02091116634277292,0.016728933074218338,0.012546699805663752,0.029275632879882087,0.012546699805663752,0.02091116634277292
999,0.048095682588377715,0.04713448386567567,0.012546699805663752,0.02091116634277292,0.016728933074218338,0.012546699805663752,0.029275632879882087,0.012546699805663752,0.02091116634277292
