rep,simple_rate,mle_rate,NA_rate,NP_rate,NS_rate,PB1_rate,PB2_rate,MP_rate,PA_rate
0,0.1410572827691383,0.18477678550153784,0.05560814179924152,0.03035023123841387,0.04807150719641391,0.02485052490662075,0.03483147343468974,0.022406210981379366,0.021998825327172466
1,0.1386129688438969,0.17957177412185538,0.05601552745344842,0.030553924065517317,0.04725673588800011,0.024646832079517303,0.0334056236449656,0.016295426168275902,0.022202518154275916
2,0.14187205407755207,0.18647470748393113,0.05601552745344842,0.03035023123841387,0.04766412154220701,0.02485052490662075,0.0346277806075863,0.021591439672965573,0.02342467511689661
3,0.1407517435284831,0.18452793521921343,0.05581183462634497,0.030961309719724214,0.0497010498132415,0.02688745317765524,0.03523885908889664,0.0167028118224828,0.021998825327172466
4,0.14553852496541417,0.19336990766758777,0.05601552745344842,0.03320193081786215,0.0497010498132415,0.027498531658965587,0.03849794432255182,0.021387746845862123,0.022609903808482816
5,0.13952958656586242,0.18191481927726538,0.05621922028055186,0.030553924065517317,0.04908997133193115,0.024443139252413856,0.03279454516365526,0.019554511401931082,0.021998825327172466
6,0.1407517435284831,0.18451163011284905,0.05601552745344842,0.029739152757103524,0.04908997133193115,0.02342467511689661,0.03483147343468974,0.021387746845862123,0.022609903808482816
7,0.14187205407755207,0.18664371097546179,0.05621922028055186,0.03136869537393111,0.04766412154220701,0.023628367944000056,0.035849937570206984,0.021998825327172466,0.021998825327172466
8,0.14136282200979347,0.18516180463011345,0.05621922028055186,0.030553924065517317,0.05031212829455185,0.024443139252413856,0.038090558668344925,0.0167028118224828,0.021795132500069023
9,0.13993697222006932,0.18265807958234717,0.05560814179924152,0.029535459930000073,0.049293664159034606,0.027498531658965587,0.0334056236449656,0.01833235443931039,0.021795132500069023
10,0.1440108287621383,0.19031860344918208,0.05601552745344842,0.03035023123841387,0.04990474264034495,0.02831330296737938,0.03320193081786215,0.027294838831862137,0.022406210981379366
11,0.1426868253859659,0.18772625944803958,0.05601552745344842,0.03136869537393111,0.04827520002351736,0.02485052490662075,0.034424087780482844,0.024035753598206956,0.022202518154275916
12,0.14024251146072447,0.18353409167614163,0.05601552745344842,0.030961309719724214,0.05234905656558634,0.02525791056082765,0.0342203949533794,0.0167028118224828,0.021998825327172466
13,0.1390203544981038,0.18115352847884053,0.05621922028055186,0.029535459930000073,0.0497010498132415,0.02342467511689661,0.03483147343468974,0.0167028118224828,0.021998825327172466
14,0.14339975028082794,0.1891261390097654,0.05560814179924152,0.02994284558420697,0.047460428715103566,0.027702224486069033,0.03890532997675872,0.022202518154275916,0.021795132500069023
15,0.14146466842334518,0.1854933997841966,0.05601552745344842,0.030553924065517317,0.04908997133193115,0.02342467511689661,0.03666470887862078,0.01853604726641384,0.022406210981379366
16,0.14054805070137966,0.18418558684613726,0.05581183462634497,0.030553924065517317,0.05031212829455185,0.02525791056082765,0.0338130092991725,0.017517583130896595,0.023220982289793163
17,0.13912220091165553,0.181203987183167,0.05621922028055186,0.03197977385524146,0.04847889285062081,0.02342467511689661,0.03197977385524146,0.01833235443931039,0.021998825327172466
18,0.13891850808455206,0.18117692603253627,0.05601552745344842,0.02994284558420697,0.0501084354674484,0.02342467511689661,0.03483147343468974,0.015888040514069005,0.021998825327172466
19,0.1419739004911038,0.1863182262005172,0.05621922028055186,0.0334056236449656,0.04868258567772426,0.024035753598206956,0.03523885908889664,0.021387746845862123,0.021795132500069023
20,0.1373908118812762,0.1783976076389247,0.05601552745344842,0.03035023123841387,0.04827520002351736,0.02342467511689661,0.031165002546827664,0.01690650464958625,0.021998825327172466
21,0.14227943973175897,0.1870065315089248,0.05560814179924152,0.030553924065517317,0.0501084354674484,0.027294838831862137,0.03605363039731044,0.01833235443931039,0.021591439672965573
22,0.13840927601679345,0.18032325858557052,0.05601552745344842,0.030553924065517317,0.05071951394875875,0.023017289462689713,0.031165002546827664,0.017517583130896595,0.021998825327172466
23,0.1394277401523107,0.18190367972300528,0.05601552745344842,0.029739152757103524,0.0497010498132415,0.023017289462689713,0.03177608102813801,0.022202518154275916,0.021998825327172466
24,0.13830742960324172,0.17968590983263552,0.05601552745344842,0.03035023123841387,0.047460428715103566,0.025665296215034546,0.031165002546827664,0.018128661612206942,0.021998825327172466
25,0.1415665148368969,0.18595663448159652,0.05621922028055186,0.030553924065517317,0.0497010498132415,0.02688745317765524,0.031165002546827664,0.024646832079517303,0.021795132500069023
26,0.1398351258065176,0.1825793209969319,0.05601552745344842,0.030961309719724214,0.0497010498132415,0.02342467511689661,0.03197977385524146,0.018943432920620736,0.02342467511689661
27,0.1386129688438969,0.18022280115798597,0.05621922028055186,0.029739152757103524,0.04847889285062081,0.02342467511689661,0.03320193081786215,0.017924968785103492,0.022406210981379366
28,0.14207574690465555,0.1865816228135837,0.05621922028055186,0.029128074275793173,0.04868258567772426,0.029128074275793173,0.03279454516365526,0.022202518154275916,0.024035753598206956
29,0.1410572827691383,0.18517403681724154,0.05764507007027601,0.030553924065517317,0.0497010498132415,0.02342467511689661,0.0346277806075863,0.01873974009351729,0.021998825327172466
30,0.14146466842334518,0.1856095352968502,0.05601552745344842,0.030553924065517317,0.05153428525717254,0.02342467511689661,0.035849937570206984,0.01873974009351729,0.021998825327172466
31,0.14217759331820723,0.18693732993978351,0.05621922028055186,0.030961309719724214,0.04868258567772426,0.02342467511689661,0.03829425149544837,0.01833235443931039,0.023220982289793163
32,0.1386129688438969,0.18059597659701232,0.05601552745344842,0.03197977385524146,0.0501084354674484,0.022813596635586263,0.031165002546827664,0.0171101974766897,0.022406210981379366
33,0.14390898234858657,0.19005330340148968,0.05520075614503462,0.03035023123841387,0.049293664159034606,0.02485052490662075,0.039923794112275965,0.022202518154275916,0.022406210981379366
34,0.14177020766400036,0.18604353293583462,0.05621922028055186,0.030553924065517317,0.047867814369310466,0.024443139252413856,0.035849937570206984,0.02016558988324143,0.022609903808482816
35,0.1387148152574486,0.1806977208088336,0.05601552745344842,0.030961309719724214,0.04868258567772426,0.02342467511689661,0.03544255191600009,0.015480654859862107,0.021998825327172466
36,0.14309421104017278,0.18918171505457673,0.05621922028055186,0.03035023123841387,0.05296013504689668,0.029128074275793173,0.035849937570206984,0.017924968785103492,0.021998825327172466
37,0.13891850808455206,0.18109264291934976,0.05601552745344842,0.030757616892620764,0.05133059243006909,0.023628367944000056,0.031165002546827664,0.01833235443931039,0.022202518154275916
38,0.13973327939296587,0.18210997880460297,0.05601552745344842,0.030553924065517317,0.04847889285062081,0.023017289462689713,0.03360931647206905,0.01873974009351729,0.022406210981379366
39,0.14044620428782795,0.18411721842300768,0.05601552745344842,0.03014653841131042,0.047460428715103566,0.02688745317765524,0.03564624474310354,0.01690650464958625,0.021998825327172466
40,0.14299236462662104,0.19117182484618453,0.0592746126871036,0.03197977385524146,0.05357121352820703,0.02342467511689661,0.03483147343468974,0.015888040514069005,0.022813596635586263
41,0.1398351258065176,0.18244126803605185,0.05560814179924152,0.029739152757103524,0.05031212829455185,0.023017289462689713,0.03523885908889664,0.01833235443931039,0.022406210981379366
42,0.13993697222006932,0.18312412384074542,0.05601552745344842,0.030757616892620764,0.05031212829455185,0.023017289462689713,0.0338130092991725,0.01873974009351729,0.021998825327172466
43,0.1445200608298969,0.1915529518499157,0.05601552745344842,0.03035023123841387,0.0497010498132415,0.02688745317765524,0.03972010128517251,0.021998825327172466,0.021591439672965573
44,0.13963143297941413,0.18180247120457796,0.05601552745344842,0.030553924065517317,0.04908997133193115,0.02485052490662075,0.03279454516365526,0.01873974009351729,0.021591439672965573
45,0.1415665148368969,0.18572478132326456,0.05703399158896566,0.030553924065517317,0.0505158211216553,0.02485052490662075,0.0342203949533794,0.018128661612206942,0.022813596635586263
46,0.1415665148368969,0.18528655163561691,0.05601552745344842,0.0334056236449656,0.0497010498132415,0.022813596635586263,0.032590852336551804,0.022202518154275916,0.023220982289793163
47,0.13952958656586242,0.18204780393822356,0.05601552745344842,0.029535459930000073,0.0497010498132415,0.023017289462689713,0.036257323224413884,0.016091733341172452,0.021998825327172466
48,0.1424831325588624,0.18734304085566703,0.05621922028055186,0.031572388201034564,0.04868258567772426,0.024035753598206956,0.03686840170572423,0.019554511401931082,0.022609903808482816
49,0.13922404732520724,0.18174695019622938,0.05621922028055186,0.030553924065517317,0.05133059243006909,0.023017289462689713,0.03136869537393111,0.017924968785103492,0.022813596635586263
50,0.14085358994203484,0.1843401355642422,0.05621922028055186,0.030553924065517317,0.0497010498132415,0.02485052490662075,0.03360931647206905,0.019554511401931082,0.023220982289793163
51,0.14309421104017278,0.18809082989686568,0.05601552745344842,0.0334056236449656,0.05133059243006909,0.024443139252413856,0.035849937570206984,0.01873974009351729,0.022609903808482816
52,0.14207574690465555,0.18692611711309817,0.05621922028055186,0.030757616892620764,0.05275644221979323,0.023017289462689713,0.03605363039731044,0.02016558988324143,0.021998825327172466
53,0.14207574690465555,0.18672657925768912,0.05601552745344842,0.030553924065517317,0.04807150719641391,0.02831330296737938,0.03483147343468974,0.017517583130896595,0.023220982289793163
54,0.13952958656586242,0.18178444562935284,0.05560814179924152,0.029739152757103524,0.047460428715103566,0.023017289462689713,0.035849937570206984,0.01833235443931039,0.022406210981379366
55,0.1394277401523107,0.1817894020714028,0.05601552745344842,0.030553924065517317,0.05275644221979323,0.024443139252413856,0.03360931647206905,0.016295426168275902,0.021998825327172466
56,0.14380713593503483,0.18955237472116052,0.05601552745344842,0.030553924065517317,0.0497010498132415,0.02851699579448283,0.03177608102813801,0.027498531658965587,0.021998825327172466
57,0.13922404732520724,0.18116788364290096,0.05621922028055186,0.0334056236449656,0.04827520002351736,0.02342467511689661,0.030757616892620764,0.01853604726641384,0.021998825327172466
58,0.14115912918269,0.1850752484862245,0.05601552745344842,0.030961309719724214,0.04847889285062081,0.0250542177337242,0.03686840170572423,0.0167028118224828,0.022202518154275916
59,0.13840927601679345,0.18066343868665288,0.05621922028055186,0.030961309719724214,0.0497010498132415,0.025665296215034546,0.031165002546827664,0.0167028118224828,0.021998825327172466
60,0.14339975028082794,0.18929236585310913,0.05621922028055186,0.030757616892620764,0.05133059243006909,0.02342467511689661,0.03523885908889664,0.024035753598206956,0.022813596635586263
61,0.1385111224303452,0.18001490725447836,0.05621922028055186,0.030553924065517317,0.04766412154220701,0.024443139252413856,0.03197977385524146,0.017721275958000045,0.021998825327172466
62,0.1415665148368969,0.1858272219596203,0.05621922028055186,0.031572388201034564,0.04807150719641391,0.023017289462689713,0.035849937570206984,0.018943432920620736,0.022202518154275916
63,0.14258497897241415,0.1877213201071074,0.05764507007027601,0.03136869537393111,0.05153428525717254,0.024443139252413856,0.03279454516365526,0.024239446425310406,0.021795132500069023
64,0.14054805070137966,0.18399032146466518,0.05621922028055186,0.030553924065517317,0.049293664159034606,0.024443139252413856,0.03320193081786215,0.02016558988324143,0.022609903808482816
65,0.13922404732520724,0.1818789864627944,0.05621922028055186,0.03035023123841387,0.0497010498132415,0.023628367944000056,0.03483147343468974,0.016295426168275902,0.021998825327172466
66,0.14024251146072447,0.18331750135048303,0.05683029876186221,0.030553924065517317,0.047460428715103566,0.023017289462689713,0.03564624474310354,0.017924968785103492,0.021998825327172466
67,0.14085358994203484,0.18437771150911825,0.05703399158896566,0.030553924065517317,0.0505158211216553,0.023017289462689713,0.03483147343468974,0.01833235443931039,0.021591439672965573
68,0.1410572827691383,0.18508262253815932,0.05601552745344842,0.030961309719724214,0.04827520002351736,0.027294838831862137,0.0338130092991725,0.018128661612206942,0.021998825327172466
69,0.14003881863362103,0.1831385380076227,0.05601552745344842,0.030553924065517317,0.05112689960296564,0.02342467511689661,0.03197977385524146,0.022406210981379366,0.021998825327172466
70,0.1369834262270693,0.17706884402497922,0.05621922028055186,0.030553924065517317,0.04725673588800011,0.023017289462689713,0.031165002546827664,0.0167028118224828,0.021998825327172466
71,0.14513113931120725,0.19249317909172645,0.05621922028055186,0.031165002546827664,0.0505158211216553,0.023220982289793163,0.041349643902000105,0.023628367944000056,0.022406210981379366
72,0.13830742960324172,0.17966995871467686,0.05560814179924152,0.03035023123841387,0.04888627850482771,0.02485052490662075,0.03279454516365526,0.01690650464958625,0.021998825327172466
73,0.13769635112193138,0.17868613886275217,0.05601552745344842,0.03035023123841387,0.049293664159034606,0.02342467511689661,0.03279454516365526,0.016295426168275902,0.021998825327172466
74,0.1428905182130693,0.18762769824193845,0.05520075614503462,0.030553924065517317,0.04868258567772426,0.023628367944000056,0.038090558668344925,0.024035753598206956,0.022406210981379366
75,0.1410572827691383,0.18477042350565648,0.05621922028055186,0.030553924065517317,0.04908997133193115,0.023017289462689713,0.03686840170572423,0.01833235443931039,0.021591439672965573
76,0.13973327939296587,0.18228353035514708,0.05601552745344842,0.030961309719724214,0.05133059243006909,0.02342467511689661,0.03523885908889664,0.015888040514069005,0.021591439672965573
77,0.1426868253859659,0.187476316628534,0.05601552745344842,0.03197977385524146,0.04725673588800011,0.023628367944000056,0.04155333672910355,0.0171101974766897,0.021998825327172466
78,0.14126097559624173,0.18532304071227274,0.05601552745344842,0.03035023123841387,0.05031212829455185,0.024443139252413856,0.035849937570206984,0.019554511401931082,0.021998825327172466
79,0.1415665148368969,0.18581934887513438,0.05621922028055186,0.030553924065517317,0.04908997133193115,0.023017289462689713,0.03360931647206905,0.024239446425310406,0.023220982289793163
80,0.1424831325588624,0.18739292548758016,0.05784876289737946,0.030961309719724214,0.047867814369310466,0.023220982289793163,0.040534872593586305,0.016295426168275902,0.022202518154275916
81,0.13952958656586242,0.18183060103790835,0.05621922028055186,0.030553924065517317,0.04847889285062081,0.024443139252413856,0.0346277806075863,0.016295426168275902,0.022406210981379366
82,0.1394277401523107,0.18197563827721866,0.05581183462634497,0.030961309719724214,0.05031212829455185,0.023017289462689713,0.034424087780482844,0.0167028118224828,0.022202518154275916
83,0.13993697222006932,0.18266574715505754,0.05723768441606911,0.030757616892620764,0.04847889285062081,0.023017289462689713,0.0346277806075863,0.016295426168275902,0.023220982289793163
84,0.14411267517569,0.19029454916744631,0.05601552745344842,0.031572388201034564,0.05071951394875875,0.024646832079517303,0.041757029556207005,0.0167028118224828,0.022813596635586263
85,0.1406498971149314,0.1839808330182755,0.05601552745344842,0.029535459930000073,0.04766412154220701,0.023628367944000056,0.037683173014138024,0.01853604726641384,0.021795132500069023
86,0.14350159669437967,0.18870256257613416,0.05560814179924152,0.03320193081786215,0.04847889285062081,0.025665296215034546,0.04073856542068976,0.018128661612206942,0.021998825327172466
87,0.14095543635558655,0.18439577854792646,0.05621922028055186,0.030553924065517317,0.055404448972138066,0.02485052490662075,0.03279454516365526,0.01833235443931039,0.021795132500069023
88,0.1426868253859659,0.1882758391267475,0.05764507007027601,0.032183466682344904,0.047460428715103566,0.024646832079517303,0.0346277806075863,0.022202518154275916,0.022609903808482816
89,0.14207574690465555,0.18647591240211894,0.05601552745344842,0.030553924065517317,0.04766412154220701,0.02342467511689661,0.04012748693937941,0.018128661612206942,0.021998825327172466
90,0.13810373677613827,0.17824675553408081,0.05520075614503462,0.03035023123841387,0.04725673588800011,0.023017289462689713,0.032590852336551804,0.017924968785103492,0.022406210981379366
91,0.1415665148368969,0.186113428873753,0.05601552745344842,0.03035023123841387,0.04990474264034495,0.027498531658965587,0.03136869537393111,0.024239446425310406,0.021795132500069023
92,0.14044620428782795,0.1836538741027383,0.05621922028055186,0.03136869537393111,0.04725673588800011,0.023017289462689713,0.03483147343468974,0.0171101974766897,0.022813596635586263
93,0.1415665148368969,0.18573138704783862,0.05621922028055186,0.030553924065517317,0.0497010498132415,0.024443139252413856,0.03320193081786215,0.024239446425310406,0.022202518154275916
94,0.14187205407755207,0.18619324446450816,0.05601552745344842,0.031572388201034564,0.047460428715103566,0.023017289462689713,0.03686840170572423,0.02016558988324143,0.022609903808482816
95,0.1428905182130693,0.18826412176788618,0.05581183462634497,0.030553924065517317,0.04766412154220701,0.02342467511689661,0.039516408458069065,0.021998825327172466,0.021998825327172466
96,0.14360344310793138,0.18990144097662506,0.05621922028055186,0.032590852336551804,0.05499706331793117,0.027498531658965587,0.03544255191600009,0.01833235443931039,0.021998825327172466
97,0.14126097559624173,0.1848141048046922,0.05621922028055186,0.030961309719724214,0.04807150719641391,0.024035753598206956,0.03279454516365526,0.023832060771103506,0.022609903808482816
98,0.1440108287621383,0.1910556737711011,0.05601552745344842,0.030553924065517317,0.0505158211216553,0.025665296215034546,0.03849794432255182,0.022202518154275916,0.021998825327172466
99,0.14227943973175897,0.18665778285438803,0.05601552745344842,0.029128074275793173,0.047460428715103566,0.025461603387931096,0.035849937570206984,0.024646832079517303,0.021591439672965573
100,0.1445200608298969,0.19079082489100208,0.05621922028055186,0.03035023123841387,0.047460428715103566,0.02525791056082765,0.03686840170572423,0.027498531658965587,0.021998825327172466
101,0.14044620428782795,0.1835839669994035,0.05621922028055186,0.029535459930000073,0.0497010498132415,0.02485052490662075,0.03279454516365526,0.022202518154275916,0.021998825327172466
102,0.14085358994203484,0.18468127625449757,0.05662660593475876,0.030553924065517317,0.04908997133193115,0.024035753598206956,0.035849937570206984,0.017924968785103492,0.021795132500069023
103,0.14044620428782795,0.18417095747095863,0.05621922028055186,0.030961309719724214,0.04949735698613805,0.02342467511689661,0.03503516626179319,0.017924968785103492,0.022202518154275916
104,0.14207574690465555,0.18763625147310142,0.05581183462634497,0.03035023123841387,0.04908997133193115,0.027498531658965587,0.034016702126275944,0.02016558988324143,0.024035753598206956
105,0.1423812861453107,0.1873891550931495,0.05581183462634497,0.030757616892620764,0.05112689960296564,0.025461603387931096,0.035849937570206984,0.019350818574827636,0.022609903808482816
106,0.1410572827691383,0.18503656242156133,0.05621922028055186,0.03035023123841387,0.04908997133193115,0.02872068862158628,0.03238715950944836,0.019147125747724186,0.023220982289793163
107,0.14258497897241415,0.18758422550961412,0.05621922028055186,0.030553924065517317,0.05133059243006909,0.02342467511689661,0.0346277806075863,0.024239446425310406,0.022202518154275916
108,0.13952958656586242,0.18176774859382108,0.05621922028055186,0.03035023123841387,0.047460428715103566,0.024443139252413856,0.0334056236449656,0.019554511401931082,0.021998825327172466
109,0.14054805070137966,0.1836772856026984,0.05601552745344842,0.030553924065517317,0.04868258567772426,0.023220982289793163,0.035849937570206984,0.01833235443931039,0.021998825327172466
110,0.13891850808455206,0.18059082248018374,0.05601552745344842,0.030553924065517317,0.04868258567772426,0.023628367944000056,0.031572388201034564,0.019350818574827636,0.022609903808482816
111,0.13749265829482793,0.17852117463382738,0.055404448972138066,0.03035023123841387,0.04908997133193115,0.02688745317765524,0.03136869537393111,0.015684347686965555,0.021795132500069023
112,0.13800189036258653,0.1791960525918196,0.05621922028055186,0.03035023123841387,0.047460428715103566,0.023017289462689713,0.03177608102813801,0.019147125747724186,0.021795132500069023
113,0.13820558318969,0.1792419312355522,0.05601552745344842,0.029739152757103524,0.04827520002351736,0.023017289462689713,0.03279454516365526,0.017924968785103492,0.021998825327172466
114,0.1428905182130693,0.18879177229213306,0.05621922028055186,0.030553924065517317,0.049293664159034606,0.027498531658965587,0.035849937570206984,0.01873974009351729,0.022202518154275916
115,0.13891850808455206,0.1813909287620605,0.05581183462634497,0.03035023123841387,0.04888627850482771,0.02342467511689661,0.03483147343468974,0.0167028118224828,0.021998825327172466
116,0.1423812861453107,0.1877808896985643,0.05703399158896566,0.03035023123841387,0.0497010498132415,0.027498531658965587,0.0346277806075863,0.018943432920620736,0.021998825327172466
117,0.1403443578742762,0.18391235773309222,0.05621922028055186,0.029331767102896623,0.04888627850482771,0.023017289462689713,0.03523885908889664,0.020980361191655222,0.022202518154275916
118,0.1415665148368969,0.18640991708977434,0.05621922028055186,0.03035023123841387,0.0497010498132415,0.023628367944000056,0.035849937570206984,0.020980361191655222,0.021998825327172466
119,0.1406498971149314,0.18422774494291622,0.05621922028055186,0.030553924065517317,0.0501084354674484,0.02342467511689661,0.03483147343468974,0.01853604726641384,0.021998825327172466
120,0.1406498971149314,0.1842999256379098,0.05601552745344842,0.029535459930000073,0.0501084354674484,0.02342467511689661,0.034424087780482844,0.021998825327172466,0.021998825327172466
121,0.1431960574537245,0.18925515954489963,0.05621922028055186,0.030961309719724214,0.05071951394875875,0.02831330296737938,0.03483147343468974,0.021591439672965573,0.021998825327172466
122,0.14044620428782795,0.18289912659227786,0.05479337049082772,0.03035023123841387,0.05133059243006909,0.024443139252413856,0.03483147343468974,0.019554511401931082,0.022202518154275916
123,0.1394277401523107,0.18230921472851266,0.05621922028055186,0.03035023123841387,0.0501084354674484,0.024443139252413856,0.031165002546827664,0.021591439672965573,0.021795132500069023
124,0.14095543635558655,0.18457819812372592,0.05560814179924152,0.030553924065517317,0.049293664159034606,0.023017289462689713,0.034016702126275944,0.023628367944000056,0.021998825327172466
125,0.1424831325588624,0.18791657146513943,0.05683029876186221,0.030757616892620764,0.04908997133193115,0.027498531658965587,0.0346277806075863,0.01853604726641384,0.022202518154275916
126,0.13800189036258653,0.17908856857727282,0.05601552745344842,0.029535459930000073,0.047460428715103566,0.02342467511689661,0.031572388201034564,0.019350818574827636,0.022609903808482816
127,0.14339975028082794,0.18966151340705972,0.05621922028055186,0.030553924065517317,0.05153428525717254,0.02688745317765524,0.035849937570206984,0.022202518154275916,0.021795132500069023
128,0.1423812861453107,0.18753973178860758,0.05784876289737946,0.03014653841131042,0.04827520002351736,0.022609903808482816,0.040942258247793205,0.015684347686965555,0.023220982289793163
129,0.14390898234858657,0.19013990139431922,0.05784876289737946,0.0346277806075863,0.04807150719641391,0.02342467511689661,0.03870163714965527,0.019554511401931082,0.021998825327172466
130,0.14115912918269,0.1850385286686293,0.05601552745344842,0.029535459930000073,0.04888627850482771,0.023017289462689713,0.03849794432255182,0.019554511401931082,0.021591439672965573
131,0.14115912918269,0.18491091187914868,0.05601552745344842,0.030553924065517317,0.04868258567772426,0.02485052490662075,0.03503516626179319,0.020980361191655222,0.021795132500069023
132,0.1386129688438969,0.18052883869637992,0.05601552745344842,0.030553924065517317,0.05357121352820703,0.02485052490662075,0.03136869537393111,0.015684347686965555,0.021998825327172466
133,0.1394277401523107,0.18195673905686657,0.05621922028055186,0.030961309719724214,0.0497010498132415,0.022813596635586263,0.03279454516365526,0.019554511401931082,0.021998825327172466
134,0.13993697222006932,0.18288929363679432,0.05601552745344842,0.03136869537393111,0.04868258567772426,0.02342467511689661,0.03360931647206905,0.019554511401931082,0.021998825327172466
135,0.13627050133220725,0.17626008388479278,0.05581183462634497,0.030961309719724214,0.04766412154220701,0.023017289462689713,0.031165002546827664,0.014462190724344865,0.022202518154275916
136,0.14187205407755207,0.18675108800317125,0.05621922028055186,0.030553924065517317,0.05071951394875875,0.023017289462689713,0.03483147343468974,0.022202518154275916,0.021998825327172466
137,0.14095543635558655,0.18419545939102777,0.05601552745344842,0.03197977385524146,0.04725673588800011,0.029535459930000073,0.031165002546827664,0.019554511401931082,0.022202518154275916
138,0.1426868253859659,0.18790095160248044,0.05601552745344842,0.02994284558420697,0.05153428525717254,0.02831330296737938,0.03849794432255182,0.0167028118224828,0.021998825327172466
139,0.14003881863362103,0.18306454543762557,0.05621922028055186,0.030961309719724214,0.04827520002351736,0.02342467511689661,0.03503516626179319,0.017517583130896595,0.021998825327172466
140,0.1398351258065176,0.18217762272184984,0.05601552745344842,0.030553924065517317,0.0505158211216553,0.02485052490662075,0.03279454516365526,0.01833235443931039,0.021591439672965573
141,0.14136282200979347,0.18531614286732778,0.05601552745344842,0.031572388201034564,0.04766412154220701,0.02688745317765524,0.03320193081786215,0.019147125747724186,0.022609903808482816
142,0.13881666167100035,0.18022937810991307,0.05601552745344842,0.030961309719724214,0.047460428715103566,0.023220982289793163,0.03279454516365526,0.01833235443931039,0.022202518154275916
143,0.1419739004911038,0.18669327256843504,0.05601552745344842,0.030553924065517317,0.0497010498132415,0.027498531658965587,0.032590852336551804,0.021387746845862123,0.022406210981379366
144,0.14095543635558655,0.18416117806997773,0.05621922028055186,0.030961309719724214,0.04725673588800011,0.02342467511689661,0.03686840170572423,0.018128661612206942,0.022202518154275916
145,0.1431960574537245,0.18881597604307337,0.05621922028055186,0.03035023123841387,0.05133059243006909,0.02485052490662075,0.041349643902000105,0.015684347686965555,0.023220982289793163
146,0.14339975028082794,0.18933201189495671,0.05621922028055186,0.03035023123841387,0.05031212829455185,0.02342467511689661,0.04012748693937941,0.021387746845862123,0.021795132500069023
147,0.1377981975354831,0.17888860918090602,0.05601552745344842,0.03014653841131042,0.047460428715103566,0.023017289462689713,0.03197977385524146,0.018128661612206942,0.021998825327172466
148,0.13932589373875895,0.18154678000791308,0.05601552745344842,0.03035023123841387,0.05133059243006909,0.025665296215034546,0.03279454516365526,0.0167028118224828,0.021998825327172466
149,0.14258497897241415,0.1873620602208981,0.05560814179924152,0.030553924065517317,0.05112689960296564,0.02485052490662075,0.03849794432255182,0.01873974009351729,0.021591439672965573
150,0.13830742960324172,0.18005633647918268,0.05601552745344842,0.030553924065517317,0.04908997133193115,0.023017289462689713,0.034016702126275944,0.015888040514069005,0.021591439672965573
151,0.14187205407755207,0.18692281350657522,0.05621922028055186,0.030553924065517317,0.0497010498132415,0.025665296215034546,0.035849937570206984,0.0171101974766897,0.023017289462689713
152,0.14095543635558655,0.18431053465670055,0.05621922028055186,0.0334056236449656,0.04807150719641391,0.02342467511689661,0.0342203949533794,0.018943432920620736,0.022406210981379366
153,0.14115912918269,0.18535375879238472,0.05621922028055186,0.03197977385524146,0.0501084354674484,0.02342467511689661,0.0346277806075863,0.02016558988324143,0.021998825327172466
154,0.1386129688438969,0.18069740919165117,0.05621922028055186,0.03035023123841387,0.04888627850482771,0.023017289462689713,0.030961309719724214,0.01853604726641384,0.022813596635586263
155,0.14309421104017278,0.1881362599906738,0.05601552745344842,0.031572388201034564,0.04827520002351736,0.023017289462689713,0.035849937570206984,0.024646832079517303,0.021795132500069023
156,0.13769635112193138,0.1789148252218928,0.05621922028055186,0.02994284558420697,0.0497010498132415,0.02342467511689661,0.03197977385524146,0.016295426168275902,0.022609903808482816
157,0.1390203544981038,0.18126292837453473,0.05601552745344842,0.030553924065517317,0.0497010498132415,0.02342467511689661,0.03503516626179319,0.016295426168275902,0.021795132500069023
158,0.13912220091165553,0.18123530779217142,0.05601552745344842,0.030553924065517317,0.047460428715103566,0.027498531658965587,0.02994284558420697,0.01833235443931039,0.021795132500069023
159,0.13952958656586242,0.18198294642008658,0.05601552745344842,0.03035023123841387,0.04868258567772426,0.02342467511689661,0.03523885908889664,0.0167028118224828,0.022609903808482816
160,0.1387148152574486,0.18028934743188424,0.05621922028055186,0.030553924065517317,0.04847889285062081,0.023017289462689713,0.03279454516365526,0.017924968785103492,0.021998825327172466
161,0.1406498971149314,0.1841109167089181,0.05621922028055186,0.030961309719724214,0.05133059243006909,0.02342467511689661,0.035849937570206984,0.0167028118224828,0.021998825327172466
162,0.14054805070137966,0.18404304414941194,0.05601552745344842,0.030553924065517317,0.05275644221979323,0.024443139252413856,0.0338130092991725,0.01833235443931039,0.021998825327172466
163,0.14003881863362103,0.1831012402346302,0.05601552745344842,0.03035023123841387,0.04807150719641391,0.02872068862158628,0.030961309719724214,0.01853604726641384,0.021998825327172466
164,0.14054805070137966,0.18385711092083395,0.05601552745344842,0.030553924065517317,0.05133059243006909,0.023628367944000056,0.0346277806075863,0.018128661612206942,0.021998825327172466
165,0.13922404732520724,0.18099989119684692,0.05601552745344842,0.0334056236449656,0.05112689960296564,0.023017289462689713,0.031165002546827664,0.01833235443931039,0.021591439672965573
166,0.1386129688438969,0.17989298610701862,0.05621922028055186,0.029535459930000073,0.04766412154220701,0.02485052490662075,0.03279454516365526,0.018128661612206942,0.021998825327172466
167,0.14044620428782795,0.1831316161597598,0.05662660593475876,0.0334056236449656,0.04827520002351736,0.024443139252413856,0.03197977385524146,0.020776668364551776,0.021591439672965573
168,0.14136282200979347,0.18577141320405793,0.05601552745344842,0.030553924065517317,0.0497010498132415,0.024443139252413856,0.034016702126275944,0.022202518154275916,0.021998825327172466
169,0.14014066504717276,0.1832857745180884,0.05621922028055186,0.030961309719724214,0.04868258567772426,0.023017289462689713,0.03503516626179319,0.017924968785103492,0.021998825327172466
170,0.14126097559624173,0.18480460537542562,0.05560814179924152,0.031572388201034564,0.04868258567772426,0.024035753598206956,0.035849937570206984,0.01853604726641384,0.022202518154275916
171,0.1431960574537245,0.18930497309235883,0.05621922028055186,0.031572388201034564,0.05133059243006909,0.02485052490662075,0.0346277806075863,0.022813596635586263,0.022202518154275916
172,0.14126097559624173,0.18485221957764256,0.05601552745344842,0.0334056236449656,0.05153428525717254,0.02342467511689661,0.03503516626179319,0.018128661612206942,0.021591439672965573
173,0.14136282200979347,0.18553640002934899,0.05621922028055186,0.030553924065517317,0.04807150719641391,0.02342467511689661,0.03523885908889664,0.022202518154275916,0.021998825327172466
174,0.1385111224303452,0.17991557676025205,0.05560814179924152,0.030553924065517317,0.0497010498132415,0.023017289462689713,0.03279454516365526,0.017924968785103492,0.021998825327172466
175,0.14187205407755207,0.18677663272162195,0.05621922028055186,0.030553924065517317,0.05092320677586219,0.025665296215034546,0.035849937570206984,0.01690650464958625,0.022609903808482816
176,0.1394277401523107,0.18181972867640042,0.05601552745344842,0.030553924065517317,0.0501084354674484,0.02342467511689661,0.03483147343468974,0.015480654859862107,0.022609903808482816
177,0.1424831325588624,0.18769511987034848,0.05560814179924152,0.03035023123841387,0.05255274939268978,0.027294838831862137,0.03523885908889664,0.021387746845862123,0.021591439672965573
178,0.14166836125044863,0.18574537380346048,0.05601552745344842,0.030553924065517317,0.04725673588800011,0.02525791056082765,0.03503516626179319,0.021998825327172466,0.022202518154275916
179,0.14309421104017278,0.18902258341129427,0.05601552745344842,0.030553924065517317,0.04766412154220701,0.02485052490662075,0.03849794432255182,0.022813596635586263,0.021591439672965573
180,0.1424831325588624,0.18762259140040355,0.05621922028055186,0.03035023123841387,0.04990474264034495,0.025665296215034546,0.04012748693937941,0.0167028118224828,0.021795132500069023
181,0.14187205407755207,0.18598589299497065,0.05621922028055186,0.030553924065517317,0.05031212829455185,0.024646832079517303,0.03279454516365526,0.023832060771103506,0.022813596635586263
182,0.1403443578742762,0.18360704204241785,0.05601552745344842,0.03035023123841387,0.05133059243006909,0.02342467511689661,0.0346277806075863,0.017924968785103492,0.021998825327172466
183,0.1385111224303452,0.1794727693675258,0.05479337049082772,0.03035023123841387,0.049293664159034606,0.023017289462689713,0.0334056236449656,0.019554511401931082,0.021998825327172466
184,0.14339975028082794,0.1893242538238262,0.05621922028055186,0.030757616892620764,0.04807150719641391,0.02688745317765524,0.03605363039731044,0.021998825327172466,0.022202518154275916
185,0.14136282200979347,0.1852444306518696,0.05662660593475876,0.030553924065517317,0.04766412154220701,0.024646832079517303,0.0346277806075863,0.019350818574827636,0.022813596635586263
186,0.1356594228508969,0.1750544015409609,0.05601552745344842,0.02892438144868973,0.047460428715103566,0.023017289462689713,0.031165002546827664,0.015684347686965555,0.021998825327172466
187,0.14095543635558655,0.18496551981451023,0.05621922028055186,0.030553924065517317,0.05031212829455185,0.02709114600475869,0.032590852336551804,0.01873974009351729,0.021998825327172466
188,0.14146466842334518,0.18586977280396672,0.05621922028055186,0.030757616892620764,0.05296013504689668,0.023017289462689713,0.035849937570206984,0.017517583130896595,0.021795132500069023
189,0.13830742960324172,0.1800485402932236,0.05621922028055186,0.030757616892620764,0.05275644221979323,0.024443139252413856,0.031165002546827664,0.016295426168275902,0.021998825327172466
190,0.14095543635558655,0.18446466169843223,0.05601552745344842,0.03014653841131042,0.047460428715103566,0.024035753598206956,0.03666470887862078,0.019554511401931082,0.021998825327172466
191,0.14207574690465555,0.18673440333641028,0.05601552745344842,0.029739152757103524,0.04807150719641391,0.02342467511689661,0.03238715950944836,0.031572388201034564,0.021795132500069023
192,0.1403443578742762,0.1842086998046955,0.05601552745344842,0.030757616892620764,0.04908997133193115,0.025665296215034546,0.03483147343468974,0.01690650464958625,0.021998825327172466
193,0.14126097559624173,0.18493334529274347,0.05601552745344842,0.03360931647206905,0.05133059243006909,0.023017289462689713,0.03360931647206905,0.020572975537448326,0.021998825327172466
194,0.1410572827691383,0.18478480179704856,0.05601552745344842,0.030757616892620764,0.05031212829455185,0.023220982289793163,0.03483147343468974,0.019554511401931082,0.022609903808482816
195,0.1410572827691383,0.18448503149546297,0.055404448972138066,0.030553924065517317,0.05092320677586219,0.02485052490662075,0.0342203949533794,0.019554511401931082,0.022813596635586263
196,0.14095543635558655,0.18486762062820358,0.05621922028055186,0.030961309719724214,0.05133059243006909,0.02342467511689661,0.0346277806075863,0.01873974009351729,0.021998825327172466
197,0.13881666167100035,0.18076852067625088,0.05581183462634497,0.03035023123841387,0.049293664159034606,0.02342467511689661,0.03279454516365526,0.01873974009351729,0.021998825327172466
198,0.1406498971149314,0.18447194485966179,0.05621922028055186,0.03136869537393111,0.04949735698613805,0.027498531658965587,0.03136869537393111,0.01833235443931039,0.021795132500069023
199,0.13963143297941413,0.18228477828422782,0.05601552745344842,0.030553924065517317,0.0501084354674484,0.023017289462689713,0.0334056236449656,0.01833235443931039,0.022202518154275916
200,0.13891850808455206,0.18111869439582898,0.05621922028055186,0.030553924065517317,0.05112689960296564,0.023017289462689713,0.031165002546827664,0.01833235443931039,0.022813596635586263
201,0.1386129688438969,0.18013708326387892,0.05621922028055186,0.03014653841131042,0.047460428715103566,0.023017289462689713,0.03279454516365526,0.01833235443931039,0.022406210981379366
202,0.14014066504717276,0.18274269795904904,0.05601552745344842,0.0334056236449656,0.05458967766372427,0.023017289462689713,0.03177608102813801,0.018128661612206942,0.021795132500069023
203,0.14166836125044863,0.18600510665737327,0.05560814179924152,0.030961309719724214,0.05092320677586219,0.024443139252413856,0.03503516626179319,0.022406210981379366,0.021998825327172466
204,0.14441821441634517,0.1922489867680477,0.05784876289737946,0.03014653841131042,0.049293664159034606,0.025461603387931096,0.039109022803862165,0.02036928271034488,0.022813596635586263
205,0.14207574690465555,0.1865511937277193,0.05601552745344842,0.032590852336551804,0.05133059243006909,0.02342467511689661,0.03523885908889664,0.019554511401931082,0.022609903808482816
206,0.1368815798135176,0.17695035201646336,0.05560814179924152,0.030553924065517317,0.05234905656558634,0.023220982289793163,0.031165002546827664,0.014665883551448312,0.021795132500069023
207,0.1394277401523107,0.18178613521092507,0.05621922028055186,0.030553924065517317,0.04827520002351736,0.02342467511689661,0.0334056236449656,0.019554511401931082,0.021795132500069023
208,0.13963143297941413,0.18241215482067197,0.05621922028055186,0.03014653841131042,0.0497010498132415,0.02342467511689661,0.03279454516365526,0.020776668364551776,0.021998825327172466
209,0.14207574690465555,0.18681609795143558,0.05601552745344842,0.029535459930000073,0.05255274939268978,0.02525791056082765,0.0346277806075863,0.022202518154275916,0.021795132500069023
210,0.14044620428782795,0.18364193877745041,0.05601552745344842,0.030553924065517317,0.04868258567772426,0.023017289462689713,0.0338130092991725,0.021591439672965573,0.021998825327172466
211,0.14115912918269,0.18447138077832084,0.05560814179924152,0.030553924065517317,0.05377490635531048,0.024646832079517303,0.03360931647206905,0.01853604726641384,0.022609903808482816
212,0.14227943973175897,0.18673346692884357,0.05601552745344842,0.030553924065517317,0.047460428715103566,0.02342467511689661,0.039923794112275965,0.01853604726641384,0.022202518154275916
213,0.1398351258065176,0.18274859210520916,0.05621922028055186,0.030553924065517317,0.047460428715103566,0.027498531658965587,0.031165002546827664,0.019350818574827636,0.021998825327172466
214,0.14014066504717276,0.18259936718133096,0.05621922028055186,0.030553924065517317,0.04725673588800011,0.023220982289793163,0.03564624474310354,0.01833235443931039,0.021591439672965573
215,0.1410572827691383,0.1847053293375082,0.05621922028055186,0.029535459930000073,0.04827520002351736,0.024443139252413856,0.03605363039731044,0.02036928271034488,0.021591439672965573
216,0.14207574690465555,0.1869848934495428,0.05621922028055186,0.030757616892620764,0.049293664159034606,0.024443139252413856,0.0346277806075863,0.021387746845862123,0.023220982289793163
217,0.1423812861453107,0.1869138678948216,0.05581183462634497,0.03035023123841387,0.04847889285062081,0.023017289462689713,0.03666470887862078,0.023832060771103506,0.021591439672965573
218,0.1403443578742762,0.18370714926479156,0.05621922028055186,0.03014653841131042,0.05418229200951738,0.023017289462689713,0.03360931647206905,0.0167028118224828,0.023220982289793163
219,0.14044620428782795,0.18327168656730441,0.05601552745344842,0.030757616892620764,0.047460428715103566,0.02342467511689661,0.035849937570206984,0.01833235443931039,0.021998825327172466
220,0.14003881863362103,0.18298473192874873,0.05621922028055186,0.02994284558420697,0.047460428715103566,0.02342467511689661,0.03523885908889664,0.018943432920620736,0.022406210981379366
221,0.14350159669437967,0.19006096998182226,0.05621922028055186,0.030961309719724214,0.0497010498132415,0.02688745317765524,0.03483147343468974,0.022202518154275916,0.022813596635586263
222,0.13800189036258653,0.1790307293082112,0.05601552745344842,0.030553924065517317,0.0497010498132415,0.02485052490662075,0.03238715950944836,0.014462190724344865,0.021795132500069023
223,0.1431960574537245,0.18900899465645782,0.05723768441606911,0.029535459930000073,0.047460428715103566,0.027294838831862137,0.03849794432255182,0.019350818574827636,0.021591439672965573
224,0.14014066504717276,0.18304451561148802,0.05621922028055186,0.032590852336551804,0.04766412154220701,0.02342467511689661,0.03320193081786215,0.019147125747724186,0.022609903808482816
225,0.13952958656586242,0.1818871370249476,0.05601552745344842,0.030553924065517317,0.0497010498132415,0.024035753598206956,0.0334056236449656,0.017924968785103492,0.021591439672965573
226,0.14187205407755207,0.18630859899486682,0.05621922028055186,0.030553924065517317,0.04949735698613805,0.024443139252413856,0.03686840170572423,0.017721275958000045,0.022406210981379366
227,0.1373908118812762,0.17835935544699205,0.05601552745344842,0.029739152757103524,0.049293664159034606,0.02342467511689661,0.031165002546827664,0.017924968785103492,0.021795132500069023
228,0.13769635112193138,0.1786955042011517,0.05601552745344842,0.03035023123841387,0.047867814369310466,0.025868989042137996,0.02994284558420697,0.016295426168275902,0.023220982289793163
229,0.1448256000705521,0.19207302374212631,0.05601552745344842,0.03279454516365526,0.0497010498132415,0.027498531658965587,0.035849937570206984,0.021998825327172466,0.022813596635586263
230,0.13891850808455206,0.18087750283520015,0.05601552745344842,0.030757616892620764,0.04868258567772426,0.023628367944000056,0.03197977385524146,0.020776668364551776,0.021795132500069023
231,0.14187205407755207,0.1862492370499526,0.05601552745344842,0.03136869537393111,0.0497010498132415,0.022813596635586263,0.03320193081786215,0.023628367944000056,0.022813596635586263
232,0.14462190724344864,0.19178114702432897,0.05621922028055186,0.030757616892620764,0.049293664159034606,0.02485052490662075,0.04073856542068976,0.022609903808482816,0.021998825327172466
233,0.1377981975354831,0.1786395875644363,0.05601552745344842,0.03035023123841387,0.047460428715103566,0.023017289462689713,0.031165002546827664,0.01833235443931039,0.022202518154275916
234,0.14339975028082794,0.18878912090613076,0.05601552745344842,0.0334056236449656,0.05031212829455185,0.02342467511689661,0.03523885908889664,0.024646832079517303,0.021998825327172466
235,0.1419739004911038,0.18659409643518804,0.05601552745344842,0.03136869537393111,0.05031212829455185,0.023017289462689713,0.03747948018703458,0.020776668364551776,0.020980361191655222
236,0.1390203544981038,0.18084848325087496,0.05683029876186221,0.030553924065517317,0.04827520002351736,0.023017289462689713,0.03279454516365526,0.018128661612206942,0.021998825327172466
237,0.14024251146072447,0.1832023779562237,0.05601552745344842,0.0334056236449656,0.04908997133193115,0.023017289462689713,0.0338130092991725,0.01853604726641384,0.021795132500069023
238,0.1426868253859659,0.18767032115956575,0.05601552745344842,0.030553924065517317,0.05377490635531048,0.02485052490662075,0.0346277806075863,0.019554511401931082,0.023628367944000056
239,0.14136282200979347,0.18573262070096652,0.05621922028055186,0.030961309719724214,0.04868258567772426,0.02342467511689661,0.03890532997675872,0.014869576378551762,0.022813596635586263
240,0.14166836125044863,0.1859470752875131,0.05601552745344842,0.03035023123841387,0.05377490635531048,0.023017289462689713,0.03646101605151733,0.01833235443931039,0.021795132500069023
241,0.14299236462662104,0.18852193104692383,0.05683029876186221,0.030961309719724214,0.04827520002351736,0.027294838831862137,0.03686840170572423,0.017517583130896595,0.021998825327172466
242,0.1373908118812762,0.1783134141106812,0.05621922028055186,0.03035023123841387,0.0497010498132415,0.023017289462689713,0.031165002546827664,0.0167028118224828,0.021998825327172466
243,0.14095543635558655,0.18490683581101372,0.05621922028055186,0.03035023123841387,0.05296013504689668,0.023017289462689713,0.03523885908889664,0.01833235443931039,0.021998825327172466
244,0.1385111224303452,0.17968837908304464,0.05560814179924152,0.03014653841131042,0.047460428715103566,0.023017289462689713,0.0338130092991725,0.017721275958000045,0.021998825327172466
245,0.14604775703317277,0.19420557731433172,0.05601552745344842,0.0334056236449656,0.047460428715103566,0.029331767102896623,0.03890532997675872,0.022609903808482816,0.023220982289793163
246,0.14166836125044863,0.18593698329602687,0.05621922028055186,0.030553924065517317,0.0497010498132415,0.024443139252413856,0.03646101605151733,0.01833235443931039,0.021998825327172466
247,0.1419739004911038,0.1867879315712547,0.05601552745344842,0.032183466682344904,0.04949735698613805,0.023017289462689713,0.03483147343468974,0.022406210981379366,0.021998825327172466
248,0.14085358994203484,0.18411949090920904,0.05621922028055186,0.03035023123841387,0.04725673588800011,0.023017289462689713,0.03605363039731044,0.019554511401931082,0.022202518154275916
249,0.14115912918269,0.18538499024690663,0.05621922028055186,0.029739152757103524,0.04766412154220701,0.023017289462689713,0.039109022803862165,0.018128661612206942,0.021998825327172466
250,0.14187205407755207,0.185754752448389,0.05601552745344842,0.02872068862158628,0.05601552745344842,0.02668376035055179,0.03564624474310354,0.0167028118224828,0.021998825327172466
251,0.13922404732520724,0.18169725714431698,0.05662660593475876,0.03014653841131042,0.05031212829455185,0.024035753598206956,0.03197977385524146,0.01833235443931039,0.022202518154275916
252,0.14014066504717276,0.18238013325754626,0.05601552745344842,0.030553924065517317,0.04725673588800011,0.023017289462689713,0.030961309719724214,0.024646832079517303,0.022202518154275916
253,0.14136282200979347,0.18548745594005173,0.05560814179924152,0.03035023123841387,0.04888627850482771,0.02688745317765524,0.035849937570206984,0.01853604726641384,0.021795132500069023
254,0.13891850808455206,0.18062122229899064,0.05560814179924152,0.030757616892620764,0.05112689960296564,0.023628367944000056,0.03320193081786215,0.017924968785103492,0.021795132500069023
255,0.13708527264062104,0.17790611111064478,0.05601552745344842,0.030553924065517317,0.0501084354674484,0.023220982289793163,0.031165002546827664,0.015480654859862107,0.022406210981379366
256,0.1415665148368969,0.18614354730898364,0.05683029876186221,0.030553924065517317,0.047460428715103566,0.02342467511689661,0.03849794432255182,0.017721275958000045,0.022202518154275916
257,0.1424831325588624,0.18799718719479297,0.05784876289737946,0.030553924065517317,0.05316382787400013,0.024443139252413856,0.035849937570206984,0.017721275958000045,0.021795132500069023
258,0.14024251146072447,0.1832922260442978,0.05621922028055186,0.03136869537393111,0.0497010498132415,0.024035753598206956,0.03279454516365526,0.01853604726641384,0.022406210981379366
259,0.1448256000705521,0.19238065498826132,0.05621922028055186,0.030553924065517317,0.0497010498132415,0.027498531658965587,0.038090558668344925,0.022202518154275916,0.022202518154275916
260,0.13922404732520724,0.18163903468947412,0.05683029876186221,0.030553924065517317,0.0497010498132415,0.023017289462689713,0.03279454516365526,0.017721275958000045,0.021998825327172466
261,0.14146466842334518,0.18549113594908537,0.05560814179924152,0.03035023123841387,0.047460428715103566,0.027498531658965587,0.03564624474310354,0.01873974009351729,0.021998825327172466
262,0.1407517435284831,0.18456719802186095,0.05601552745344842,0.030961309719724214,0.04949735698613805,0.02342467511689661,0.03544255191600009,0.02036928271034488,0.021795132500069023
263,0.14380713593503483,0.18966873709488583,0.05601552745344842,0.03136869537393111,0.05153428525717254,0.02342467511689661,0.03503516626179319,0.02668376035055179,0.021998825327172466
264,0.13912220091165553,0.18123162227748815,0.05601552745344842,0.030553924065517317,0.0497010498132415,0.024443139252413856,0.03197977385524146,0.01833235443931039,0.021998825327172466
265,0.14177020766400036,0.1862576195172888,0.05520075614503462,0.029739152757103524,0.049293664159034606,0.02851699579448283,0.03503516626179319,0.022202518154275916,0.021591439672965573
266,0.1390203544981038,0.1813487152086094,0.05601552745344842,0.030553924065517317,0.05316382787400013,0.023017289462689713,0.03197977385524146,0.017721275958000045,0.021795132500069023
267,0.14207574690465555,0.18627096491253187,0.05560814179924152,0.030961309719724214,0.047460428715103566,0.024646832079517303,0.03523885908889664,0.024646832079517303,0.021998825327172466
268,0.1426868253859659,0.18825771265802832,0.05621922028055186,0.030553924065517317,0.053978599182413926,0.027294838831862137,0.0346277806075863,0.017924968785103492,0.021998825327172466
269,0.13810373677613827,0.17897357353116497,0.05621922028055186,0.030553924065517317,0.047460428715103566,0.02342467511689661,0.03279454516365526,0.016295426168275902,0.022813596635586263
270,0.13912220091165553,0.180752504066073,0.05560814179924152,0.029128074275793173,0.04908997133193115,0.023017289462689713,0.03483147343468974,0.018943432920620736,0.021795132500069023
271,0.14003881863362103,0.1829833225427081,0.05520075614503462,0.030757616892620764,0.0505158211216553,0.02709114600475869,0.031572388201034564,0.019554511401931082,0.021998825327172466
272,0.14350159669437967,0.18933589918577012,0.05601552745344842,0.030553924065517317,0.05112689960296564,0.02342467511689661,0.041349643902000105,0.02016558988324143,0.021998825327172466
273,0.14645514268737966,0.19419779869146017,0.05621922028055186,0.0334056236449656,0.0497010498132415,0.024035753598206956,0.04114595107489665,0.024646832079517303,0.022609903808482816
274,0.13952958656586242,0.18222990791918292,0.05621922028055186,0.030553924065517317,0.0497010498132415,0.024035753598206956,0.03503516626179319,0.016295426168275902,0.021998825327172466
275,0.14329790386727623,0.18854747460409754,0.05601552745344842,0.03035023123841387,0.04949735698613805,0.029331767102896623,0.03197977385524146,0.02627637469634489,0.021998825327172466
276,0.14625144986027624,0.19529923332417184,0.05683029876186221,0.02994284558420697,0.04868258567772426,0.02342467511689661,0.03605363039731044,0.0334056236449656,0.021998825327172466
277,0.1403443578742762,0.1834510743632964,0.05581183462634497,0.030961309719724214,0.04766412154220701,0.02342467511689661,0.03829425149544837,0.0167028118224828,0.021998825327172466
278,0.1403443578742762,0.1835910709624805,0.05601552745344842,0.03035023123841387,0.05153428525717254,0.022813596635586263,0.035849937570206984,0.0167028118224828,0.021795132500069023
279,0.1403443578742762,0.18330737000816408,0.05601552745344842,0.02994284558420697,0.04868258567772426,0.024443139252413856,0.03503516626179319,0.01833235443931039,0.022406210981379366
280,0.14166836125044863,0.18641283436191317,0.05683029876186221,0.030553924065517317,0.0497010498132415,0.02485052490662075,0.03646101605151733,0.01690650464958625,0.022202518154275916
281,0.1394277401523107,0.18206621829298322,0.05621922028055186,0.030553924065517317,0.049293664159034606,0.023628367944000056,0.0338130092991725,0.01833235443931039,0.021795132500069023
282,0.13973327939296587,0.1824075172069639,0.05723768441606911,0.030553924065517317,0.05153428525717254,0.02342467511689661,0.03177608102813801,0.01853604726641384,0.021591439672965573
283,0.1410572827691383,0.18496345969150457,0.05621922028055186,0.03136869537393111,0.04827520002351736,0.02342467511689661,0.035849937570206984,0.018128661612206942,0.022202518154275916
284,0.13963143297941413,0.18120079504171832,0.05621922028055186,0.030553924065517317,0.04725673588800011,0.025461603387931096,0.032590852336551804,0.017721275958000045,0.021998825327172466
285,0.1423812861453107,0.1872389550657453,0.05581183462634497,0.03035023123841387,0.0497010498132415,0.022813596635586263,0.04012748693937941,0.01833235443931039,0.021998825327172466
286,0.14003881863362103,0.18274526764769247,0.05560814179924152,0.03035023123841387,0.04807150719641391,0.02342467511689661,0.035849937570206984,0.017517583130896595,0.022406210981379366
287,0.14788099247710382,0.19786926169674968,0.05601552745344842,0.031572388201034564,0.049293664159034606,0.02525791056082765,0.04073856542068976,0.030961309719724214,0.022813596635586263
288,0.14044620428782795,0.18383307432565005,0.05601552745344842,0.029128074275793173,0.0501084354674484,0.02688745317765524,0.03503516626179319,0.017721275958000045,0.021795132500069023
289,0.13973327939296587,0.18275439161871534,0.05601552745344842,0.03014653841131042,0.049293664159034606,0.02342467511689661,0.034424087780482844,0.017924968785103492,0.021998825327172466
290,0.14136282200979347,0.18539972490947967,0.05601552745344842,0.03035023123841387,0.04868258567772426,0.027294838831862137,0.0334056236449656,0.01833235443931039,0.022813596635586263
291,0.14085358994203484,0.1842550868635128,0.05560814179924152,0.032590852336551804,0.05316382787400013,0.02342467511689661,0.035849937570206984,0.016295426168275902,0.021998825327172466
292,0.1424831325588624,0.1874449018506159,0.05601552745344842,0.030553924065517317,0.05133059243006909,0.023628367944000056,0.03686840170572423,0.02016558988324143,0.022609903808482816
293,0.1406498971149314,0.18428502364364235,0.05621922028055186,0.030553924065517317,0.0497010498132415,0.024035753598206956,0.034016702126275944,0.018943432920620736,0.022406210981379366
294,0.13932589373875895,0.18197337677240713,0.05683029876186221,0.030961309719724214,0.047460428715103566,0.02342467511689661,0.0334056236449656,0.016295426168275902,0.024035753598206956
295,0.13881666167100035,0.18096932340234378,0.05621922028055186,0.030553924065517317,0.049293664159034606,0.024443139252413856,0.031165002546827664,0.01853604726641384,0.021998825327172466
296,0.1426868253859659,0.187951116861805,0.05621922028055186,0.030553924065517317,0.05234905656558634,0.023017289462689713,0.03605363039731044,0.021591439672965573,0.022202518154275916
297,0.1407517435284831,0.18471056012521578,0.05601552745344842,0.031572388201034564,0.04908997133193115,0.02831330296737938,0.03136869537393111,0.019350818574827636,0.021998825327172466
298,0.14115912918269,0.18506261494683032,0.05601552745344842,0.030553924065517317,0.05296013504689668,0.02342467511689661,0.035849937570206984,0.017924968785103492,0.021591439672965573
299,0.14115912918269,0.1855054137208535,0.05601552745344842,0.03035023123841387,0.05031212829455185,0.025461603387931096,0.0334056236449656,0.020980361191655222,0.022609903808482816
300,0.14411267517569,0.1908041878525735,0.05621922028055186,0.032590852336551804,0.05275644221979323,0.024035753598206956,0.03870163714965527,0.018943432920620736,0.022609903808482816
301,0.14085358994203484,0.1844404414996694,0.05601552745344842,0.03197977385524146,0.04990474264034495,0.023017289462689713,0.03646101605151733,0.0167028118224828,0.021795132500069023
302,0.1390203544981038,0.18122297831465853,0.05683029876186221,0.030553924065517317,0.04908997133193115,0.024443139252413856,0.032183466682344904,0.0171101974766897,0.021998825327172466
303,0.13830742960324172,0.17973682252962644,0.05601552745344842,0.030961309719724214,0.04807150719641391,0.023017289462689713,0.03320193081786215,0.0167028118224828,0.021998825327172466
304,0.14166836125044863,0.1861894861828553,0.05601552745344842,0.030553924065517317,0.05357121352820703,0.0250542177337242,0.03279454516365526,0.021591439672965573,0.021998825327172466
305,0.14350159669437967,0.1892770329699857,0.05621922028055186,0.030553924065517317,0.05234905656558634,0.024443139252413856,0.03523885908889664,0.024239446425310406,0.022609903808482816
306,0.13800189036258653,0.179027046798148,0.05621922028055186,0.030553924065517317,0.047460428715103566,0.023017289462689713,0.031165002546827664,0.01873974009351729,0.021795132500069023
307,0.14187205407755207,0.18620891921416557,0.05683029876186221,0.029128074275793173,0.05112689960296564,0.02485052490662075,0.03605363039731044,0.01853604726641384,0.021998825327172466
308,0.1394277401523107,0.1820139242073828,0.05601552745344842,0.030553924065517317,0.04908997133193115,0.024443139252413856,0.031165002546827664,0.021184054018758672,0.022406210981379366
309,0.1403443578742762,0.18373354356938665,0.05621922028055186,0.03035023123841387,0.0505158211216553,0.02485052490662075,0.03279454516365526,0.021387746845862123,0.021591439672965573
310,0.1387148152574486,0.1803506076704333,0.05601552745344842,0.030553924065517317,0.04827520002351736,0.023628367944000056,0.0346277806075863,0.015888040514069005,0.021591439672965573
311,0.1398351258065176,0.18211059271162217,0.05601552745344842,0.0334056236449656,0.04868258567772426,0.023017289462689713,0.031165002546827664,0.021998825327172466,0.021591439672965573
312,0.13922404732520724,0.1808987026991542,0.05601552745344842,0.032590852336551804,0.04766412154220701,0.023628367944000056,0.03279454516365526,0.01833235443931039,0.021591439672965573
313,0.1398351258065176,0.18252614884146554,0.05621922028055186,0.030553924065517317,0.04827520002351736,0.027294838831862137,0.03136869537393111,0.0167028118224828,0.023220982289793163
314,0.1415665148368969,0.18558101261186974,0.05621922028055186,0.03320193081786215,0.04868258567772426,0.025665296215034546,0.0346277806075863,0.019554511401931082,0.021795132500069023
315,0.14411267517569,0.19028982398453156,0.05601552745344842,0.03320193081786215,0.0497010498132415,0.02485052490662075,0.03972010128517251,0.01873974009351729,0.021998825327172466
316,0.14513113931120725,0.19269991132632108,0.05621922028055186,0.032183466682344904,0.047460428715103566,0.02525791056082765,0.03870163714965527,0.024443139252413856,0.023220982289793163
317,0.14115912918269,0.18506432579227278,0.05601552745344842,0.030553924065517317,0.04868258567772426,0.02342467511689661,0.03483147343468974,0.022202518154275916,0.021998825327172466
318,0.1407517435284831,0.18455969312413592,0.05621922028055186,0.030553924065517317,0.0497010498132415,0.024035753598206956,0.035849937570206984,0.018128661612206942,0.021795132500069023
319,0.13973327939296587,0.18259108466815335,0.05621922028055186,0.030961309719724214,0.04766412154220701,0.02342467511689661,0.03523885908889664,0.017924968785103492,0.021795132500069023
320,0.1419739004911038,0.18679568579283612,0.05601552745344842,0.030757616892620764,0.047460428715103566,0.027294838831862137,0.03605363039731044,0.017924968785103492,0.021998825327172466
321,0.13881666167100035,0.1804723030152945,0.05601552745344842,0.029128074275793173,0.047460428715103566,0.02342467511689661,0.03523885908889664,0.017721275958000045,0.021795132500069023
322,0.13810373677613827,0.17951697778481437,0.05621922028055186,0.03035023123841387,0.04888627850482771,0.02342467511689661,0.0334056236449656,0.0167028118224828,0.021795132500069023
323,0.1390203544981038,0.18109311308107431,0.05581183462634497,0.03035023123841387,0.04847889285062081,0.023017289462689713,0.0338130092991725,0.01833235443931039,0.021998825327172466
324,0.13963143297941413,0.1817213656442665,0.05601552745344842,0.02892438144868973,0.05112689960296564,0.02342467511689661,0.03605363039731044,0.014869576378551762,0.021998825327172466
325,0.14207574690465555,0.187087371140683,0.05581183462634497,0.030553924065517317,0.0505158211216553,0.02485052490662075,0.03503516626179319,0.021591439672965573,0.022406210981379366
326,0.14054805070137966,0.18428879057135047,0.05581183462634497,0.03035023123841387,0.05275644221979323,0.024443139252413856,0.0338130092991725,0.018128661612206942,0.022813596635586263
327,0.14177020766400036,0.18621481225932196,0.05621922028055186,0.03035023123841387,0.05133059243006909,0.024443139252413856,0.03523885908889664,0.019554511401931082,0.022609903808482816
328,0.14370528952148312,0.1901211377072024,0.05621922028055186,0.03136869537393111,0.0497010498132415,0.023628367944000056,0.039516408458069065,0.020776668364551776,0.022202518154275916
329,0.13963143297941413,0.18220076042205682,0.05560814179924152,0.030553924065517317,0.05275644221979323,0.023017289462689713,0.03320193081786215,0.02036928271034488,0.021795132500069023
330,0.14024251146072447,0.18346477098362993,0.05621922028055186,0.030553924065517317,0.047460428715103566,0.023017289462689713,0.0338130092991725,0.023017289462689713,0.021795132500069023
331,0.14044620428782795,0.183875217159157,0.05621922028055186,0.030553924065517317,0.05092320677586219,0.023628367944000056,0.031572388201034564,0.024035753598206956,0.021998825327172466
332,0.1431960574537245,0.18903046739346974,0.05621922028055186,0.03035023123841387,0.04868258567772426,0.029128074275793173,0.03686840170572423,0.019554511401931082,0.021998825327172466
333,0.14166836125044863,0.18634137185119234,0.05683029876186221,0.03197977385524146,0.04868258567772426,0.023628367944000056,0.03360931647206905,0.022406210981379366,0.022609903808482816
334,0.14044620428782795,0.18347736250866623,0.05601552745344842,0.030553924065517317,0.04990474264034495,0.02525791056082765,0.03279454516365526,0.01853604726641384,0.022609903808482816
335,0.1403443578742762,0.18365713072641146,0.05601552745344842,0.03035023123841387,0.0497010498132415,0.023017289462689713,0.035849937570206984,0.017721275958000045,0.021795132500069023
336,0.13728896546772448,0.17743452117789682,0.05601552745344842,0.03035023123841387,0.047460428715103566,0.024443139252413856,0.03136869537393111,0.0167028118224828,0.021591439672965573
337,0.1403443578742762,0.18321686779293386,0.05601552745344842,0.03197977385524146,0.05112689960296564,0.023017289462689713,0.03279454516365526,0.01833235443931039,0.022813596635586263
338,0.14085358994203484,0.18474354677012056,0.05621922028055186,0.03035023123841387,0.05133059243006909,0.02342467511689661,0.03564624474310354,0.017924968785103492,0.021998825327172466
339,0.14299236462662104,0.1876394762937177,0.05621922028055186,0.030553924065517317,0.04725673588800011,0.024646832079517303,0.035849937570206984,0.024443139252413856,0.021998825327172466
340,0.14095543635558655,0.18509800092874068,0.05784876289737946,0.03035023123841387,0.047460428715103566,0.025461603387931096,0.03605363039731044,0.0167028118224828,0.021998825327172466
341,0.13769635112193138,0.1785133746819276,0.05601552745344842,0.029739152757103524,0.04888627850482771,0.024443139252413856,0.03279454516365526,0.016295426168275902,0.021998825327172466
342,0.1394277401523107,0.18202782342126791,0.05621922028055186,0.030961309719724214,0.05153428525717254,0.02342467511689661,0.03177608102813801,0.01853604726641384,0.021998825327172466
343,0.14146466842334518,0.18550785028427516,0.05683029876186221,0.03035023123841387,0.04868258567772426,0.023017289462689713,0.031165002546827664,0.027498531658965587,0.021998825327172466
344,0.1394277401523107,0.17981954286797203,0.054691524077275996,0.03035023123841387,0.04827520002351736,0.023017289462689713,0.03849794432255182,0.0167028118224828,0.021795132500069023
345,0.1410572827691383,0.18533514186662256,0.05621922028055186,0.030553924065517317,0.05133059243006909,0.024443139252413856,0.0338130092991725,0.020980361191655222,0.021998825327172466
346,0.14309421104017278,0.1885282326690141,0.05560814179924152,0.030757616892620764,0.05153428525717254,0.02342467511689661,0.03829425149544837,0.021591439672965573,0.021998825327172466
347,0.1387148152574486,0.18020442060334027,0.05683029876186221,0.030553924065517317,0.04807150719641391,0.023017289462689713,0.03177608102813801,0.01833235443931039,0.021795132500069023
348,0.14044620428782795,0.18394173083392693,0.05601552745344842,0.030553924065517317,0.0505158211216553,0.027294838831862137,0.03136869537393111,0.019554511401931082,0.021795132500069023
349,0.14339975028082794,0.18913201179869005,0.05601552745344842,0.03197977385524146,0.04868258567772426,0.02485052490662075,0.04297918651882769,0.0167028118224828,0.022202518154275916
350,0.1410572827691383,0.1847406557313297,0.05621922028055186,0.030553924065517317,0.047460428715103566,0.029128074275793173,0.0346277806075863,0.016499118995379352,0.022609903808482816
351,0.1406498971149314,0.18399428084051278,0.05621922028055186,0.030961309719724214,0.05255274939268978,0.02525791056082765,0.03279454516365526,0.019350818574827636,0.022406210981379366
352,0.13800189036258653,0.17885208770367533,0.05560814179924152,0.03035023123841387,0.05092320677586219,0.02485052490662075,0.03136869537393111,0.015888040514069005,0.022609903808482816
353,0.1377981975354831,0.17924389882111924,0.05621922028055186,0.03035023123841387,0.04868258567772426,0.023017289462689713,0.0338130092991725,0.015888040514069005,0.021795132500069023
354,0.14146466842334518,0.18523456841916192,0.05601552745344842,0.030553924065517317,0.04868258567772426,0.025868989042137996,0.03320193081786215,0.023832060771103506,0.021591439672965573
355,0.13830742960324172,0.1795867041001846,0.05560814179924152,0.030553924065517317,0.0497010498132415,0.023220982289793163,0.0338130092991725,0.016295426168275902,0.022202518154275916
356,0.14166836125044863,0.186521587684032,0.05621922028055186,0.030553924065517317,0.049293664159034606,0.023017289462689713,0.03523885908889664,0.022813596635586263,0.022406210981379366
357,0.1415665148368969,0.18594851657251177,0.05703399158896566,0.03035023123841387,0.05031212829455185,0.023017289462689713,0.03564624474310354,0.019350818574827636,0.022609903808482816
358,0.1427886717995176,0.1882218316352481,0.05601552745344842,0.031572388201034564,0.05031212829455185,0.024035753598206956,0.03605363039731044,0.023017289462689713,0.021591439672965573
359,0.14217759331820723,0.18615474816309951,0.05560814179924152,0.030553924065517317,0.05723768441606911,0.024035753598206956,0.0346277806075863,0.017721275958000045,0.022609903808482816
360,0.14054805070137966,0.18382844787974048,0.05601552745344842,0.03035023123841387,0.04827520002351736,0.023220982289793163,0.0334056236449656,0.021387746845862123,0.023220982289793163
361,0.13637234774575896,0.17565304673513374,0.05560814179924152,0.030553924065517317,0.04725673588800011,0.023017289462689713,0.031165002546827664,0.016295426168275902,0.021998825327172466
362,0.13881666167100035,0.18045271528332227,0.05601552745344842,0.030757616892620764,0.05112689960296564,0.02342467511689661,0.03279454516365526,0.0167028118224828,0.022406210981379366
363,0.13993697222006932,0.1829445858909416,0.05601552745344842,0.03035023123841387,0.0497010498132415,0.02688745317765524,0.03279454516365526,0.0167028118224828,0.022813596635586263
364,0.14177020766400036,0.18615468266898588,0.05601552745344842,0.030553924065517317,0.04888627850482771,0.024443139252413856,0.034016702126275944,0.024239446425310406,0.021998825327172466
365,0.13596496209155207,0.17497463658112622,0.05479337049082772,0.030553924065517317,0.04908997133193115,0.023017289462689713,0.030961309719724214,0.016295426168275902,0.021998825327172466
366,0.13932589373875895,0.1810980926872776,0.05581183462634497,0.032998237990758704,0.047460428715103566,0.02342467511689661,0.03360931647206905,0.017517583130896595,0.021591439672965573
367,0.14166836125044863,0.18630973415644367,0.05621922028055186,0.030553924065517317,0.05031212829455185,0.024443139252413856,0.03890532997675872,0.014869576378551762,0.022202518154275916
368,0.14146466842334518,0.18575465652894602,0.05621922028055186,0.030553924065517317,0.04766412154220701,0.02342467511689661,0.035849937570206984,0.022202518154275916,0.021795132500069023
369,0.13820558318969,0.17966389101131264,0.05621922028055186,0.03197977385524146,0.047460428715103566,0.023017289462689713,0.032590852336551804,0.0167028118224828,0.021998825327172466
370,0.13922404732520724,0.18157110582286493,0.05621922028055186,0.03014653841131042,0.05133059243006909,0.02342467511689661,0.03197977385524146,0.01833235443931039,0.022202518154275916
371,0.14187205407755207,0.1865183721975666,0.05601552745344842,0.030553924065517317,0.04766412154220701,0.02831330296737938,0.03523885908889664,0.01873974009351729,0.021998825327172466
372,0.13840927601679345,0.17987158967427896,0.05601552745344842,0.03035023123841387,0.04868258567772426,0.022813596635586263,0.031165002546827664,0.017517583130896595,0.023220982289793163
373,0.13952958656586242,0.18213262649375106,0.05601552745344842,0.030553924065517317,0.04990474264034495,0.023628367944000056,0.0334056236449656,0.01833235443931039,0.021998825327172466
374,0.13993697222006932,0.1827700444956983,0.05581183462634497,0.030961309719724214,0.049293664159034606,0.023017289462689713,0.03279454516365526,0.021998825327172466,0.021591439672965573
375,0.1415665148368969,0.18579956024008779,0.05560814179924152,0.03035023123841387,0.05153428525717254,0.02342467511689661,0.03605363039731044,0.020980361191655222,0.021998825327172466
376,0.14085358994203484,0.1848762591635528,0.05621922028055186,0.032183466682344904,0.05112689960296564,0.02485052490662075,0.031165002546827664,0.022813596635586263,0.022406210981379366
377,0.14329790386727623,0.18988548193559093,0.05621922028055186,0.03136869537393111,0.04888627850482771,0.02688745317765524,0.03503516626179319,0.022406210981379366,0.022609903808482816
378,0.14227943973175897,0.18719124290476077,0.05601552745344842,0.03035023123841387,0.04868258567772426,0.02872068862158628,0.03605363039731044,0.018128661612206942,0.021998825327172466
379,0.13993697222006932,0.18283638432826535,0.05621922028055186,0.030553924065517317,0.04868258567772426,0.024646832079517303,0.0346277806075863,0.01690650464958625,0.021998825327172466
380,0.1406498971149314,0.18372797036081825,0.05601552745344842,0.032183466682344904,0.04868258567772426,0.02485052490662075,0.03360931647206905,0.019147125747724186,0.021998825327172466
381,0.13993697222006932,0.18281733833808506,0.05621922028055186,0.030553924065517317,0.0497010498132415,0.02525791056082765,0.032183466682344904,0.017517583130896595,0.023220982289793163
382,0.14054805070137966,0.18404342778639965,0.05621922028055186,0.030553924065517317,0.05031212829455185,0.024443139252413856,0.03503516626179319,0.018128661612206942,0.021591439672965573
383,0.14014066504717276,0.18311551741202703,0.05560814179924152,0.03136869537393111,0.0497010498132415,0.02342467511689661,0.03360931647206905,0.020980361191655222,0.021998825327172466
384,0.14187205407755207,0.18647223714641403,0.05703399158896566,0.030757616892620764,0.05133059243006909,0.02525791056082765,0.0346277806075863,0.01833235443931039,0.021998825327172466
385,0.13790004394903482,0.1786449060199149,0.05703399158896566,0.030553924065517317,0.047460428715103566,0.02342467511689661,0.03197977385524146,0.0167028118224828,0.021998825327172466
386,0.1423812861453107,0.18779976776755056,0.05683029876186221,0.030961309719724214,0.05031212829455185,0.02688745317765524,0.03483147343468974,0.019554511401931082,0.021998825327172466
387,0.14115912918269,0.18495115567571288,0.05581183462634497,0.032590852336551804,0.0497010498132415,0.02342467511689661,0.035849937570206984,0.01833235443931039,0.021795132500069023
388,0.13810373677613827,0.17927754697624781,0.05601552745344842,0.030553924065517317,0.0497010498132415,0.023220982289793163,0.031572388201034564,0.0167028118224828,0.022609903808482816
389,0.1403443578742762,0.18350426488287855,0.05621922028055186,0.030553924065517317,0.04827520002351736,0.023220982289793163,0.03503516626179319,0.01873974009351729,0.021998825327172466
390,0.1424831325588624,0.18764367496043535,0.05683029876186221,0.02994284558420697,0.0505158211216553,0.02485052490662075,0.03605363039731044,0.02036928271034488,0.022202518154275916
391,0.1386129688438969,0.17997214778792034,0.05601552745344842,0.03035023123841387,0.047460428715103566,0.023017289462689713,0.032590852336551804,0.01873974009351729,0.021998825327172466
392,0.1407517435284831,0.18457058140118818,0.05621922028055186,0.03136869537393111,0.0501084354674484,0.02342467511689661,0.0338130092991725,0.019554511401931082,0.023220982289793163
393,0.14492744648410383,0.19154981539417032,0.05601552745344842,0.0334056236449656,0.05031212829455185,0.02342467511689661,0.03727578735993113,0.02648006752344834,0.021998825327172466
394,0.14126097559624173,0.18552255350697816,0.05642291310765531,0.03035023123841387,0.04908997133193115,0.023017289462689713,0.03646101605151733,0.01853604726641384,0.022202518154275916
395,0.14126097559624173,0.18486532434227224,0.05560814179924152,0.03035023123841387,0.04868258567772426,0.02342467511689661,0.03788686584124147,0.01873974009351729,0.021998825327172466
396,0.13963143297941413,0.18245920169483357,0.05520075614503462,0.03035023123841387,0.05357121352820703,0.023017289462689713,0.034016702126275944,0.018128661612206942,0.021998825327172466
397,0.1398351258065176,0.18282170203097922,0.05621922028055186,0.03014653841131042,0.04868258567772426,0.027702224486069033,0.03197977385524146,0.017924968785103492,0.021998825327172466
398,0.13790004394903482,0.17837593687621983,0.05479337049082772,0.03035023123841387,0.05234905656558634,0.023017289462689713,0.031165002546827664,0.018943432920620736,0.021591439672965573
399,0.14014066504717276,0.18313555162829911,0.05581183462634497,0.03197977385524146,0.047460428715103566,0.023017289462689713,0.0338130092991725,0.01873974009351729,0.022813596635586263
400,0.14115912918269,0.1851528506535676,0.05683029876186221,0.02994284558420697,0.05031212829455185,0.02485052490662075,0.03564624474310354,0.0167028118224828,0.02342467511689661
401,0.13963143297941413,0.18231208269766638,0.05601552745344842,0.029739152757103524,0.05031212829455185,0.023017289462689713,0.03503516626179319,0.0167028118224828,0.023220982289793163
402,0.13881666167100035,0.18096895686006778,0.05621922028055186,0.03035023123841387,0.0497010498132415,0.024035753598206956,0.031165002546827664,0.019554511401931082,0.022202518154275916
403,0.1410572827691383,0.18502892272258673,0.05601552745344842,0.03035023123841387,0.047460428715103566,0.02688745317765524,0.03483147343468974,0.019147125747724186,0.022202518154275916
404,0.14054805070137966,0.18388928527576062,0.05581183462634497,0.02994284558420697,0.0501084354674484,0.023017289462689713,0.03646101605151733,0.01833235443931039,0.021795132500069023
405,0.14126097559624173,0.18528917423027227,0.05581183462634497,0.03035023123841387,0.04868258567772426,0.027498531658965587,0.03686840170572423,0.016295426168275902,0.021998825327172466
406,0.14014066504717276,0.18249604335232344,0.05621922028055186,0.03035023123841387,0.04725673588800011,0.023628367944000056,0.03136869537393111,0.024646832079517303,0.022202518154275916
407,0.13881666167100035,0.18083705372655628,0.05621922028055186,0.032183466682344904,0.04847889285062081,0.02342467511689661,0.031165002546827664,0.01873974009351729,0.021998825327172466
408,0.14014066504717276,0.1833290129374644,0.05621922028055186,0.03197977385524146,0.047460428715103566,0.02709114600475869,0.0338130092991725,0.016091733341172452,0.021998825327172466
409,0.14095543635558655,0.1845803221409082,0.05621922028055186,0.03035023123841387,0.047460428715103566,0.024443139252413856,0.03483147343468974,0.01833235443931039,0.02342467511689661
410,0.13993697222006932,0.1825753012029583,0.05621922028055186,0.03035023123841387,0.04725673588800011,0.023017289462689713,0.03483147343468974,0.01853604726641384,0.021998825327172466
411,0.14166836125044863,0.18587950311098225,0.05703399158896566,0.032998237990758704,0.047460428715103566,0.024443139252413856,0.0346277806075863,0.02036928271034488,0.022406210981379366
412,0.1427886717995176,0.1876478652188634,0.05601552745344842,0.030553924065517317,0.04766412154220701,0.024443139252413856,0.032998237990758704,0.02831330296737938,0.022609903808482816
413,0.14187205407755207,0.18671576392734265,0.05601552745344842,0.03035023123841387,0.04949735698613805,0.02525791056082765,0.0346277806075863,0.023017289462689713,0.021795132500069023
414,0.14146466842334518,0.18591113465274045,0.05621922028055186,0.030553924065517317,0.0497010498132415,0.026072681869241447,0.03503516626179319,0.01853604726641384,0.021998825327172466
415,0.1403443578742762,0.18348522838029566,0.05601552745344842,0.030961309719724214,0.05112689960296564,0.02342467511689661,0.03279454516365526,0.021591439672965573,0.021998825327172466
416,0.13840927601679345,0.1800348257086678,0.05784876289737946,0.03035023123841387,0.04807150719641391,0.02342467511689661,0.03177608102813801,0.0167028118224828,0.021998825327172466
417,0.14217759331820723,0.18706776516572435,0.05723768441606911,0.029739152757103524,0.0497010498132415,0.02342467511689661,0.03503516626179319,0.024239446425310406,0.021998825327172466
418,0.13810373677613827,0.17924600539411706,0.05581183462634497,0.029739152757103524,0.047460428715103566,0.023017289462689713,0.03320193081786215,0.01690650464958625,0.023220982289793163
419,0.13800189036258653,0.17932471381346585,0.05601552745344842,0.03035023123841387,0.04827520002351736,0.023628367944000056,0.031165002546827664,0.0171101974766897,0.022813596635586263
420,0.13993697222006932,0.18229763917833536,0.05601552745344842,0.030553924065517317,0.04725673588800011,0.02485052490662075,0.03503516626179319,0.0167028118224828,0.022609903808482816
421,0.1394277401523107,0.18176783786631628,0.05621922028055186,0.030553924065517317,0.04847889285062081,0.02831330296737938,0.03177608102813801,0.0167028118224828,0.022202518154275916
422,0.13912220091165553,0.18113559694303205,0.05581183462634497,0.03035023123841387,0.047460428715103566,0.02688745317765524,0.03279454516365526,0.018128661612206942,0.021795132500069023
423,0.14085358994203484,0.184542209146917,0.05621922028055186,0.030961309719724214,0.05234905656558634,0.02485052490662075,0.03483147343468974,0.0167028118224828,0.022202518154275916
424,0.13952958656586242,0.1822972119868675,0.05601552745344842,0.030553924065517317,0.04908997133193115,0.02688745317765524,0.030553924065517317,0.01833235443931039,0.022406210981379366
425,0.1377981975354831,0.17919247580905576,0.05581183462634497,0.030553924065517317,0.049293664159034606,0.022813596635586263,0.030961309719724214,0.01833235443931039,0.021795132500069023
426,0.13830742960324172,0.1796928107213367,0.05621922028055186,0.030553924065517317,0.04847889285062081,0.02342467511689661,0.0334056236449656,0.0167028118224828,0.021795132500069023
427,0.13810373677613827,0.178421507503093,0.05479337049082772,0.029535459930000073,0.049293664159034606,0.024035753598206956,0.03279454516365526,0.01853604726641384,0.022406210981379366
428,0.13881666167100035,0.18097075338685112,0.05621922028055186,0.030553924065517317,0.047460428715103566,0.02525791056082765,0.0338130092991725,0.0167028118224828,0.021998825327172466
429,0.14014066504717276,0.1829932497812623,0.05621922028055186,0.030961309719724214,0.05092320677586219,0.024646832079517303,0.03279454516365526,0.01873974009351729,0.021998825327172466
430,0.1403443578742762,0.1836953502754503,0.05621922028055186,0.03136869537393111,0.04908997133193115,0.024443139252413856,0.03360931647206905,0.018943432920620736,0.021998825327172466
431,0.13973327939296587,0.18189464709952952,0.05601552745344842,0.0334056236449656,0.047460428715103566,0.023220982289793163,0.03544255191600009,0.016295426168275902,0.022202518154275916
432,0.14024251146072447,0.18325433227643673,0.05601552745344842,0.03035023123841387,0.05499706331793117,0.024443139252413856,0.03279454516365526,0.018128661612206942,0.022202518154275916
433,0.14085358994203484,0.18449123269116774,0.05601552745344842,0.030553924065517317,0.05133059243006909,0.024443139252413856,0.03523885908889664,0.017517583130896595,0.021795132500069023
434,0.1426868253859659,0.1881114000940878,0.05601552745344842,0.030553924065517317,0.0497010498132415,0.024646832079517303,0.03870163714965527,0.019147125747724186,0.021998825327172466
435,0.1361686549186555,0.1757401577914793,0.05560814179924152,0.03035023123841387,0.04868258567772426,0.023017289462689713,0.031165002546827664,0.015888040514069005,0.021795132500069023
436,0.14380713593503483,0.19016379268085745,0.05601552745344842,0.032183466682344904,0.05031212829455185,0.027498531658965587,0.03788686584124147,0.01833235443931039,0.021795132500069023
437,0.14187205407755207,0.18652276226406128,0.05621922028055186,0.030553924065517317,0.05031212829455185,0.023017289462689713,0.03686840170572423,0.01853604726641384,0.022406210981379366
438,0.13810373677613827,0.1799228896345224,0.05621922028055186,0.030553924065517317,0.0497010498132415,0.02342467511689661,0.031165002546827664,0.017924968785103492,0.021998825327172466
439,0.13840927601679345,0.180162751502631,0.05621922028055186,0.030553924065517317,0.049293664159034606,0.02485052490662075,0.030961309719724214,0.016295426168275902,0.023220982289793163
440,0.13830742960324172,0.17979064784111784,0.05621922028055186,0.03035023123841387,0.05133059243006909,0.02342467511689661,0.03279454516365526,0.016295426168275902,0.021795132500069023
441,0.1428905182130693,0.1887106974273984,0.05621922028055186,0.031572388201034564,0.04868258567772426,0.029128074275793173,0.03503516626179319,0.01873974009351729,0.021998825327172466
442,0.1415665148368969,0.18601751063780772,0.05601552745344842,0.030553924065517317,0.0497010498132415,0.023628367944000056,0.03646101605151733,0.020980361191655222,0.021795132500069023
443,0.13912220091165553,0.18075000257358498,0.05601552745344842,0.030757616892620764,0.04868258567772426,0.023017289462689713,0.03279454516365526,0.019554511401931082,0.021591439672965573
444,0.14207574690465555,0.18672439143643224,0.05601552745344842,0.030961309719724214,0.04868258567772426,0.023017289462689713,0.035849937570206984,0.021184054018758672,0.02342467511689661
445,0.1424831325588624,0.18784543710319296,0.05621922028055186,0.03320193081786215,0.049293664159034606,0.027702224486069033,0.03503516626179319,0.017517583130896595,0.021998825327172466
446,0.14431636800279346,0.19072420615771152,0.05621922028055186,0.030553924065517317,0.04868258567772426,0.027498531658965587,0.034016702126275944,0.027294838831862137,0.021998825327172466
447,0.14024251146072447,0.18349795259957496,0.05581183462634497,0.029331767102896623,0.05112689960296564,0.02342467511689661,0.0338130092991725,0.021387746845862123,0.022609903808482816
448,0.13993697222006932,0.1828561322919632,0.05621922028055186,0.030553924065517317,0.05499706331793117,0.024443139252413856,0.03238715950944836,0.018128661612206942,0.021795132500069023
449,0.1406498971149314,0.18418496323592456,0.05601552745344842,0.030961309719724214,0.04766412154220701,0.023017289462689713,0.03686840170572423,0.01731389030379315,0.021998825327172466
450,0.1426868253859659,0.18789237409170825,0.055404448972138066,0.030757616892620764,0.05255274939268978,0.02342467511689661,0.03829425149544837,0.020980361191655222,0.021998825327172466
451,0.14492744648410383,0.19233124693361228,0.05703399158896566,0.03320193081786215,0.05296013504689668,0.02485052490662075,0.035849937570206984,0.023628367944000056,0.022406210981379366
452,0.1387148152574486,0.18067697585236836,0.05621922028055186,0.03035023123841387,0.04868258567772426,0.023017289462689713,0.03523885908889664,0.016295426168275902,0.021795132500069023
453,0.1398351258065176,0.1824207933329329,0.05601552745344842,0.030553924065517317,0.05357121352820703,0.024443139252413856,0.032998237990758704,0.0167028118224828,0.022202518154275916
454,0.14115912918269,0.1850696056206591,0.05601552745344842,0.03035023123841387,0.047460428715103566,0.02709114600475869,0.0334056236449656,0.019961897056137982,0.022609903808482816
455,0.14217759331820723,0.18734543425998038,0.05601552745344842,0.03035023123841387,0.0505158211216553,0.02342467511689661,0.03849794432255182,0.018128661612206942,0.022609903808482816
456,0.13912220091165553,0.18117903485873887,0.05601552745344842,0.02994284558420697,0.04868258567772426,0.02342467511689661,0.03503516626179319,0.016295426168275902,0.023220982289793163
457,0.1426868253859659,0.1879818943214821,0.05621922028055186,0.030553924065517317,0.0497010498132415,0.02485052490662075,0.0346277806075863,0.024035753598206956,0.021998825327172466
458,0.13830742960324172,0.17987267256626527,0.05621922028055186,0.030553924065517317,0.0505158211216553,0.02342467511689661,0.032590852336551804,0.016295426168275902,0.021998825327172466
459,0.14044620428782795,0.18388230474679063,0.05621922028055186,0.03035023123841387,0.04766412154220701,0.02342467511689661,0.035849937570206984,0.019554511401931082,0.021998825327172466
460,0.1426868253859659,0.18826301472615692,0.05601552745344842,0.03136869537393111,0.0505158211216553,0.02342467511689661,0.03870163714965527,0.01873974009351729,0.021998825327172466
461,0.13790004394903482,0.17848279548503004,0.05601552745344842,0.030553924065517317,0.04725673588800011,0.02485052490662075,0.03279454516365526,0.015480654859862107,0.021998825327172466
462,0.14309421104017278,0.18880056050107558,0.05621922028055186,0.03035023123841387,0.04827520002351736,0.024443139252413856,0.03849794432255182,0.022202518154275916,0.021998825327172466
463,0.14380713593503483,0.18956408348206016,0.05601552745344842,0.03197977385524146,0.047460428715103566,0.023017289462689713,0.03483147343468974,0.03035023123841387,0.021998825327172466
464,0.14146466842334518,0.18552006884063857,0.05601552745344842,0.030961309719724214,0.04908997133193115,0.02485052490662075,0.03605363039731044,0.019147125747724186,0.021795132500069023
465,0.1385111224303452,0.18030606312999783,0.05601552745344842,0.03035023123841387,0.04888627850482771,0.025665296215034546,0.03197977385524146,0.016295426168275902,0.022813596635586263
466,0.1398351258065176,0.18276072776426522,0.05621922028055186,0.030553924065517317,0.047460428715103566,0.025461603387931096,0.03564624474310354,0.015888040514069005,0.021998825327172466
467,0.13973327939296587,0.18259146557205969,0.05621922028055186,0.03035023123841387,0.049293664159034606,0.02485052490662075,0.03279454516365526,0.02016558988324143,0.021998825327172466
468,0.14645514268737966,0.19508291173754486,0.05621922028055186,0.03035023123841387,0.05499706331793117,0.02485052490662075,0.03849794432255182,0.02872068862158628,0.021998825327172466
469,0.13891850808455206,0.1807493393970582,0.05601552745344842,0.03136869537393111,0.05031212829455185,0.024035753598206956,0.03279454516365526,0.015684347686965555,0.023220982289793163
470,0.1410572827691383,0.18421698578584764,0.05601552745344842,0.030553924065517317,0.04725673588800011,0.024443139252413856,0.035849937570206984,0.019554511401931082,0.022202518154275916
471,0.1410572827691383,0.1853833629326778,0.05621922028055186,0.030757616892620764,0.05112689960296564,0.027498531658965587,0.0334056236449656,0.017517583130896595,0.021795132500069023
472,0.14187205407755207,0.18660306586833209,0.05601552745344842,0.03136869537393111,0.0497010498132415,0.023017289462689713,0.03523885908889664,0.021998825327172466,0.021998825327172466
473,0.14044620428782795,0.18439968493901016,0.05621922028055186,0.03035023123841387,0.04908997133193115,0.025461603387931096,0.03503516626179319,0.01731389030379315,0.021998825327172466
474,0.14187205407755207,0.18673398280551085,0.05581183462634497,0.030961309719724214,0.04908997133193115,0.024035753598206956,0.035849937570206984,0.020980361191655222,0.02342467511689661
475,0.14299236462662104,0.18828494633328466,0.05560814179924152,0.03320193081786215,0.04908997133193115,0.027294838831862137,0.0334056236449656,0.023832060771103506,0.021998825327172466
476,0.14207574690465555,0.1871550276052935,0.05601552745344842,0.030553924065517317,0.049293664159034606,0.02525791056082765,0.03503516626179319,0.021591439672965573,0.022202518154275916
477,0.13810373677613827,0.17978147842806227,0.05621922028055186,0.03014653841131042,0.0497010498132415,0.025665296215034546,0.030961309719724214,0.0167028118224828,0.021998825327172466
478,0.14024251146072447,0.18335506545809604,0.05601552745344842,0.030553924065517317,0.04908997133193115,0.023220982289793163,0.0334056236449656,0.021591439672965573,0.021795132500069023
479,0.1386129688438969,0.18055368417491094,0.05683029876186221,0.03035023123841387,0.0497010498132415,0.023017289462689713,0.0334056236449656,0.0167028118224828,0.021795132500069023
480,0.14126097559624173,0.1852042267781496,0.05621922028055186,0.03035023123841387,0.04827520002351736,0.023220982289793163,0.03646101605151733,0.019350818574827636,0.022406210981379366
481,0.14054805070137966,0.18367395919344698,0.05621922028055186,0.030961309719724214,0.04827520002351736,0.024443139252413856,0.0346277806075863,0.01833235443931039,0.021998825327172466
482,0.14462190724344864,0.19260626469413936,0.05601552745344842,0.03014653841131042,0.04908997133193115,0.02525791056082765,0.034016702126275944,0.03238715950944836,0.021998825327172466
483,0.13891850808455206,0.18047572842707402,0.05601552745344842,0.029128074275793173,0.04766412154220701,0.024443139252413856,0.03360931647206905,0.01833235443931039,0.022202518154275916
484,0.13891850808455206,0.18086254551198327,0.05621922028055186,0.02994284558420697,0.05092320677586219,0.023017289462689713,0.03279454516365526,0.0167028118224828,0.023220982289793163
485,0.14177020766400036,0.186021258637974,0.05560814179924152,0.030961309719724214,0.04908997133193115,0.023017289462689713,0.03972010128517251,0.017924968785103492,0.021795132500069023
486,0.13769635112193138,0.17914519115510474,0.05621922028055186,0.031572388201034564,0.05031212829455185,0.02342467511689661,0.030961309719724214,0.015888040514069005,0.021998825327172466
487,0.13993697222006932,0.1830921016844472,0.05784876289737946,0.030757616892620764,0.04888627850482771,0.023017289462689713,0.031572388201034564,0.019758204229034532,0.022813596635586263
488,0.13973327939296587,0.18253526807359635,0.05621922028055186,0.03035023123841387,0.04949735698613805,0.023017289462689713,0.035849937570206984,0.0167028118224828,0.021591439672965573
489,0.1387148152574486,0.18046996559205306,0.05601552745344842,0.02994284558420697,0.04847889285062081,0.024646832079517303,0.031165002546827664,0.02036928271034488,0.021998825327172466
490,0.13922404732520724,0.18095392682094574,0.05601552745344842,0.030757616892620764,0.04766412154220701,0.024646832079517303,0.03279454516365526,0.018128661612206942,0.022202518154275916
491,0.14227943973175897,0.1872882208531246,0.05621922028055186,0.03035023123841387,0.04766412154220701,0.024443139252413856,0.035849937570206984,0.021998825327172466,0.022813596635586263
492,0.14227943973175897,0.18726690395367082,0.05601552745344842,0.03136869537393111,0.047460428715103566,0.02872068862158628,0.03605363039731044,0.01690650464958625,0.021998825327172466
493,0.1398351258065176,0.18285379938961982,0.05621922028055186,0.03035023123841387,0.047460428715103566,0.02342467511689661,0.03360931647206905,0.020980361191655222,0.022609903808482816
494,0.13973327939296587,0.18253205555103544,0.05621922028055186,0.030553924065517317,0.047460428715103566,0.025665296215034546,0.03483147343468974,0.0167028118224828,0.021998825327172466
495,0.14380713593503483,0.19016323596550508,0.05621922028055186,0.030553924065517317,0.04807150719641391,0.027498531658965587,0.035849937570206984,0.023628367944000056,0.021998825327172466
496,0.13922404732520724,0.18134093233408338,0.05621922028055186,0.030553924065517317,0.05112689960296564,0.023017289462689713,0.03279454516365526,0.01833235443931039,0.021795132500069023
497,0.14115912918269,0.1847170550395379,0.05601552745344842,0.030553924065517317,0.04725673588800011,0.023017289462689713,0.035849937570206984,0.021387746845862123,0.021998825327172466
498,0.1398351258065176,0.182904851883608,0.05621922028055186,0.030553924065517317,0.0497010498132415,0.024035753598206956,0.035849937570206984,0.014462190724344865,0.021998825327172466
499,0.14166836125044863,0.1853381642860807,0.05479337049082772,0.030553924065517317,0.04908997133193115,0.02709114600475869,0.03646101605151733,0.019554511401931082,0.021998825327172466
500,0.14309421104017278,0.1881057314641668,0.05723768441606911,0.030553924065517317,0.04725673588800011,0.02342467511689661,0.04114595107489665,0.017517583130896595,0.022406210981379366
501,0.1431960574537245,0.18888765771823454,0.05621922028055186,0.030553924065517317,0.04888627850482771,0.025665296215034546,0.0346277806075863,0.024646832079517303,0.022202518154275916
502,0.14054805070137966,0.18407951543081363,0.05601552745344842,0.030757616892620764,0.04908997133193115,0.023017289462689713,0.03523885908889664,0.017924968785103492,0.022813596635586263
503,0.13993697222006932,0.18233025144865442,0.05601552745344842,0.029739152757103524,0.04868258567772426,0.02342467511689661,0.03279454516365526,0.023628367944000056,0.021998825327172466
504,0.14115912918269,0.18521140902060376,0.05601552745344842,0.03035023123841387,0.04868258567772426,0.02525791056082765,0.03523885908889664,0.020980361191655222,0.021795132500069023
505,0.14115912918269,0.18504478310971298,0.05601552745344842,0.030553924065517317,0.05316382787400013,0.024443139252413856,0.03503516626179319,0.018128661612206942,0.021795132500069023
506,0.14014066504717276,0.18244494739072856,0.05560814179924152,0.02994284558420697,0.04725673588800011,0.022813596635586263,0.03605363039731044,0.019554511401931082,0.021998825327172466
507,0.14115912918269,0.18531292012864725,0.05621922028055186,0.03238715950944836,0.04807150719641391,0.02342467511689661,0.03849794432255182,0.015480654859862107,0.022406210981379366
508,0.13840927601679345,0.17987353796601213,0.05601552745344842,0.029128074275793173,0.04847889285062081,0.02342467511689661,0.031165002546827664,0.022202518154275916,0.021591439672965573
509,0.1403443578742762,0.1832131154688832,0.055404448972138066,0.030553924065517317,0.04888627850482771,0.023220982289793163,0.03605363039731044,0.01833235443931039,0.021591439672965573
510,0.14360344310793138,0.1896534147782707,0.05601552745344842,0.029535459930000073,0.05275644221979323,0.02525791056082765,0.04155333672910355,0.018128661612206942,0.021998825327172466
511,0.13993697222006932,0.1827175761786598,0.05621922028055186,0.030553924065517317,0.04766412154220701,0.022813596635586263,0.0334056236449656,0.018943432920620736,0.023220982289793163
512,0.14095543635558655,0.18453531218005736,0.05621922028055186,0.030553924065517317,0.0505158211216553,0.024443139252413856,0.03605363039731044,0.014665883551448312,0.023628367944000056
513,0.14115912918269,0.18519783727071693,0.05683029876186221,0.030553924065517317,0.05357121352820703,0.02485052490662075,0.0334056236449656,0.018128661612206942,0.021998825327172466
514,0.1398351258065176,0.18229764770035467,0.05621922028055186,0.030553924065517317,0.047460428715103566,0.023017289462689713,0.03605363039731044,0.0167028118224828,0.021998825327172466
515,0.13800189036258653,0.17887227998797983,0.05601552745344842,0.02994284558420697,0.04847889285062081,0.024443139252413856,0.03177608102813801,0.016295426168275902,0.022813596635586263
516,0.1368815798135176,0.17675910917649335,0.05601552745344842,0.029128074275793173,0.04807150719641391,0.022813596635586263,0.032183466682344904,0.016091733341172452,0.021998825327172466
517,0.13718711905417275,0.17779524572788388,0.05683029876186221,0.030961309719724214,0.04725673588800011,0.02342467511689661,0.02892438144868973,0.017924968785103492,0.021998825327172466
518,0.14126097559624173,0.18474876483839175,0.05581183462634497,0.029331767102896623,0.04725673588800011,0.02831330296737938,0.03564624474310354,0.01833235443931039,0.022609903808482816
519,0.1394277401523107,0.18211355708980487,0.05621922028055186,0.029128074275793173,0.04908997133193115,0.025868989042137996,0.03279454516365526,0.020980361191655222,0.021998825327172466
520,0.1415665148368969,0.18600749496826485,0.05621922028055186,0.03197977385524146,0.05499706331793117,0.02342467511689661,0.03483147343468974,0.017721275958000045,0.021591439672965573
521,0.14564037137896588,0.19359031690400608,0.05621922028055186,0.030553924065517317,0.04868258567772426,0.027498531658965587,0.040942258247793205,0.022202518154275916,0.021998825327172466
522,0.14166836125044863,0.18642971290874527,0.05621922028055186,0.03035023123841387,0.04908997133193115,0.02342467511689661,0.035849937570206984,0.022813596635586263,0.022202518154275916
523,0.14146466842334518,0.18562446244005906,0.05560814179924152,0.030553924065517317,0.05133059243006909,0.027702224486069033,0.0342203949533794,0.01833235443931039,0.021998825327172466
524,0.13881666167100035,0.18069283366758376,0.05621922028055186,0.03035023123841387,0.04807150719641391,0.02485052490662075,0.031165002546827664,0.019554511401931082,0.021998825327172466
525,0.13912220091165553,0.18097641130909434,0.05621922028055186,0.030553924065517317,0.04827520002351736,0.02485052490662075,0.03360931647206905,0.0167028118224828,0.022202518154275916
526,0.14227943973175897,0.18653798966674645,0.05621922028055186,0.029128074275793173,0.047460428715103566,0.02342467511689661,0.04155333672910355,0.018128661612206942,0.022609903808482816
527,0.14217759331820723,0.18695826221408857,0.05601552745344842,0.030553924065517317,0.05316382787400013,0.02342467511689661,0.03564624474310354,0.02016558988324143,0.022813596635586263
528,0.14003881863362103,0.18300075515363684,0.05601552745344842,0.03035023123841387,0.0497010498132415,0.022609903808482816,0.03483147343468974,0.019554511401931082,0.021591439672965573
529,0.1407517435284831,0.18419664721648674,0.05581183462634497,0.030553924065517317,0.05092320677586219,0.023017289462689713,0.035849937570206984,0.01833235443931039,0.021795132500069023
530,0.13840927601679345,0.18017011907765634,0.05581183462634497,0.03035023123841387,0.04766412154220701,0.02485052490662075,0.03523885908889664,0.014462190724344865,0.021591439672965573
531,0.1407517435284831,0.18419642751214269,0.05601552745344842,0.030553924065517317,0.0497010498132415,0.024443139252413856,0.034424087780482844,0.018943432920620736,0.021998825327172466
532,0.13922404732520724,0.1808834495973315,0.05601552745344842,0.02892438144868973,0.04827520002351736,0.024443139252413856,0.03279454516365526,0.020572975537448326,0.021998825327172466
533,0.14187205407755207,0.18628741695066614,0.05723768441606911,0.030961309719724214,0.04847889285062081,0.02485052490662075,0.03503516626179319,0.01833235443931039,0.023220982289793163
534,0.13952958656586242,0.18181987488308096,0.05601552745344842,0.03035023123841387,0.04868258567772426,0.023017289462689713,0.0346277806075863,0.017721275958000045,0.021795132500069023
535,0.14095543635558655,0.184726885018495,0.05683029876186221,0.030553924065517317,0.05133059243006909,0.02525791056082765,0.03503516626179319,0.0167028118224828,0.021795132500069023
536,0.13912220091165553,0.18069408722269317,0.05601552745344842,0.03035023123841387,0.04827520002351736,0.02485052490662075,0.03197977385524146,0.019147125747724186,0.021998825327172466
537,0.1390203544981038,0.18099799617889295,0.05601552745344842,0.030757616892620764,0.04888627850482771,0.02485052490662075,0.031165002546827664,0.018943432920620736,0.021998825327172466
538,0.13952958656586242,0.1821700370137411,0.05621922028055186,0.03014653841131042,0.049293664159034606,0.024035753598206956,0.032590852336551804,0.018128661612206942,0.022609903808482816
539,0.14126097559624173,0.18690384695301565,0.05825614855158635,0.030961309719724214,0.0497010498132415,0.023017289462689713,0.03360931647206905,0.01873974009351729,0.021998825327172466
540,0.14177020766400036,0.18669077451368313,0.05621922028055186,0.03035023123841387,0.04766412154220701,0.027702224486069033,0.035849937570206984,0.018128661612206942,0.021998825327172466
541,0.13769635112193138,0.17849573127751758,0.05621922028055186,0.029739152757103524,0.047460428715103566,0.024035753598206956,0.03279454516365526,0.016295426168275902,0.02342467511689661
542,0.14044620428782795,0.18335207152328212,0.05601552745344842,0.030553924065517317,0.047460428715103566,0.02342467511689661,0.03503516626179319,0.019554511401931082,0.022609903808482816
543,0.14095543635558655,0.18498850370985423,0.05601552745344842,0.030757616892620764,0.04888627850482771,0.023220982289793163,0.03483147343468974,0.021387746845862123,0.021998825327172466
544,0.13881666167100035,0.18103288936589532,0.05621922028055186,0.030757616892620764,0.047460428715103566,0.02342467511689661,0.030553924065517317,0.021795132500069023,0.021998825327172466
545,0.13912220091165553,0.1809925246044039,0.05621922028055186,0.032183466682344904,0.04827520002351736,0.02485052490662075,0.03320193081786215,0.016295426168275902,0.021998825327172466
546,0.1419739004911038,0.18646699897989338,0.05601552745344842,0.029128074275793173,0.04949735698613805,0.02342467511689661,0.039516408458069065,0.01833235443931039,0.021998825327172466
547,0.14044620428782795,0.18351365715196982,0.05621922028055186,0.03360931647206905,0.04908997133193115,0.024035753598206956,0.035849937570206984,0.016295426168275902,0.021795132500069023
548,0.14227943973175897,0.18714520750218702,0.05621922028055186,0.029535459930000073,0.0505158211216553,0.024443139252413856,0.03605363039731044,0.022202518154275916,0.021795132500069023
549,0.13728896546772448,0.1776023245637408,0.05560814179924152,0.03035023123841387,0.0497010498132415,0.02342467511689661,0.03177608102813801,0.0167028118224828,0.021998825327172466
550,0.13759450470837967,0.1779662945203838,0.05601552745344842,0.02851699579448283,0.047460428715103566,0.023628367944000056,0.034016702126275944,0.0167028118224828,0.021591439672965573
551,0.1377981975354831,0.1782993925585067,0.05621922028055186,0.03035023123841387,0.04725673588800011,0.0250542177337242,0.03279454516365526,0.015684347686965555,0.021795132500069023
552,0.13790004394903482,0.1790024432747493,0.05601552745344842,0.030961309719724214,0.04888627850482771,0.02342467511689661,0.03197977385524146,0.0167028118224828,0.022406210981379366
553,0.14217759331820723,0.18686446397243106,0.05601552745344842,0.030553924065517317,0.04888627850482771,0.023220982289793163,0.03666470887862078,0.021591439672965573,0.022202518154275916
554,0.14309421104017278,0.1883947351323932,0.05621922028055186,0.030961309719724214,0.04847889285062081,0.029331767102896623,0.0346277806075863,0.01873974009351729,0.022813596635586263
555,0.14095543635558655,0.18500968556383984,0.05621922028055186,0.030757616892620764,0.0497010498132415,0.023628367944000056,0.03503516626179319,0.020776668364551776,0.021591439672965573
556,0.1398351258065176,0.18282714872723782,0.05601552745344842,0.030553924065517317,0.0497010498132415,0.02342467511689661,0.03320193081786215,0.020776668364551776,0.021998825327172466
557,0.1390203544981038,0.18092560053067883,0.05683029876186221,0.03035023123841387,0.047460428715103566,0.024443139252413856,0.0346277806075863,0.016295426168275902,0.021795132500069023
558,0.1423812861453107,0.18686372265569068,0.05621922028055186,0.03360931647206905,0.05092320677586219,0.024443139252413856,0.03564624474310354,0.019350818574827636,0.021998825327172466
559,0.1407517435284831,0.18452586953907535,0.05621922028055186,0.02994284558420697,0.05153428525717254,0.02485052490662075,0.0338130092991725,0.019147125747724186,0.022202518154275916
560,0.14054805070137966,0.183480453970584,0.05581183462634497,0.030553924065517317,0.04868258567772426,0.024646832079517303,0.03564624474310354,0.01833235443931039,0.021795132500069023
561,0.13881666167100035,0.18043342999417694,0.05601552745344842,0.02994284558420697,0.04766412154220701,0.022813596635586263,0.03564624474310354,0.0167028118224828,0.021591439672965573
562,0.14136282200979347,0.18533156656066252,0.05683029876186221,0.029739152757103524,0.0501084354674484,0.024443139252413856,0.03666470887862078,0.017721275958000045,0.021591439672965573
563,0.13932589373875895,0.18112032469220918,0.05621922028055186,0.03035023123841387,0.04725673588800011,0.023017289462689713,0.03279454516365526,0.019554511401931082,0.02342467511689661
564,0.14024251146072447,0.18330048138529295,0.05601552745344842,0.030961309719724214,0.0497010498132415,0.02688745317765524,0.03197977385524146,0.01853604726641384,0.021795132500069023
565,0.14217759331820723,0.18696152517721742,0.05621922028055186,0.030757616892620764,0.05153428525717254,0.02688745317765524,0.03666470887862078,0.015480654859862107,0.022609903808482816
566,0.1431960574537245,0.18944670909184436,0.05601552745344842,0.030553924065517317,0.049293664159034606,0.02831330296737938,0.035849937570206984,0.021387746845862123,0.021998825327172466
567,0.1398351258065176,0.18277279887561432,0.05601552745344842,0.030961309719724214,0.049293664159034606,0.025665296215034546,0.0334056236449656,0.016295426168275902,0.022813596635586263
568,0.14085358994203484,0.18468892374503018,0.05621922028055186,0.030757616892620764,0.0497010498132415,0.02342467511689661,0.03544255191600009,0.01853604726641384,0.021998825327172466
569,0.13912220091165553,0.1815743559810082,0.05581183462634497,0.030961309719724214,0.047460428715103566,0.02688745317765524,0.031165002546827664,0.019554511401931082,0.021998825327172466
570,0.13881666167100035,0.18011261596642528,0.05581183462634497,0.02892438144868973,0.047460428715103566,0.02688745317765524,0.03238715950944836,0.01833235443931039,0.021591439672965573
571,0.13922404732520724,0.18174754952715186,0.05581183462634497,0.03035023123841387,0.04766412154220701,0.02342467511689661,0.03564624474310354,0.01690650464958625,0.021998825327172466
572,0.14258497897241415,0.1874858161917225,0.05621922028055186,0.0334056236449656,0.05153428525717254,0.02342467511689661,0.03646101605151733,0.017517583130896595,0.022406210981379366
573,0.1403443578742762,0.18343726221420384,0.05621922028055186,0.032183466682344904,0.04807150719641391,0.02485052490662075,0.0338130092991725,0.018128661612206942,0.021795132500069023
574,0.14126097559624173,0.18508298355999528,0.05601552745344842,0.030553924065517317,0.0505158211216553,0.02342467511689661,0.03564624474310354,0.01853604726641384,0.022406210981379366
575,0.14380713593503483,0.18965415835507396,0.05581183462634497,0.03035023123841387,0.049293664159034606,0.023628367944000056,0.03605363039731044,0.027294838831862137,0.022202518154275916
576,0.1440108287621383,0.19109647600761845,0.05683029876186221,0.03238715950944836,0.0497010498132415,0.022813596635586263,0.03849794432255182,0.022406210981379366,0.021998825327172466
577,0.14003881863362103,0.18309266455340178,0.05601552745344842,0.03177608102813801,0.04908997133193115,0.02342467511689661,0.0334056236449656,0.019554511401931082,0.021998825327172466
578,0.14054805070137966,0.1839498932671057,0.05621922028055186,0.03035023123841387,0.04847889285062081,0.02485052490662075,0.03503516626179319,0.01833235443931039,0.021998825327172466
579,0.13922404732520724,0.1818139758171598,0.05621922028055186,0.030961309719724214,0.0497010498132415,0.024035753598206956,0.0338130092991725,0.016295426168275902,0.022609903808482816
580,0.13993697222006932,0.18263250873901934,0.05601552745344842,0.0334056236449656,0.04908997133193115,0.02342467511689661,0.03523885908889664,0.016295426168275902,0.021998825327172466
581,0.14350159669437967,0.18988919442694116,0.05703399158896566,0.030553924065517317,0.04908997133193115,0.02709114600475869,0.035849937570206984,0.019554511401931082,0.02342467511689661
582,0.14441821441634517,0.19102834663126353,0.05621922028055186,0.03360931647206905,0.05296013504689668,0.029128074275793173,0.03503516626179319,0.018943432920620736,0.022609903808482816
583,0.1427886717995176,0.1886650416724096,0.05621922028055186,0.030553924065517317,0.0505158211216553,0.02831330296737938,0.03483147343468974,0.02016558988324143,0.022406210981379366
584,0.1398351258065176,0.18240823912976498,0.05621922028055186,0.030553924065517317,0.04888627850482771,0.024443139252413856,0.03279454516365526,0.01833235443931039,0.022609903808482816
585,0.14014066504717276,0.18302222972332888,0.05581183462634497,0.029739152757103524,0.05133059243006909,0.02342467511689661,0.035849937570206984,0.016091733341172452,0.023220982289793163
586,0.13790004394903482,0.17944845493268358,0.05621922028055186,0.03014653841131042,0.0497010498132415,0.023017289462689713,0.030961309719724214,0.017924968785103492,0.021795132500069023
587,0.13993697222006932,0.18297517316033235,0.05621922028055186,0.03035023123841387,0.047460428715103566,0.02525791056082765,0.03320193081786215,0.020980361191655222,0.022202518154275916
588,0.13952958656586242,0.1822109905063777,0.05784876289737946,0.030961309719724214,0.0497010498132415,0.02342467511689661,0.03197977385524146,0.01833235443931039,0.021795132500069023
589,0.1427886717995176,0.1874918812483511,0.05601552745344842,0.032590852336551804,0.04725673588800011,0.024646832079517303,0.03605363039731044,0.020980361191655222,0.022813596635586263
590,0.13800189036258653,0.17881385055119933,0.05479337049082772,0.030757616892620764,0.04888627850482771,0.027294838831862137,0.031165002546827664,0.0167028118224828,0.021998825327172466
591,0.13718711905417275,0.17755834650599722,0.05621922028055186,0.030553924065517317,0.047460428715103566,0.024443139252413856,0.031165002546827664,0.0167028118224828,0.021795132500069023
592,0.1406498971149314,0.1843839726891473,0.05621922028055186,0.029535459930000073,0.0497010498132415,0.02831330296737938,0.03279454516365526,0.018943432920620736,0.022202518154275916
593,0.14085358994203484,0.18431388525313966,0.05601552745344842,0.03035023123841387,0.04725673588800011,0.024443139252413856,0.034016702126275944,0.022609903808482816,0.021998825327172466
594,0.1419739004911038,0.18678445085010367,0.05601552745344842,0.03035023123841387,0.05153428525717254,0.022609903808482816,0.035849937570206984,0.021591439672965573,0.021998825327172466
595,0.13790004394903482,0.17916185420717443,0.05601552745344842,0.030757616892620764,0.049293664159034606,0.024035753598206956,0.03238715950944836,0.015888040514069005,0.021998825327172466
596,0.14044620428782795,0.18378243990020127,0.05601552745344842,0.030553924065517317,0.05031212829455185,0.024035753598206956,0.03136869537393111,0.024035753598206956,0.021998825327172466
597,0.14370528952148312,0.19011312672275443,0.05601552745344842,0.03035023123841387,0.0497010498132415,0.02688745317765524,0.03972010128517251,0.017924968785103492,0.022202518154275916
598,0.14492744648410383,0.19209085195343162,0.05621922028055186,0.03197977385524146,0.05133059243006909,0.02831330296737938,0.0346277806075863,0.02485052490662075,0.021998825327172466
599,0.14014066504717276,0.18355074586643935,0.05621922028055186,0.030553924065517317,0.049293664159034606,0.023017289462689713,0.03483147343468974,0.017721275958000045,0.021998825327172466
600,0.1386129688438969,0.1803314791928954,0.05621922028055186,0.030553924065517317,0.04868258567772426,0.023220982289793163,0.03279454516365526,0.01690650464958625,0.022406210981379366
601,0.14187205407755207,0.18626529455448626,0.05581183462634497,0.030553924065517317,0.04868258567772426,0.025665296215034546,0.035849937570206984,0.019554511401931082,0.023220982289793163
602,0.14309421104017278,0.18750790091671746,0.05601552745344842,0.030553924065517317,0.04725673588800011,0.02342467511689661,0.03523885908889664,0.027498531658965587,0.021591439672965573
603,0.1415665148368969,0.18599948552293563,0.05601552745344842,0.03035023123841387,0.05031212829455185,0.02688745317765524,0.0346277806075863,0.01873974009351729,0.021591439672965573
604,0.13912220091165553,0.18147558371923467,0.05601552745344842,0.030961309719724214,0.04908997133193115,0.02485052490662075,0.03279454516365526,0.0171101974766897,0.021998825327172466
605,0.14044620428782795,0.18348508331729488,0.05601552745344842,0.030553924065517317,0.04807150719641391,0.02525791056082765,0.0342203949533794,0.018943432920620736,0.021795132500069023
606,0.1428905182130693,0.18802021294223364,0.05621922028055186,0.030553924065517317,0.04725673588800011,0.025665296215034546,0.03238715950944836,0.031165002546827664,0.021998825327172466
607,0.13922404732520724,0.18137447369076906,0.05601552745344842,0.030553924065517317,0.047460428715103566,0.023017289462689713,0.035849937570206984,0.0167028118224828,0.021998825327172466
608,0.14003881863362103,0.18280641122747948,0.05581183462634497,0.030553924065517317,0.047460428715103566,0.023017289462689713,0.03503516626179319,0.01833235443931039,0.022813596635586263
609,0.1369834262270693,0.17737948479953222,0.05601552745344842,0.03035023123841387,0.047460428715103566,0.023628367944000056,0.0334056236449656,0.014462190724344865,0.021795132500069023
610,0.1427886717995176,0.18799799046420992,0.05601552745344842,0.030553924065517317,0.0505158211216553,0.02342467511689661,0.035849937570206984,0.023832060771103506,0.022202518154275916
611,0.1387148152574486,0.1801319191653118,0.05601552745344842,0.029739152757103524,0.04725673588800011,0.024443139252413856,0.03483147343468974,0.015684347686965555,0.022609903808482816
612,0.14054805070137966,0.18416524311735735,0.05621922028055186,0.02994284558420697,0.05275644221979323,0.023017289462689713,0.03483147343468974,0.017721275958000045,0.021998825327172466
613,0.14309421104017278,0.18800786126295832,0.05621922028055186,0.030961309719724214,0.0497010498132415,0.02342467511689661,0.032590852336551804,0.027294838831862137,0.02342467511689661
614,0.1385111224303452,0.17962348207002146,0.05601552745344842,0.030553924065517317,0.047460428715103566,0.024646832079517303,0.031165002546827664,0.018943432920620736,0.021591439672965573
615,0.13759450470837967,0.17853882557792236,0.05601552745344842,0.030553924065517317,0.04908997133193115,0.02485052490662075,0.030961309719724214,0.016295426168275902,0.021998825327172466
616,0.1403443578742762,0.18397456599273398,0.05581183462634497,0.030553924065517317,0.05255274939268978,0.02485052490662075,0.030961309719724214,0.022609903808482816,0.022202518154275916
617,0.14044620428782795,0.18365829088512067,0.05601552745344842,0.030553924065517317,0.0501084354674484,0.02485052490662075,0.0334056236449656,0.019554511401931082,0.022202518154275916
618,0.14166836125044863,0.18621823216697406,0.05581183462634497,0.030961309719724214,0.0497010498132415,0.02342467511689661,0.035849937570206984,0.021387746845862123,0.022202518154275916
619,0.13922404732520724,0.18127096251990601,0.05601552745344842,0.029331767102896623,0.05458967766372427,0.025665296215034546,0.031165002546827664,0.01833235443931039,0.021591439672965573
620,0.1373908118812762,0.17822094229201785,0.05601552745344842,0.03035023123841387,0.047460428715103566,0.023220982289793163,0.031165002546827664,0.0171101974766897,0.021998825327172466
621,0.14115912918269,0.18544863582861906,0.05621922028055186,0.03035023123841387,0.049293664159034606,0.02342467511689661,0.035849937570206984,0.01833235443931039,0.022609903808482816
622,0.1386129688438969,0.1800178652747933,0.05560814179924152,0.030553924065517317,0.049293664159034606,0.02342467511689661,0.03279454516365526,0.01853604726641384,0.021795132500069023
623,0.1415665148368969,0.1861693755599358,0.05642291310765531,0.03238715950944836,0.0497010498132415,0.02831330296737938,0.034016702126275944,0.0167028118224828,0.022406210981379366
624,0.14177020766400036,0.18670658278459115,0.05744137724317256,0.030553924065517317,0.05112689960296564,0.025665296215034546,0.035849937570206984,0.016295426168275902,0.022406210981379366
625,0.1386129688438969,0.18030127501333665,0.05621922028055186,0.030553924065517317,0.04868258567772426,0.02342467511689661,0.03483147343468974,0.015684347686965555,0.021795132500069023
626,0.13922404732520724,0.1813078396021226,0.05683029876186221,0.03014653841131042,0.04868258567772426,0.023017289462689713,0.0346277806075863,0.0167028118224828,0.021795132500069023
627,0.13952958656586242,0.18185369357499817,0.05601552745344842,0.030553924065517317,0.0497010498132415,0.024443139252413856,0.03279454516365526,0.01833235443931039,0.021998825327172466
628,0.13810373677613827,0.17937760755116006,0.05601552745344842,0.03035023123841387,0.04827520002351736,0.024443139252413856,0.031165002546827664,0.017924968785103492,0.021998825327172466
629,0.1387148152574486,0.18045521858857547,0.05683029876186221,0.030757616892620764,0.04827520002351736,0.02342467511689661,0.03197977385524146,0.017924968785103492,0.021998825327172466
630,0.14177020766400036,0.18627729904460721,0.05621922028055186,0.030553924065517317,0.04868258567772426,0.027498531658965587,0.03279454516365526,0.022202518154275916,0.021998825327172466
631,0.13973327939296587,0.18190740275952552,0.05601552745344842,0.030961309719724214,0.04847889285062081,0.024443139252413856,0.032590852336551804,0.018128661612206942,0.023017289462689713
632,0.1410572827691383,0.18485220526642282,0.05683029876186221,0.030553924065517317,0.049293664159034606,0.02485052490662075,0.0346277806075863,0.01833235443931039,0.021998825327172466
633,0.1398351258065176,0.18225456766664438,0.05581183462634497,0.030553924065517317,0.047460428715103566,0.023628367944000056,0.0346277806075863,0.019554511401931082,0.021998825327172466
634,0.1415665148368969,0.18543757759399407,0.05581183462634497,0.032998237990758704,0.047460428715103566,0.024646832079517303,0.03605363039731044,0.01853604726641384,0.021998825327172466
635,0.14339975028082794,0.18946359196793702,0.05601552745344842,0.03035023123841387,0.05479337049082772,0.02688745317765524,0.03564624474310354,0.021591439672965573,0.021795132500069023
636,0.14146466842334518,0.18547072053857772,0.05621922028055186,0.0334056236449656,0.05133059243006909,0.023220982289793163,0.034016702126275944,0.018128661612206942,0.022813596635586263
637,0.14227943973175897,0.18654972119627053,0.05683029876186221,0.030553924065517317,0.047460428715103566,0.027702224486069033,0.03279454516365526,0.024239446425310406,0.021591439672965573
638,0.14207574690465555,0.18633709459292852,0.05601552745344842,0.030961309719724214,0.04725673588800011,0.024443139252413856,0.04155333672910355,0.0167028118224828,0.021998825327172466
639,0.13718711905417275,0.17673406704121983,0.05560814179924152,0.030553924065517317,0.04725673588800011,0.023017289462689713,0.03238715950944836,0.0167028118224828,0.021998825327172466
640,0.14360344310793138,0.19011736169172458,0.05683029876186221,0.030553924065517317,0.047460428715103566,0.029128074275793173,0.03890532997675872,0.017721275958000045,0.021795132500069023
641,0.13830742960324172,0.17971481604366138,0.05601552745344842,0.029739152757103524,0.049293664159034606,0.023220982289793163,0.03238715950944836,0.01833235443931039,0.021998825327172466
642,0.14166836125044863,0.18619448514860057,0.05601552745344842,0.030553924065517317,0.05031212829455185,0.023017289462689713,0.035849937570206984,0.021387746845862123,0.021998825327172466
643,0.1398351258065176,0.18264781623996057,0.05621922028055186,0.03035023123841387,0.047460428715103566,0.02342467511689661,0.03279454516365526,0.022813596635586263,0.022609903808482816
644,0.13800189036258653,0.17942025595921735,0.05621922028055186,0.03035023123841387,0.047460428715103566,0.023017289462689713,0.0338130092991725,0.0167028118224828,0.021998825327172466
645,0.13800189036258653,0.17970654127539346,0.05621922028055186,0.030757616892620764,0.0501084354674484,0.02342467511689661,0.031165002546827664,0.0171101974766897,0.021795132500069023
646,0.14085358994203484,0.18485432299839452,0.05581183462634497,0.031165002546827664,0.04949735698613805,0.023017289462689713,0.03523885908889664,0.02036928271034488,0.021998825327172466
647,0.13973327939296587,0.18255845477161411,0.05683029876186221,0.02994284558420697,0.0497010498132415,0.02342467511689661,0.0346277806075863,0.016295426168275902,0.023017289462689713
648,0.1386129688438969,0.180568246870463,0.05601552745344842,0.03035023123841387,0.04868258567772426,0.027498531658965587,0.031165002546827664,0.016295426168275902,0.022202518154275916
649,0.14462190724344864,0.19112056328935473,0.05621922028055186,0.03320193081786215,0.04868258567772426,0.027498531658965587,0.03360931647206905,0.02648006752344834,0.022609903808482816
650,0.13891850808455206,0.18033395792781495,0.05621922028055186,0.030961309719724214,0.047460428715103566,0.02485052490662075,0.032183466682344904,0.01833235443931039,0.021795132500069023
651,0.14085358994203484,0.18432130016886675,0.05601552745344842,0.030757616892620764,0.04807150719641391,0.02342467511689661,0.035849937570206984,0.019350818574827636,0.021998825327172466
652,0.13932589373875895,0.18170067136182663,0.05621922028055186,0.030553924065517317,0.0497010498132415,0.023017289462689713,0.032590852336551804,0.01873974009351729,0.021998825327172466
653,0.14024251146072447,0.1833012859723263,0.05601552745344842,0.030553924065517317,0.04827520002351736,0.023017289462689713,0.0334056236449656,0.022406210981379366,0.021795132500069023
654,0.14411267517569,0.19057601361890952,0.05601552745344842,0.030553924065517317,0.0497010498132415,0.023220982289793163,0.041349643902000105,0.023017289462689713,0.021998825327172466
655,0.1415665148368969,0.18613975846695865,0.05601552745344842,0.030553924065517317,0.05275644221979323,0.02342467511689661,0.034016702126275944,0.021998825327172466,0.022406210981379366
656,0.14003881863362103,0.1831463267841665,0.05581183462634497,0.03136869537393111,0.05031212829455185,0.02342467511689661,0.035849937570206984,0.016295426168275902,0.021998825327172466
657,0.1385111224303452,0.18010383081582243,0.05601552745344842,0.030553924065517317,0.04868258567772426,0.023628367944000056,0.03197977385524146,0.01833235443931039,0.021998825327172466
658,0.14502929289765554,0.1926171100767692,0.05621922028055186,0.030961309719724214,0.0505158211216553,0.027702224486069033,0.03605363039731044,0.024239446425310406,0.022406210981379366
659,0.14126097559624173,0.18543875077327285,0.05621922028055186,0.03035023123841387,0.05133059243006909,0.02342467511689661,0.03605363039731044,0.01690650464958625,0.022609903808482816
660,0.14095543635558655,0.1850550391364048,0.05662660593475876,0.030553924065517317,0.049293664159034606,0.024035753598206956,0.0334056236449656,0.022202518154275916,0.021795132500069023
661,0.1403443578742762,0.18379377547907388,0.05601552745344842,0.030553924065517317,0.05296013504689668,0.02342467511689661,0.03136869537393111,0.021998825327172466,0.022406210981379366
662,0.1403443578742762,0.1838272760932538,0.05662660593475876,0.029535459930000073,0.05031212829455185,0.024443139252413856,0.03320193081786215,0.021387746845862123,0.021998825327172466
663,0.1394277401523107,0.18186439810602337,0.05581183462634497,0.03035023123841387,0.05112689960296564,0.027294838831862137,0.03279454516365526,0.0167028118224828,0.021795132500069023
664,0.13952958656586242,0.18203703226527926,0.05621922028055186,0.030553924065517317,0.05092320677586219,0.02342467511689661,0.0334056236449656,0.0167028118224828,0.023220982289793163
665,0.14126097559624173,0.18544101656880713,0.05621922028055186,0.030961309719724214,0.049293664159034606,0.02688745317765524,0.03279454516365526,0.018943432920620736,0.022609903808482816
666,0.13769635112193138,0.1782823495266035,0.05560814179924152,0.03035023123841387,0.04827520002351736,0.02342467511689661,0.03279454516365526,0.0171101974766897,0.021795132500069023
667,0.14003881863362103,0.1833544404964939,0.05601552745344842,0.03035023123841387,0.0497010498132415,0.024443139252413856,0.03503516626179319,0.01690650464958625,0.021998825327172466
668,0.14095543635558655,0.18464714552816014,0.05621922028055186,0.030553924065517317,0.05296013504689668,0.024646832079517303,0.03483147343468974,0.016295426168275902,0.022609903808482816
669,0.14024251146072447,0.1833815646357056,0.05601552745344842,0.030553924065517317,0.047460428715103566,0.02688745317765524,0.03564624474310354,0.0167028118224828,0.021795132500069023
670,0.14115912918269,0.1850628842088784,0.05601552745344842,0.031572388201034564,0.05133059243006909,0.023017289462689713,0.03279454516365526,0.022813596635586263,0.021998825327172466
671,0.13952958656586242,0.1820891074415975,0.05683029876186221,0.030757616892620764,0.04888627850482771,0.02342467511689661,0.03197977385524146,0.01853604726641384,0.022609903808482816
672,0.1428905182130693,0.18794614994552092,0.05601552745344842,0.03360931647206905,0.047460428715103566,0.02342467511689661,0.03503516626179319,0.023628367944000056,0.024035753598206956
673,0.1424831325588624,0.18760900721908896,0.05601552745344842,0.03035023123841387,0.05316382787400013,0.02525791056082765,0.03686840170572423,0.018128661612206942,0.021998825327172466
674,0.14492744648410383,0.1918734434176889,0.05601552745344842,0.030961309719724214,0.0505158211216553,0.023017289462689713,0.03890532997675872,0.02648006752344834,0.021591439672965573
675,0.14207574690465555,0.18715996401015172,0.05601552745344842,0.02994284558420697,0.0497010498132415,0.027498531658965587,0.0334056236449656,0.022202518154275916,0.021998825327172466
676,0.1407517435284831,0.18422139775189936,0.05621922028055186,0.030553924065517317,0.05275644221979323,0.023017289462689713,0.0346277806075863,0.01833235443931039,0.021591439672965573
677,0.13749265829482793,0.17812575214579965,0.05560814179924152,0.03014653841131042,0.05296013504689668,0.022813596635586263,0.03197977385524146,0.015684347686965555,0.021591439672965573
678,0.13993697222006932,0.18275404218277788,0.05621922028055186,0.029739152757103524,0.04766412154220701,0.02342467511689661,0.03564624474310354,0.01873974009351729,0.021998825327172466
679,0.14044620428782795,0.18392773787534597,0.05601552745344842,0.030961309719724214,0.05153428525717254,0.025665296215034546,0.034016702126275944,0.0167028118224828,0.022406210981379366
680,0.14126097559624173,0.18576179658111946,0.05683029876186221,0.03035023123841387,0.049293664159034606,0.023017289462689713,0.03503516626179319,0.021387746845862123,0.021591439672965573
681,0.14217759331820723,0.18694815013702135,0.05601552745344842,0.030553924065517317,0.05153428525717254,0.02342467511689661,0.035849937570206984,0.021998825327172466,0.021795132500069023
682,0.14390898234858657,0.18989668666506604,0.05621922028055186,0.03035023123841387,0.05275644221979323,0.024443139252413856,0.03483147343468974,0.02627637469634489,0.022202518154275916
683,0.14136282200979347,0.18538349526931347,0.05560814179924152,0.030553924065517317,0.049293664159034606,0.02831330296737938,0.03279454516365526,0.021998825327172466,0.021998825327172466
684,0.14136282200979347,0.18583258883483472,0.05621922028055186,0.03035023123841387,0.04847889285062081,0.02485052490662075,0.03727578735993113,0.0171101974766897,0.021998825327172466
685,0.1406498971149314,0.18407332879150004,0.05621922028055186,0.030553924065517317,0.04827520002351736,0.02342467511689661,0.03523885908889664,0.020776668364551776,0.021998825327172466
686,0.1387148152574486,0.1805483443136999,0.05621922028055186,0.030757616892620764,0.047460428715103566,0.023628367944000056,0.03360931647206905,0.017517583130896595,0.021795132500069023
687,0.13820558318969,0.18006185639549901,0.05581183462634497,0.03035023123841387,0.0505158211216553,0.024443139252413856,0.031165002546827664,0.018128661612206942,0.021795132500069023
688,0.14187205407755207,0.18678705466839826,0.05621922028055186,0.030757616892620764,0.049293664159034606,0.02831330296737938,0.0334056236449656,0.019147125747724186,0.022609903808482816
689,0.13820558318969,0.17958572230049383,0.05601552745344842,0.03014653841131042,0.04766412154220701,0.023628367944000056,0.031165002546827664,0.01833235443931039,0.022813596635586263
690,0.1407517435284831,0.18410391588075017,0.05601552745344842,0.03136869537393111,0.04827520002351736,0.023017289462689713,0.0346277806075863,0.017721275958000045,0.022813596635586263
691,0.1390203544981038,0.1811941888215778,0.05601552745344842,0.030553924065517317,0.0497010498132415,0.02525791056082765,0.031572388201034564,0.01731389030379315,0.021998825327172466
692,0.1406498971149314,0.1843892207708585,0.05581183462634497,0.03035023123841387,0.0501084354674484,0.023017289462689713,0.035849937570206984,0.019758204229034532,0.021998825327172466
693,0.13912220091165553,0.18126636620873773,0.05601552745344842,0.03035023123841387,0.05031212829455185,0.02342467511689661,0.0346277806075863,0.016295426168275902,0.021998825327172466
694,0.1410572827691383,0.18488650507452742,0.05601552745344842,0.03035023123841387,0.04949735698613805,0.024443139252413856,0.035849937570206984,0.01833235443931039,0.021998825327172466
695,0.13769635112193138,0.1784340673500304,0.05621922028055186,0.030757616892620764,0.04725673588800011,0.023628367944000056,0.030961309719724214,0.017924968785103492,0.021795132500069023
696,0.1406498971149314,0.18409358833047723,0.05601552745344842,0.030553924065517317,0.0497010498132415,0.02342467511689661,0.03483147343468974,0.019554511401931082,0.022202518154275916
697,0.14136282200979347,0.1854767204795383,0.05581183462634497,0.03238715950944836,0.05031212829455185,0.023017289462689713,0.03564624474310354,0.02016558988324143,0.021998825327172466
698,0.13830742960324172,0.17995198482172303,0.05581183462634497,0.03035023123841387,0.0497010498132415,0.02485052490662075,0.03197977385524146,0.0167028118224828,0.022406210981379366
699,0.14329790386727623,0.18935051921391194,0.05601552745344842,0.031572388201034564,0.05296013504689668,0.023017289462689713,0.035849937570206984,0.022202518154275916,0.022406210981379366
700,0.1406498971149314,0.18387539966100394,0.05601552745344842,0.030553924065517317,0.05275644221979323,0.024443139252413856,0.03605363039731044,0.015684347686965555,0.021998825327172466
701,0.1386129688438969,0.18014395678026052,0.05601552745344842,0.029331767102896623,0.049293664159034606,0.02342467511689661,0.032590852336551804,0.019554511401931082,0.021998825327172466
702,0.14024251146072447,0.18315083955815153,0.05601552745344842,0.030553924065517317,0.04868258567772426,0.022813596635586263,0.03503516626179319,0.019554511401931082,0.021998825327172466
703,0.14350159669437967,0.18913315517932566,0.05601552745344842,0.030553924065517317,0.04725673588800011,0.027905917313172483,0.03829425149544837,0.018943432920620736,0.022406210981379366
704,0.1387148152574486,0.18078158132758892,0.05621922028055186,0.030553924065517317,0.05031212829455185,0.02342467511689661,0.03279454516365526,0.018128661612206942,0.021795132500069023
705,0.14380713593503483,0.19014048058072844,0.05621922028055186,0.030553924065517317,0.04827520002351736,0.027294838831862137,0.03829425149544837,0.01873974009351729,0.022406210981379366
706,0.13820558318969,0.17948692839506755,0.05621922028055186,0.03035023123841387,0.04807150719641391,0.023628367944000056,0.0334056236449656,0.0167028118224828,0.021998825327172466
707,0.1440108287621383,0.19183015562705735,0.05581183462634497,0.03035023123841387,0.047460428715103566,0.025665296215034546,0.03279454516365526,0.0342203949533794,0.021998825327172466
708,0.1394277401523107,0.18207439582608684,0.05601552745344842,0.030553924065517317,0.049293664159034606,0.023017289462689713,0.03320193081786215,0.02036928271034488,0.021795132500069023
709,0.1427886717995176,0.18802171010706284,0.05601552745344842,0.031572388201034564,0.0505158211216553,0.02688745317765524,0.03605363039731044,0.0167028118224828,0.022609903808482816
710,0.13790004394903482,0.17913480410653265,0.05601552745344842,0.03035023123841387,0.049293664159034606,0.024443139252413856,0.03279454516365526,0.015480654859862107,0.021998825327172466
711,0.1386129688438969,0.18076348325260028,0.05683029876186221,0.030553924065517317,0.05092320677586219,0.025868989042137996,0.031165002546827664,0.016295426168275902,0.022406210981379366
712,0.1377981975354831,0.1790839357037905,0.05581183462634497,0.029535459930000073,0.05031212829455185,0.023017289462689713,0.03177608102813801,0.01833235443931039,0.021795132500069023
713,0.1398351258065176,0.1823915114967415,0.055404448972138066,0.03014653841131042,0.0497010498132415,0.023017289462689713,0.03279454516365526,0.022202518154275916,0.021998825327172466
714,0.14207574690465555,0.18718088199927996,0.05601552745344842,0.03035023123841387,0.0497010498132415,0.02831330296737938,0.03483147343468974,0.019147125747724186,0.021998825327172466
715,0.1394277401523107,0.18183429543471183,0.05601552745344842,0.030757616892620764,0.04868258567772426,0.024035753598206956,0.035849937570206984,0.015480654859862107,0.021998825327172466
716,0.14207574690465555,0.1869624068862965,0.05601552745344842,0.030961309719724214,0.04868258567772426,0.023017289462689713,0.03870163714965527,0.01853604726641384,0.022406210981379366
717,0.13973327939296587,0.18257821995713214,0.05621922028055186,0.030757616892620764,0.05071951394875875,0.023220982289793163,0.03320193081786215,0.01833235443931039,0.021998825327172466
718,0.14166836125044863,0.18646574290210607,0.05601552745344842,0.03197977385524146,0.04888627850482771,0.023017289462689713,0.03483147343468974,0.023017289462689713,0.021998825327172466
719,0.14513113931120725,0.19230871537765176,0.05621922028055186,0.03197977385524146,0.04807150719641391,0.023832060771103506,0.03686840170572423,0.02872068862158628,0.022202518154275916
720,0.13912220091165553,0.1811991902203341,0.05581183462634497,0.03035023123841387,0.0497010498132415,0.023017289462689713,0.03320193081786215,0.019554511401931082,0.021591439672965573
721,0.13718711905417275,0.1779562567556944,0.05601552745344842,0.029128074275793173,0.0505158211216553,0.02342467511689661,0.031165002546827664,0.01690650464958625,0.021795132500069023
722,0.1424831325588624,0.1877512276468855,0.05601552745344842,0.03035023123841387,0.04868258567772426,0.023628367944000056,0.03849794432255182,0.021998825327172466,0.021998825327172466
723,0.14227943973175897,0.1871801086684057,0.05601552745344842,0.030553924065517317,0.0497010498132415,0.024443139252413856,0.03605363039731044,0.020980361191655222,0.022406210981379366
724,0.13952958656586242,0.18223568940584603,0.05621922028055186,0.03035023123841387,0.04807150719641391,0.023017289462689713,0.03483147343468974,0.018128661612206942,0.021795132500069023
725,0.14390898234858657,0.19066057827012362,0.05601552745344842,0.030961309719724214,0.0497010498132415,0.027498531658965587,0.035849937570206984,0.022202518154275916,0.022202518154275916
726,0.13973327939296587,0.18203853912078555,0.05560814179924152,0.03035023123841387,0.04807150719641391,0.02342467511689661,0.0334056236449656,0.021591439672965573,0.021998825327172466
727,0.1426868253859659,0.1875940417647781,0.05601552745344842,0.030553924065517317,0.04847889285062081,0.023017289462689713,0.04155333672910355,0.01853604726641384,0.021795132500069023
728,0.1398351258065176,0.18250839130649749,0.05621922028055186,0.03035023123841387,0.0505158211216553,0.02342467511689661,0.03483147343468974,0.0167028118224828,0.022202518154275916
729,0.1410572827691383,0.18487738819011315,0.05601552745344842,0.030553924065517317,0.049293664159034606,0.02342467511689661,0.03686840170572423,0.017924968785103492,0.021998825327172466
730,0.14217759331820723,0.18679396552815686,0.05601552745344842,0.03238715950944836,0.04847889285062081,0.022813596635586263,0.035849937570206984,0.021591439672965573,0.021998825327172466
731,0.13973327939296587,0.18248625815270855,0.05601552745344842,0.03035023123841387,0.0497010498132415,0.023017289462689713,0.03360931647206905,0.01853604726641384,0.021998825327172466
732,0.13952958656586242,0.18166546048447493,0.05601552745344842,0.03238715950944836,0.05296013504689668,0.024443139252413856,0.030961309719724214,0.0167028118224828,0.022813596635586263
733,0.14645514268737966,0.1955890106817602,0.05621922028055186,0.02994284558420697,0.049293664159034606,0.02709114600475869,0.03849794432255182,0.029739152757103524,0.021998825327172466
734,0.14054805070137966,0.18397431853234827,0.05621922028055186,0.03136869537393111,0.0497010498132415,0.023017289462689713,0.03279454516365526,0.021591439672965573,0.021998825327172466
735,0.14329790386727623,0.18948553554383066,0.05601552745344842,0.030961309719724214,0.0497010498132415,0.02342467511689661,0.03870163714965527,0.022202518154275916,0.022202518154275916
736,0.1428905182130693,0.18849425420413407,0.05621922028055186,0.030553924065517317,0.04868258567772426,0.029331767102896623,0.035849937570206984,0.0171101974766897,0.022813596635586263
737,0.13718711905417275,0.17737319752206662,0.05581183462634497,0.030553924065517317,0.04807150719641391,0.023017289462689713,0.03279454516365526,0.014665883551448312,0.021795132500069023
738,0.13973327939296587,0.18236842370904702,0.05621922028055186,0.03035023123841387,0.04868258567772426,0.02342467511689661,0.0346277806075863,0.017924968785103492,0.022202518154275916
739,0.14095543635558655,0.18482424951405665,0.05621922028055186,0.03035023123841387,0.04847889285062081,0.024443139252413856,0.03849794432255182,0.016295426168275902,0.022202518154275916
740,0.13952958656586242,0.1821530448157861,0.05581183462634497,0.030961309719724214,0.04847889285062081,0.02485052490662075,0.03483147343468974,0.0167028118224828,0.021998825327172466
741,0.14339975028082794,0.18919926123770525,0.05683029876186221,0.02994284558420697,0.04908997133193115,0.023017289462689713,0.040942258247793205,0.018943432920620736,0.022609903808482816
742,0.1415665148368969,0.1858743815628272,0.05601552745344842,0.032590852336551804,0.04908997133193115,0.02485052490662075,0.03503516626179319,0.018128661612206942,0.022813596635586263
743,0.14187205407755207,0.18669466323292283,0.05642291310765531,0.03035023123841387,0.04766412154220701,0.02872068862158628,0.03503516626179319,0.01853604726641384,0.021795132500069023
744,0.1424831325588624,0.187855352621414,0.05703399158896566,0.03014653841131042,0.04766412154220701,0.027702224486069033,0.035849937570206984,0.01833235443931039,0.022202518154275916
745,0.1403443578742762,0.18387078452295474,0.05703399158896566,0.03035023123841387,0.04868258567772426,0.027905917313172483,0.031165002546827664,0.01873974009351729,0.021998825327172466
746,0.14187205407755207,0.18624123899904665,0.05621922028055186,0.030553924065517317,0.047460428715103566,0.02342467511689661,0.03686840170572423,0.021387746845862123,0.022202518154275916
747,0.1419739004911038,0.1869497733965993,0.05621922028055186,0.03136869537393111,0.0501084354674484,0.02342467511689661,0.03727578735993113,0.018128661612206942,0.022406210981379366
748,0.13677973339996585,0.17671693352193557,0.05601552745344842,0.029739152757103524,0.047460428715103566,0.02342467511689661,0.032183466682344904,0.015888040514069005,0.021998825327172466
749,0.1386129688438969,0.18061212188643433,0.05601552745344842,0.029535459930000073,0.049293664159034606,0.023628367944000056,0.031165002546827664,0.021998825327172466,0.021795132500069023
750,0.13800189036258653,0.17919539014115726,0.05560814179924152,0.03035023123841387,0.049293664159034606,0.02342467511689661,0.03177608102813801,0.017517583130896595,0.021998825327172466
751,0.14085358994203484,0.18453628587883347,0.05601552745344842,0.030553924065517317,0.0497010498132415,0.02485052490662075,0.03483147343468974,0.018128661612206942,0.022202518154275916
752,0.14431636800279346,0.19255203096031834,0.0584598413786898,0.03197977385524146,0.04990474264034495,0.02342467511689661,0.03686840170572423,0.01873974009351729,0.022813596635586263
753,0.14227943973175897,0.18775035763841671,0.05744137724317256,0.030553924065517317,0.05296013504689668,0.025665296215034546,0.03320193081786215,0.021387746845862123,0.021998825327172466
754,0.1410572827691383,0.1846280931626553,0.05601552745344842,0.029331767102896623,0.05133059243006909,0.024443139252413856,0.03523885908889664,0.018128661612206942,0.02342467511689661
755,0.1390203544981038,0.18078998334941243,0.05601552745344842,0.030553924065517317,0.04847889285062081,0.023220982289793163,0.03360931647206905,0.017517583130896595,0.021795132500069023
756,0.13952958656586242,0.18204878225000565,0.05601552745344842,0.03136869537393111,0.05133059243006909,0.02342467511689661,0.03136869537393111,0.019554511401931082,0.021998825327172466
757,0.14085358994203484,0.18412758175947577,0.05621922028055186,0.032590852336551804,0.05133059243006909,0.024035753598206956,0.03177608102813801,0.018943432920620736,0.023220982289793163
758,0.13963143297941413,0.18235943401062918,0.05621922028055186,0.030553924065517317,0.0497010498132415,0.02342467511689661,0.03279454516365526,0.02016558988324143,0.022202518154275916
759,0.14299236462662104,0.18890624064522368,0.05662660593475876,0.03035023123841387,0.04868258567772426,0.023017289462689713,0.03849794432255182,0.021998825327172466,0.021998825327172466
760,0.14227943973175897,0.1871483881226141,0.05621922028055186,0.030553924065517317,0.053978599182413926,0.02525791056082765,0.0346277806075863,0.01853604726641384,0.021998825327172466
761,0.1398351258065176,0.18230846329099765,0.05601552745344842,0.030961309719724214,0.047460428715103566,0.02342467511689661,0.03666470887862078,0.0167028118224828,0.021998825327172466
762,0.1390203544981038,0.18063552543016445,0.05560814179924152,0.030553924065517317,0.04807150719641391,0.022609903808482816,0.03605363039731044,0.016295426168275902,0.021795132500069023
763,0.13728896546772448,0.1780650220445297,0.05601552745344842,0.03014653841131042,0.047460428715103566,0.02342467511689661,0.030961309719724214,0.01731389030379315,0.021591439672965573
764,0.14014066504717276,0.18276027475028891,0.05560814179924152,0.03035023123841387,0.04725673588800011,0.023220982289793163,0.03503516626179319,0.022202518154275916,0.021795132500069023
765,0.1440108287621383,0.19026131947180092,0.05601552745344842,0.030553924065517317,0.04868258567772426,0.02342467511689661,0.041757029556207005,0.022813596635586263,0.021998825327172466
766,0.14095543635558655,0.18464169660569762,0.05621922028055186,0.030961309719724214,0.05112689960296564,0.023017289462689713,0.0346277806075863,0.01873974009351729,0.022202518154275916
767,0.13932589373875895,0.1813243550847653,0.05683029876186221,0.0338130092991725,0.04868258567772426,0.02485052490662075,0.03197977385524146,0.015888040514069005,0.022406210981379366
768,0.1407517435284831,0.18490725186007917,0.05642291310765531,0.030553924065517317,0.05133059243006909,0.025665296215034546,0.03136869537393111,0.022406210981379366,0.021795132500069023
769,0.1407517435284831,0.1838673320605386,0.05601552745344842,0.0334056236449656,0.04766412154220701,0.02709114600475869,0.034016702126275944,0.0167028118224828,0.021795132500069023
770,0.1387148152574486,0.18044120872414168,0.05683029876186221,0.030553924065517317,0.047460428715103566,0.02342467511689661,0.03320193081786215,0.018128661612206942,0.021795132500069023
771,0.1390203544981038,0.18090664570160883,0.05581183462634497,0.030553924065517317,0.0497010498132415,0.024035753598206956,0.03279454516365526,0.01833235443931039,0.021591439672965573
772,0.14177020766400036,0.18565415155070095,0.05581183462634497,0.030553924065517317,0.049293664159034606,0.024443139252413856,0.032590852336551804,0.02627637469634489,0.021998825327172466
773,0.13800189036258653,0.1792303171258795,0.05621922028055186,0.03035023123841387,0.04868258567772426,0.024443139252413856,0.030553924065517317,0.017517583130896595,0.021795132500069023
774,0.14024251146072447,0.1824629555687059,0.05601552745344842,0.0334056236449656,0.04807150719641391,0.02485052490662075,0.03320193081786215,0.017721275958000045,0.021795132500069023
775,0.14309421104017278,0.1884357285329397,0.05581183462634497,0.0342203949533794,0.05112689960296564,0.02342467511689661,0.03605363039731044,0.022202518154275916,0.021998825327172466
776,0.1423812861453107,0.18713736818405388,0.05621922028055186,0.0334056236449656,0.04888627850482771,0.02485052490662075,0.03523885908889664,0.01873974009351729,0.022609903808482816
777,0.13790004394903482,0.17869774377199685,0.05520075614503462,0.03035023123841387,0.04807150719641391,0.023017289462689713,0.03136869537393111,0.02016558988324143,0.021998825327172466
778,0.13830742960324172,0.17943183437566831,0.05581183462634497,0.02872068862158628,0.04868258567772426,0.023017289462689713,0.0334056236449656,0.01833235443931039,0.021998825327172466
779,0.1410572827691383,0.1845134847618337,0.05683029876186221,0.0334056236449656,0.05234905656558634,0.025461603387931096,0.0334056236449656,0.016295426168275902,0.022406210981379366
780,0.1410572827691383,0.18482137950580063,0.05601552745344842,0.030757616892620764,0.0505158211216553,0.024035753598206956,0.03483147343468974,0.01853604726641384,0.021998825327172466
781,0.14166836125044863,0.18568743229627496,0.05601552745344842,0.030553924065517317,0.04868258567772426,0.023017289462689713,0.038090558668344925,0.01873974009351729,0.021998825327172466
782,0.14187205407755207,0.18603386395189764,0.05581183462634497,0.030553924065517317,0.047460428715103566,0.02688745317765524,0.032590852336551804,0.024646832079517303,0.021998825327172466
783,0.14044620428782795,0.18361511580096954,0.05683029876186221,0.03035023123841387,0.047460428715103566,0.023628367944000056,0.0346277806075863,0.01873974009351729,0.022609903808482816
784,0.1448256000705521,0.19226130139455358,0.05621922028055186,0.03136869537393111,0.05031212829455185,0.024035753598206956,0.03483147343468974,0.02994284558420697,0.023220982289793163
785,0.13637234774575896,0.17606800561675792,0.05581183462634497,0.03035023123841387,0.04725673588800011,0.023017289462689713,0.031165002546827664,0.016499118995379352,0.021998825327172466
786,0.1419739004911038,0.1878822054404175,0.0588672270328967,0.03035023123841387,0.047460428715103566,0.024443139252413856,0.03646101605151733,0.016295426168275902,0.022202518154275916
787,0.1415665148368969,0.18555828783931766,0.05520075614503462,0.030553924065517317,0.05092320677586219,0.02342467511689661,0.03503516626179319,0.021998825327172466,0.02342467511689661
788,0.14044620428782795,0.1840006973082803,0.05744137724317256,0.03035023123841387,0.05458967766372427,0.024035753598206956,0.032183466682344904,0.01833235443931039,0.021795132500069023
789,0.14187205407755207,0.18652799574750914,0.05581183462634497,0.032183466682344904,0.05234905656558634,0.02485052490662075,0.03503516626179319,0.018943432920620736,0.021998825327172466
790,0.14441821441634517,0.19100386842723105,0.05601552745344842,0.03238715950944836,0.0497010498132415,0.02342467511689661,0.04114595107489665,0.01833235443931039,0.024035753598206956
791,0.14360344310793138,0.19089447036845375,0.05825614855158635,0.029739152757103524,0.04868258567772426,0.024035753598206956,0.035849937570206984,0.023628367944000056,0.022609903808482816
792,0.1419739004911038,0.18650389344590024,0.05621922028055186,0.032590852336551804,0.05133059243006909,0.024443139252413856,0.03605363039731044,0.0167028118224828,0.021998825327172466
793,0.14115912918269,0.18524518845196483,0.05683029876186221,0.03035023123841387,0.0497010498132415,0.023017289462689713,0.035849937570206984,0.01853604726641384,0.021591439672965573
794,0.13800189036258653,0.17855765516274336,0.05581183462634497,0.030553924065517317,0.04725673588800011,0.02485052490662075,0.03279454516365526,0.016295426168275902,0.021998825327172466
795,0.1406498971149314,0.18402620435182826,0.05621922028055186,0.030553924065517317,0.04807150719641391,0.02342467511689661,0.03605363039731044,0.017924968785103492,0.021998825327172466
796,0.1394277401523107,0.18170450304347066,0.05601552745344842,0.030553924065517317,0.0497010498132415,0.025665296215034546,0.0334056236449656,0.0167028118224828,0.021795132500069023
797,0.14472375365700035,0.1914222690439253,0.05703399158896566,0.030553924065517317,0.04908997133193115,0.024443139252413856,0.03564624474310354,0.027702224486069033,0.022813596635586263
798,0.14421452158924175,0.19098207976593295,0.05662660593475876,0.03035023123841387,0.05031212829455185,0.02688745317765524,0.04338657217303459,0.0167028118224828,0.021795132500069023
799,0.14370528952148312,0.19008008223405878,0.05621922028055186,0.030757616892620764,0.05255274939268978,0.024646832079517303,0.035849937570206984,0.022406210981379366,0.023628367944000056
800,0.14227943973175897,0.18740517852388527,0.05601552745344842,0.030553924065517317,0.0505158211216553,0.023017289462689713,0.03849794432255182,0.01873974009351729,0.021998825327172466
801,0.1406498971149314,0.1839008969935243,0.05621922028055186,0.030961309719724214,0.04766412154220701,0.024443139252413856,0.030961309719724214,0.024646832079517303,0.021998825327172466
802,0.1394277401523107,0.18182523351486116,0.05621922028055186,0.030961309719724214,0.04888627850482771,0.02485052490662075,0.03177608102813801,0.01853604726641384,0.021998825327172466
803,0.1394277401523107,0.1813697174017785,0.05601552745344842,0.03035023123841387,0.04868258567772426,0.02485052490662075,0.03320193081786215,0.017924968785103492,0.021998825327172466
804,0.1390203544981038,0.18134838993423907,0.05621922028055186,0.030553924065517317,0.05153428525717254,0.02485052490662075,0.03136869537393111,0.0167028118224828,0.022406210981379366
805,0.14136282200979347,0.18483783241045154,0.05601552745344842,0.032590852336551804,0.047460428715103566,0.02485052490662075,0.03279454516365526,0.024035753598206956,0.021795132500069023
806,0.14187205407755207,0.1860219702270914,0.05662660593475876,0.03035023123841387,0.04908997133193115,0.024443139252413856,0.03177608102813801,0.02648006752344834,0.022609903808482816
807,0.13952958656586242,0.1814562643437249,0.05479337049082772,0.03035023123841387,0.05031212829455185,0.02485052490662075,0.0338130092991725,0.01833235443931039,0.023017289462689713
808,0.1387148152574486,0.18024956261280142,0.05520075614503462,0.030553924065517317,0.04888627850482771,0.023017289462689713,0.03279454516365526,0.02036928271034488,0.021998825327172466
809,0.14258497897241415,0.1879935628946988,0.05601552745344842,0.030553924065517317,0.0497010498132415,0.02831330296737938,0.03320193081786215,0.023628367944000056,0.021998825327172466
810,0.14889945661262105,0.2012159098697495,0.05621922028055186,0.03035023123841387,0.0497010498132415,0.02831330296737938,0.03523885908889664,0.03849794432255182,0.021998825327172466
811,0.14003881863362103,0.1830838313939988,0.05683029876186221,0.030553924065517317,0.05092320677586219,0.02342467511689661,0.03320193081786215,0.019350818574827636,0.021998825327172466
812,0.1398351258065176,0.18086207239561014,0.05489521690437945,0.030553924065517317,0.04949735698613805,0.022609903808482816,0.03523885908889664,0.020980361191655222,0.021795132500069023
813,0.13810373677613827,0.17943430939456775,0.05621922028055186,0.03035023123841387,0.04868258567772426,0.023017289462689713,0.03320193081786215,0.0167028118224828,0.021998825327172466
814,0.14207574690465555,0.18676563357656756,0.05683029876186221,0.030553924065517317,0.04868258567772426,0.02342467511689661,0.03646101605151733,0.021387746845862123,0.021998825327172466
815,0.14339975028082794,0.18966658610689852,0.05621922028055186,0.030961309719724214,0.04868258567772426,0.02525791056082765,0.03849794432255182,0.021591439672965573,0.021591439672965573
816,0.14309421104017278,0.18877846547955038,0.05621922028055186,0.030553924065517317,0.0501084354674484,0.023017289462689713,0.041757029556207005,0.017924968785103492,0.021998825327172466
817,0.14024251146072447,0.18328169550561657,0.05621922028055186,0.032183466682344904,0.05031212829455185,0.024035753598206956,0.03279454516365526,0.019554511401931082,0.022406210981379366
818,0.14095543635558655,0.18479189966230794,0.05621922028055186,0.030961309719724214,0.0497010498132415,0.024443139252413856,0.03197977385524146,0.023628367944000056,0.022406210981379366
819,0.1424831325588624,0.187137138004893,0.05581183462634497,0.03035023123841387,0.05112689960296564,0.02485052490662075,0.03666470887862078,0.019554511401931082,0.023220982289793163
820,0.1426868253859659,0.18803164624741558,0.05621922028055186,0.03035023123841387,0.047460428715103566,0.023628367944000056,0.041757029556207005,0.02016558988324143,0.021998825327172466
821,0.14085358994203484,0.18489995215249538,0.05601552745344842,0.03035023123841387,0.049293664159034606,0.025665296215034546,0.03503516626179319,0.019147125747724186,0.021795132500069023
822,0.13963143297941413,0.1821610151212559,0.05621922028055186,0.030553924065517317,0.05133059243006909,0.024443139252413856,0.03177608102813801,0.01873974009351729,0.021795132500069023
823,0.1406498971149314,0.18449764609397312,0.05601552745344842,0.03035023123841387,0.05031212829455185,0.024035753598206956,0.03360931647206905,0.022813596635586263,0.021998825327172466
824,0.1415665148368969,0.18585345520763094,0.05601552745344842,0.030553924065517317,0.05316382787400013,0.02342467511689661,0.03503516626179319,0.01833235443931039,0.023220982289793163
825,0.14014066504717276,0.18290565130449618,0.05601552745344842,0.032183466682344904,0.04868258567772426,0.02342467511689661,0.03523885908889664,0.0167028118224828,0.022609903808482816
826,0.13932589373875895,0.18172728109947112,0.05581183462634497,0.030553924065517317,0.04908997133193115,0.02688745317765524,0.03360931647206905,0.0167028118224828,0.021795132500069023
827,0.14187205407755207,0.18666835362578954,0.05662660593475876,0.03136869537393111,0.0497010498132415,0.027702224486069033,0.03197977385524146,0.019554511401931082,0.022813596635586263
828,0.14085358994203484,0.18455696523540893,0.05621922028055186,0.03035023123841387,0.047460428715103566,0.02688745317765524,0.035849937570206984,0.016295426168275902,0.022609903808482816
829,0.14543667855186243,0.19376035227663904,0.05621922028055186,0.032998237990758704,0.0497010498132415,0.024443139252413856,0.0338130092991725,0.03238715950944836,0.022406210981379366
830,0.1386129688438969,0.1801638287132175,0.05601552745344842,0.030553924065517317,0.047460428715103566,0.02342467511689661,0.03503516626179319,0.0167028118224828,0.021795132500069023
831,0.14187205407755207,0.1854730149506829,0.05601552745344842,0.0334056236449656,0.04725673588800011,0.022813596635586263,0.0346277806075863,0.021387746845862123,0.022609903808482816
832,0.14411267517569,0.19112118097501465,0.05621922028055186,0.03035023123841387,0.0497010498132415,0.029128074275793173,0.03849794432255182,0.01833235443931039,0.022202518154275916
833,0.1407517435284831,0.1842611941248164,0.05683029876186221,0.03320193081786215,0.04766412154220701,0.023832060771103506,0.03483147343468974,0.018128661612206942,0.021998825327172466
834,0.14095543635558655,0.1845759457210147,0.05601552745344842,0.03035023123841387,0.05133059243006909,0.023017289462689713,0.03523885908889664,0.019554511401931082,0.021795132500069023
835,0.1394277401523107,0.18129487360302562,0.05621922028055186,0.03360931647206905,0.04908997133193115,0.024443139252413856,0.03238715950944836,0.016295426168275902,0.02342467511689661
836,0.14115912918269,0.1850760332576195,0.05621922028055186,0.030553924065517317,0.05112689960296564,0.02525791056082765,0.0334056236449656,0.019147125747724186,0.022813596635586263
837,0.13922404732520724,0.18175262278113363,0.05621922028055186,0.031165002546827664,0.04949735698613805,0.02342467511689661,0.0346277806075863,0.016295426168275902,0.021795132500069023
838,0.1407517435284831,0.1843199298528392,0.05560814179924152,0.03197977385524146,0.049293664159034606,0.024443139252413856,0.03523885908889664,0.017924968785103492,0.021998825327172466
839,0.13952958656586242,0.1820049559205914,0.05601552745344842,0.030961309719724214,0.04766412154220701,0.02342467511689661,0.03197977385524146,0.022202518154275916,0.021998825327172466
840,0.13891850808455206,0.18119406689143655,0.05683029876186221,0.030553924065517317,0.047460428715103566,0.022813596635586263,0.03503516626179319,0.015888040514069005,0.022202518154275916
841,0.13749265829482793,0.17781342931576202,0.05560814179924152,0.029128074275793173,0.04908997133193115,0.023220982289793163,0.03279454516365526,0.018128661612206942,0.021591439672965573
842,0.14380713593503483,0.18986669406255183,0.05601552745344842,0.030553924065517317,0.04868258567772426,0.023220982289793163,0.03503516626179319,0.030961309719724214,0.022202518154275916
843,0.14187205407755207,0.1866064362122464,0.05601552745344842,0.030961309719724214,0.04868258567772426,0.02342467511689661,0.03686840170572423,0.020980361191655222,0.022202518154275916
844,0.1386129688438969,0.17992355080099726,0.05601552745344842,0.03035023123841387,0.04807150719641391,0.024035753598206956,0.03177608102813801,0.019554511401931082,0.021795132500069023
845,0.13891850808455206,0.18105931508141435,0.05683029876186221,0.030553924065517317,0.0497010498132415,0.023220982289793163,0.03279454516365526,0.01690650464958625,0.021998825327172466
846,0.14166836125044863,0.1860219535451421,0.05601552745344842,0.03320193081786215,0.05316382787400013,0.02831330296737938,0.032590852336551804,0.01833235443931039,0.021795132500069023
847,0.14716806758224174,0.19784846652849153,0.05601552745344842,0.03238715950944836,0.05031212829455185,0.02831330296737938,0.0334056236449656,0.03523885908889664,0.021998825327172466
848,0.13820558318969,0.1796412434062958,0.05621922028055186,0.030553924065517317,0.04807150719641391,0.02342467511689661,0.031165002546827664,0.01833235443931039,0.021998825327172466
849,0.14014066504717276,0.18326804822714352,0.05601552745344842,0.030553924065517317,0.05112689960296564,0.02342467511689661,0.03360931647206905,0.018128661612206942,0.023628367944000056
850,0.14003881863362103,0.18255946761849137,0.05560814179924152,0.029535459930000073,0.0497010498132415,0.024443139252413856,0.0346277806075863,0.01873974009351729,0.021998825327172466
851,0.1407517435284831,0.18449573657155025,0.05621922028055186,0.030553924065517317,0.05031212829455185,0.023017289462689713,0.03523885908889664,0.019554511401931082,0.021998825327172466
852,0.14380713593503483,0.19002856130088366,0.05601552745344842,0.030553924065517317,0.05357121352820703,0.029128074275793173,0.03320193081786215,0.023832060771103506,0.022202518154275916
853,0.1386129688438969,0.18029850853956017,0.05621922028055186,0.030553924065517317,0.04766412154220701,0.024443139252413856,0.031165002546827664,0.018943432920620736,0.022202518154275916
854,0.14207574690465555,0.18637705623194512,0.05601552745344842,0.030553924065517317,0.04868258567772426,0.024035753598206956,0.03849794432255182,0.01853604726641384,0.022202518154275916
855,0.1387148152574486,0.1807863390353878,0.05601552745344842,0.030553924065517317,0.04908997133193115,0.02342467511689661,0.03503516626179319,0.016295426168275902,0.021795132500069023
856,0.14187205407755207,0.18657570987588856,0.05621922028055186,0.032590852336551804,0.047460428715103566,0.02688745317765524,0.03483147343468974,0.01833235443931039,0.022202518154275916
857,0.14054805070137966,0.18353175785687492,0.05601552745344842,0.03197977385524146,0.04807150719641391,0.0250542177337242,0.03320193081786215,0.018128661612206942,0.022609903808482816
858,0.1431960574537245,0.18880371743660268,0.05601552745344842,0.03035023123841387,0.04807150719641391,0.02709114600475869,0.031165002546827664,0.02872068862158628,0.023220982289793163
859,0.14564037137896588,0.19384801728139403,0.05683029876186221,0.03279454516365526,0.05357121352820703,0.02872068862158628,0.035849937570206984,0.021591439672965573,0.022202518154275916
860,0.14350159669437967,0.18993316210120373,0.05703399158896566,0.030553924065517317,0.05133059243006909,0.02668376035055179,0.035849937570206984,0.020776668364551776,0.022202518154275916
861,0.1406498971149314,0.1841685151939877,0.05581183462634497,0.030553924065517317,0.05031212829455185,0.02342467511689661,0.03605363039731044,0.01833235443931039,0.021795132500069023
862,0.14085358994203484,0.18482231257803652,0.05601552745344842,0.03035023123841387,0.0497010498132415,0.023628367944000056,0.0342203949533794,0.020572975537448326,0.022813596635586263
863,0.14187205407755207,0.1861585460112805,0.05601552745344842,0.030553924065517317,0.04868258567772426,0.025461603387931096,0.03646101605151733,0.01853604726641384,0.021998825327172466
864,0.14003881863362103,0.18277764911922265,0.05601552745344842,0.030553924065517317,0.05133059243006909,0.025665296215034546,0.03279454516365526,0.017721275958000045,0.021591439672965573
865,0.13973327939296587,0.18295811642246979,0.05601552745344842,0.030553924065517317,0.0497010498132415,0.027294838831862137,0.030553924065517317,0.01833235443931039,0.021795132500069023
866,0.1427886717995176,0.1882109497838819,0.05621922028055186,0.03035023123841387,0.0505158211216553,0.023017289462689713,0.03605363039731044,0.024239446425310406,0.021998825327172466
867,0.13993697222006932,0.18271526473122002,0.05601552745344842,0.030553924065517317,0.047460428715103566,0.023017289462689713,0.03360931647206905,0.022202518154275916,0.021591439672965573
868,0.1406498971149314,0.1845647587609788,0.05601552745344842,0.03035023123841387,0.04888627850482771,0.02831330296737938,0.03360931647206905,0.018128661612206942,0.021998825327172466
869,0.1398351258065176,0.18307343575523952,0.05764507007027601,0.03014653841131042,0.04847889285062081,0.02627637469634489,0.030961309719724214,0.01853604726641384,0.022202518154275916
870,0.1390203544981038,0.18102728754601816,0.05601552745344842,0.029739152757103524,0.047460428715103566,0.023017289462689713,0.03503516626179319,0.017517583130896595,0.021998825327172466
871,0.13973327939296587,0.18203561755227773,0.05601552745344842,0.03197977385524146,0.04827520002351736,0.023017289462689713,0.03320193081786215,0.01833235443931039,0.022202518154275916
872,0.14329790386727623,0.18850119215475003,0.05601552745344842,0.030961309719724214,0.04807150719641391,0.022813596635586263,0.035849937570206984,0.024646832079517303,0.023220982289793163
873,0.14014066504717276,0.18326509628534995,0.05744137724317256,0.029331767102896623,0.053978599182413926,0.02525791056082765,0.032998237990758704,0.016295426168275902,0.021998825327172466
874,0.13932589373875895,0.18147901787063545,0.05621922028055186,0.03035023123841387,0.04807150719641391,0.027498531658965587,0.03279454516365526,0.0167028118224828,0.021591439672965573
875,0.14441821441634517,0.19148432789425893,0.05621922028055186,0.030757616892620764,0.04868258567772426,0.02525791056082765,0.041349643902000105,0.021387746845862123,0.021998825327172466
876,0.13922404732520724,0.18180055445863566,0.05683029876186221,0.031572388201034564,0.047460428715103566,0.02525791056082765,0.0334056236449656,0.015684347686965555,0.022406210981379366
877,0.14380713593503483,0.1901710696326781,0.05621922028055186,0.0334056236449656,0.049293664159034606,0.023017289462689713,0.0334056236449656,0.030961309719724214,0.021795132500069023
878,0.1424831325588624,0.18712063440077323,0.05621922028055186,0.03035023123841387,0.04807150719641391,0.025665296215034546,0.0334056236449656,0.024646832079517303,0.022609903808482816
879,0.14217759331820723,0.1863668101660785,0.05520075614503462,0.031165002546827664,0.04807150719641391,0.022813596635586263,0.041349643902000105,0.017517583130896595,0.021998825327172466
880,0.13993697222006932,0.18277751604074352,0.05601552745344842,0.031572388201034564,0.04766412154220701,0.02342467511689661,0.03360931647206905,0.02016558988324143,0.021998825327172466
881,0.1406498971149314,0.1844850844626083,0.05621922028055186,0.030961309719724214,0.05153428525717254,0.025665296215034546,0.03483147343468974,0.015888040514069005,0.021998825327172466
882,0.14207574690465555,0.1872589094898501,0.05621922028055186,0.03035023123841387,0.05296013504689668,0.023628367944000056,0.03503516626179319,0.022406210981379366,0.021998825327172466
883,0.14003881863362103,0.18319894938768358,0.05621922028055186,0.030961309719724214,0.05296013504689668,0.024035753598206956,0.03320193081786215,0.017721275958000045,0.021998825327172466
884,0.13973327939296587,0.18219656497937062,0.05601552745344842,0.030961309719724214,0.04827520002351736,0.02342467511689661,0.035849937570206984,0.0167028118224828,0.021998825327172466
885,0.14227943973175897,0.18742449010435522,0.05601552745344842,0.03035023123841387,0.04868258567772426,0.023017289462689713,0.03849794432255182,0.021998825327172466,0.021795132500069023
886,0.14258497897241415,0.18775392645721378,0.05601552745344842,0.030553924065517317,0.04827520002351736,0.023017289462689713,0.03890532997675872,0.021591439672965573,0.021795132500069023
887,0.1407517435284831,0.1839330507535876,0.05601552745344842,0.030553924065517317,0.04827520002351736,0.02688745317765524,0.03279454516365526,0.01833235443931039,0.022609903808482816
888,0.14054805070137966,0.18384036436508472,0.05621922028055186,0.030553924065517317,0.05112689960296564,0.024443139252413856,0.03279454516365526,0.02016558988324143,0.022813596635586263
889,0.14054805070137966,0.18413699889136137,0.05744137724317256,0.030553924065517317,0.0497010498132415,0.02342467511689661,0.03279454516365526,0.019554511401931082,0.023220982289793163
890,0.14177020766400036,0.18603563069197704,0.05601552745344842,0.029739152757103524,0.05153428525717254,0.024443139252413856,0.0346277806075863,0.021387746845862123,0.022406210981379366
891,0.13973327939296587,0.1826003676939485,0.05601552745344842,0.030553924065517317,0.05031212829455185,0.02342467511689661,0.0338130092991725,0.019147125747724186,0.021591439672965573
892,0.14227943973175897,0.18749033752835984,0.05601552745344842,0.030553924065517317,0.05357121352820703,0.025665296215034546,0.03177608102813801,0.022813596635586263,0.02342467511689661
893,0.14502929289765554,0.1919965846301702,0.05601552745344842,0.030553924065517317,0.047460428715103566,0.027294838831862137,0.041349643902000105,0.02016558988324143,0.022813596635586263
894,0.13749265829482793,0.17831858302812095,0.05621922028055186,0.030553924065517317,0.0497010498132415,0.02342467511689661,0.03136869537393111,0.0167028118224828,0.021795132500069023
895,0.1423812861453107,0.18770778490193316,0.05621922028055186,0.030553924065517317,0.04827520002351736,0.027498531658965587,0.03544255191600009,0.02036928271034488,0.021998825327172466
896,0.1387148152574486,0.18053211587420973,0.05601552745344842,0.030757616892620764,0.04766412154220701,0.02485052490662075,0.031165002546827664,0.019758204229034532,0.021998825327172466
897,0.1423812861453107,0.1876199144664176,0.05621922028055186,0.03035023123841387,0.049293664159034606,0.023628367944000056,0.03503516626179319,0.024239446425310406,0.023220982289793163
898,0.1386129688438969,0.18069038534173723,0.05601552745344842,0.03035023123841387,0.04908997133193115,0.023017289462689713,0.0346277806075863,0.015888040514069005,0.021998825327172466
899,0.13973327939296587,0.182387302399502,0.05601552745344842,0.03014653841131042,0.04868258567772426,0.023017289462689713,0.034016702126275944,0.01853604726641384,0.021998825327172466
900,0.14166836125044863,0.18578617990634952,0.05601552745344842,0.03014653841131042,0.05071951394875875,0.02485052490662075,0.035849937570206984,0.01833235443931039,0.021998825327172466
901,0.14207574690465555,0.1867478702719066,0.05560814179924152,0.030757616892620764,0.0497010498132415,0.024443139252413856,0.039109022803862165,0.0167028118224828,0.023220982289793163
902,0.14146466842334518,0.18501051528489995,0.05601552745344842,0.031572388201034564,0.04725673588800011,0.024443139252413856,0.03747948018703458,0.0167028118224828,0.022813596635586263
903,0.1427886717995176,0.1879374245912495,0.05621922028055186,0.029739152757103524,0.04908997133193115,0.024443139252413856,0.03686840170572423,0.023832060771103506,0.021998825327172466
904,0.1394277401523107,0.1815737279937645,0.05581183462634497,0.030553924065517317,0.0505158211216553,0.023017289462689713,0.03564624474310354,0.014869576378551762,0.021591439672965573
905,0.1406498971149314,0.18425878479088503,0.05601552745344842,0.03014653841131042,0.04908997133193115,0.02485052490662075,0.03503516626179319,0.019554511401931082,0.021795132500069023
906,0.13820558318969,0.17949040380332926,0.05621922028055186,0.03035023123841387,0.04725673588800011,0.025461603387931096,0.03136869537393111,0.0171101974766897,0.021795132500069023
907,0.14380713593503483,0.1905344671447955,0.05621922028055186,0.029739152757103524,0.05133059243006909,0.02342467511689661,0.03870163714965527,0.022609903808482816,0.022813596635586263
908,0.14014066504717276,0.1828597368103003,0.05520075614503462,0.03035023123841387,0.049293664159034606,0.024035753598206956,0.0346277806075863,0.01873974009351729,0.022609903808482816
909,0.1385111224303452,0.17997089412663553,0.05601552745344842,0.03035023123841387,0.04827520002351736,0.024443139252413856,0.030961309719724214,0.01853604726641384,0.021591439672965573
910,0.14044620428782795,0.18340966671449954,0.05560814179924152,0.031165002546827664,0.05133059243006909,0.023017289462689713,0.03279454516365526,0.022202518154275916,0.021998825327172466
911,0.13963143297941413,0.18141159127735623,0.05560814179924152,0.032998237990758704,0.0497010498132415,0.023628367944000056,0.03279454516365526,0.01833235443931039,0.022202518154275916
912,0.14329790386727623,0.18858685858588672,0.05601552745344842,0.030553924065517317,0.04908997133193115,0.023017289462689713,0.03503516626179319,0.02709114600475869,0.022406210981379366
913,0.14146466842334518,0.18548041974948298,0.05703399158896566,0.030961309719724214,0.0497010498132415,0.02485052490662075,0.03360931647206905,0.01873974009351729,0.022813596635586263
914,0.14187205407755207,0.18644440122886718,0.05621922028055186,0.030553924065517317,0.05112689960296564,0.02342467511689661,0.03483147343468974,0.021387746845862123,0.022609903808482816
915,0.14085358994203484,0.18483978143743945,0.05621922028055186,0.030757616892620764,0.05275644221979323,0.02342467511689661,0.03197977385524146,0.022813596635586263,0.022609903808482816
916,0.13749265829482793,0.17834997842876346,0.05581183462634497,0.029535459930000073,0.05479337049082772,0.023017289462689713,0.030961309719724214,0.016295426168275902,0.021795132500069023
917,0.13973327939296587,0.18263496795788975,0.05621922028055186,0.031572388201034564,0.04908997133193115,0.024443139252413856,0.032998237990758704,0.01731389030379315,0.021591439672965573
918,0.14095543635558655,0.18446141505594316,0.05601552745344842,0.03197977385524146,0.05133059243006909,0.023220982289793163,0.03564624474310354,0.0167028118224828,0.022406210981379366
919,0.14095543635558655,0.1843871459664355,0.05581183462634497,0.030553924065517317,0.04827520002351736,0.025868989042137996,0.03564624474310354,0.01833235443931039,0.022202518154275916
920,0.14085358994203484,0.18443365959039898,0.05703399158896566,0.030553924065517317,0.04868258567772426,0.02342467511689661,0.03544255191600009,0.019554511401931082,0.021998825327172466
921,0.14024251146072447,0.18402193890835156,0.05621922028055186,0.030757616892620764,0.05031212829455185,0.02342467511689661,0.0338130092991725,0.020572975537448326,0.021998825327172466
922,0.1406498971149314,0.18407390841022112,0.05601552745344842,0.030961309719724214,0.0497010498132415,0.024443139252413856,0.0346277806075863,0.017924968785103492,0.021998825327172466
923,0.14309421104017278,0.18836643183749693,0.05601552745344842,0.03035023123841387,0.05499706331793117,0.023628367944000056,0.03320193081786215,0.024646832079517303,0.02342467511689661
924,0.13810373677613827,0.17891836011367576,0.05601552745344842,0.030553924065517317,0.04725673588800011,0.023017289462689713,0.03279454516365526,0.01690650464958625,0.021998825327172466
925,0.13973327939296587,0.18242526225888103,0.05601552745344842,0.030961309719724214,0.0505158211216553,0.024443139252413856,0.03503516626179319,0.015684347686965555,0.021998825327172466
926,0.13922404732520724,0.18149389716718223,0.05560814179924152,0.030553924065517317,0.0497010498132415,0.02688745317765524,0.031165002546827664,0.01873974009351729,0.021795132500069023
927,0.13820558318969,0.1787686843493174,0.05560814179924152,0.030553924065517317,0.04807150719641391,0.023017289462689713,0.032183466682344904,0.01833235443931039,0.021591439672965573
928,0.14411267517569,0.19056325314380107,0.05642291310765531,0.029739152757103524,0.04908997133193115,0.02994284558420697,0.03503516626179319,0.024646832079517303,0.021998825327172466
929,0.14126097559624173,0.18543414350259832,0.05601552745344842,0.03035023123841387,0.0497010498132415,0.023017289462689713,0.03523885908889664,0.022202518154275916,0.021591439672965573
930,0.14115912918269,0.18470965228312264,0.05560814179924152,0.032590852336551804,0.047460428715103566,0.02709114600475869,0.03503516626179319,0.017924968785103492,0.021795132500069023
931,0.14360344310793138,0.18975748626830274,0.05621922028055186,0.03035023123841387,0.0505158211216553,0.02485052490662075,0.03686840170572423,0.021998825327172466,0.022813596635586263
932,0.13769635112193138,0.1787319932536265,0.05621922028055186,0.031572388201034564,0.04868258567772426,0.023017289462689713,0.03136869537393111,0.016295426168275902,0.021998825327172466
933,0.13759450470837967,0.17879069571247802,0.05601552745344842,0.030961309719724214,0.05031212829455185,0.022813596635586263,0.0334056236449656,0.013851112243034517,0.021795132500069023
934,0.13800189036258653,0.1788889970949843,0.05601552745344842,0.029128074275793173,0.047460428715103566,0.02342467511689661,0.0334056236449656,0.018128661612206942,0.021591439672965573
935,0.1390203544981038,0.18098189185634564,0.05560814179924152,0.031572388201034564,0.04766412154220701,0.027294838831862137,0.03197977385524146,0.016295426168275902,0.021998825327172466
936,0.13993697222006932,0.18255664303425226,0.05601552745344842,0.030553924065517317,0.05071951394875875,0.024443139252413856,0.03503516626179319,0.016295426168275902,0.021591439672965573
937,0.1394277401523107,0.18179699668458021,0.05601552745344842,0.030553924065517317,0.0505158211216553,0.02342467511689661,0.03279454516365526,0.019147125747724186,0.021998825327172466
938,0.1403443578742762,0.18371064216639413,0.05784876289737946,0.030553924065517317,0.0497010498132415,0.023017289462689713,0.03320193081786215,0.01833235443931039,0.021998825327172466
939,0.14126097559624173,0.18549737713645545,0.05621922028055186,0.030961309719724214,0.04868258567772426,0.02688745317765524,0.035849937570206984,0.016295426168275902,0.022406210981379366
940,0.1394277401523107,0.18121767474438225,0.05581183462634497,0.0334056236449656,0.04847889285062081,0.02342467511689661,0.03279454516365526,0.017924968785103492,0.021998825327172466
941,0.14085358994203484,0.18446814749125306,0.05683029876186221,0.030553924065517317,0.05153428525717254,0.024646832079517303,0.03483147343468974,0.015684347686965555,0.022813596635586263
942,0.13952958656586242,0.18199596674227142,0.05581183462634497,0.030961309719724214,0.0505158211216553,0.02342467511689661,0.03320193081786215,0.019554511401931082,0.021795132500069023
943,0.13922404732520724,0.18134626507027543,0.05601552745344842,0.03035023123841387,0.047460428715103566,0.023628367944000056,0.034016702126275944,0.01873974009351729,0.021795132500069023
944,0.14003881863362103,0.1828755538731239,0.05621922028055186,0.030961309719724214,0.049293664159034606,0.02485052490662075,0.03279454516365526,0.018943432920620736,0.021998825327172466
945,0.13820558318969,0.17934249443739067,0.05581183462634497,0.030961309719724214,0.047460428715103566,0.023017289462689713,0.030757616892620764,0.01833235443931039,0.022813596635586263
946,0.1419739004911038,0.18644551385243227,0.05784876289737946,0.030553924065517317,0.047460428715103566,0.024443139252413856,0.03646101605151733,0.018943432920620736,0.021795132500069023
947,0.14126097559624173,0.18566156177151208,0.05621922028055186,0.030553924065517317,0.05316382787400013,0.027294838831862137,0.03279454516365526,0.019554511401931082,0.021795132500069023
948,0.1407517435284831,0.1842998754648162,0.05601552745344842,0.030553924065517317,0.04908997133193115,0.024443139252413856,0.03523885908889664,0.01853604726641384,0.021998825327172466
949,0.14299236462662104,0.1879893745270271,0.05683029876186221,0.03035023123841387,0.04807150719641391,0.02688745317765524,0.03279454516365526,0.02668376035055179,0.022406210981379366
950,0.14258497897241415,0.18749185779049804,0.05601552745344842,0.03320193081786215,0.0497010498132415,0.02525791056082765,0.03523885908889664,0.01873974009351729,0.022813596635586263
951,0.13922404732520724,0.18139567537340306,0.05621922028055186,0.030553924065517317,0.04868258567772426,0.023017289462689713,0.03503516626179319,0.0167028118224828,0.021998825327172466
952,0.14339975028082794,0.18912819310636803,0.05621922028055186,0.030553924065517317,0.047460428715103566,0.023017289462689713,0.03503516626179319,0.029739152757103524,0.021998825327172466
953,0.14136282200979347,0.18513970150680611,0.05601552745344842,0.03279454516365526,0.04868258567772426,0.025665296215034546,0.034016702126275944,0.01853604726641384,0.021998825327172466
954,0.1407517435284831,0.18428431141771742,0.05683029876186221,0.03035023123841387,0.04807150719641391,0.023017289462689713,0.03483147343468974,0.01833235443931039,0.023220982289793163
955,0.1387148152574486,0.1805172938667375,0.05601552745344842,0.03035023123841387,0.04888627850482771,0.024443139252413856,0.03279454516365526,0.0171101974766897,0.021591439672965573
956,0.1398351258065176,0.1822838220021749,0.05601552745344842,0.02994284558420697,0.04847889285062081,0.023017289462689713,0.0346277806075863,0.01833235443931039,0.022202518154275916
957,0.13912220091165553,0.18104934642532378,0.05560814179924152,0.030553924065517317,0.0497010498132415,0.02342467511689661,0.03320193081786215,0.01853604726641384,0.021998825327172466
958,0.13749265829482793,0.17820890508440332,0.05621922028055186,0.030553924065517317,0.04827520002351736,0.023220982289793163,0.03177608102813801,0.015480654859862107,0.022609903808482816
959,0.14207574690465555,0.1873051050392324,0.05784876289737946,0.029128074275793173,0.0497010498132415,0.02688745317765524,0.03483147343468974,0.02016558988324143,0.021998825327172466
960,0.14360344310793138,0.18937904131052846,0.05621922028055186,0.029739152757103524,0.04807150719641391,0.023017289462689713,0.03849794432255182,0.02485052490662075,0.021998825327172466
961,0.1403443578742762,0.18346517682673222,0.05601552745344842,0.030961309719724214,0.05499706331793117,0.02342467511689661,0.03483147343468974,0.016295426168275902,0.021998825327172466
962,0.13840927601679345,0.18013706315784314,0.05601552745344842,0.03035023123841387,0.0497010498132415,0.02342467511689661,0.03136869537393111,0.019554511401931082,0.021795132500069023
963,0.1403443578742762,0.18334951663892182,0.05601552745344842,0.029128074275793173,0.05031212829455185,0.023017289462689713,0.03564624474310354,0.017721275958000045,0.022813596635586263
964,0.1415665148368969,0.1856109360891031,0.05581183462634497,0.03035023123841387,0.05744137724317256,0.023017289462689713,0.03279454516365526,0.021387746845862123,0.021998825327172466
965,0.13963143297941413,0.18233346733449826,0.05601552745344842,0.030553924065517317,0.047460428715103566,0.02688745317765524,0.031165002546827664,0.02036928271034488,0.021998825327172466
966,0.14217759331820723,0.18674577059071146,0.05581183462634497,0.03136869537393111,0.047460428715103566,0.023220982289793163,0.03686840170572423,0.022202518154275916,0.021998825327172466
967,0.1427886717995176,0.18834833298011947,0.05621922028055186,0.030553924065517317,0.04868258567772426,0.02342467511689661,0.03870163714965527,0.021998825327172466,0.021591439672965573
968,0.14115912918269,0.18489349495162494,0.05601552745344842,0.031572388201034564,0.04888627850482771,0.024443139252413856,0.031572388201034564,0.024443139252413856,0.021998825327172466
969,0.13912220091165553,0.18128270726999796,0.05601552745344842,0.030553924065517317,0.0505158211216553,0.024443139252413856,0.03279454516365526,0.0171101974766897,0.021795132500069023
970,0.1415665148368969,0.18596791519063208,0.05642291310765531,0.03014653841131042,0.04827520002351736,0.02688745317765524,0.03320193081786215,0.021998825327172466,0.022406210981379366
971,0.14166836125044863,0.18651011425330122,0.05621922028055186,0.030553924065517317,0.05112689960296564,0.027294838831862137,0.03197977385524146,0.021591439672965573,0.022406210981379366
972,0.13769635112193138,0.17902570534064255,0.05621922028055186,0.030553924065517317,0.049293664159034606,0.024443139252413856,0.031165002546827664,0.015888040514069005,0.022609903808482816
973,0.14085358994203484,0.18421429334558084,0.05621922028055186,0.030553924065517317,0.047460428715103566,0.023832060771103506,0.03605363039731044,0.01853604726641384,0.021998825327172466
974,0.1423812861453107,0.18742695066603543,0.05683029876186221,0.030553924065517317,0.04868258567772426,0.02485052490662075,0.03564624474310354,0.023017289462689713,0.021591439672965573
975,0.14024251146072447,0.18365353831156453,0.05621922028055186,0.03035023123841387,0.05234905656558634,0.02525791056082765,0.03523885908889664,0.015684347686965555,0.021795132500069023
976,0.13800189036258653,0.17854160488773446,0.05601552745344842,0.032183466682344904,0.04725673588800011,0.02342467511689661,0.03279454516365526,0.016295426168275902,0.021591439672965573
977,0.14054805070137966,0.18407966585518226,0.05581183462634497,0.03035023123841387,0.0501084354674484,0.024443139252413856,0.03503516626179319,0.01873974009351729,0.021998825327172466
978,0.1415665148368969,0.18572291540436983,0.05601552745344842,0.030553924065517317,0.04847889285062081,0.024443139252413856,0.035849937570206984,0.021387746845862123,0.021795132500069023
979,0.14177020766400036,0.18602836810769244,0.05601552745344842,0.03238715950944836,0.04868258567772426,0.024646832079517303,0.0346277806075863,0.017517583130896595,0.024035753598206956
980,0.13667788698641414,0.17605727909556826,0.05479337049082772,0.030553924065517317,0.0505158211216553,0.023017289462689713,0.030757616892620764,0.0167028118224828,0.021998825327172466
981,0.13830742960324172,0.18004451808656893,0.05581183462634497,0.030961309719724214,0.0497010498132415,0.023628367944000056,0.032590852336551804,0.01690650464958625,0.021998825327172466
982,0.1386129688438969,0.18031316208182255,0.05621922028055186,0.032590852336551804,0.047460428715103566,0.022813596635586263,0.031165002546827664,0.01853604726641384,0.021998825327172466
983,0.14177020766400036,0.18609887232125305,0.05621922028055186,0.03136869537393111,0.05234905656558634,0.024443139252413856,0.03197977385524146,0.024035753598206956,0.021998825327172466
984,0.13922404732520724,0.18175505662069405,0.05621922028055186,0.03035023123841387,0.04868258567772426,0.024443139252413856,0.034016702126275944,0.0167028118224828,0.022406210981379366
985,0.13963143297941413,0.18178451860020886,0.05601552745344842,0.030961309719724214,0.04807150719641391,0.024443139252413856,0.03523885908889664,0.0167028118224828,0.021795132500069023
986,0.13891850808455206,0.18045679442642562,0.05683029876186221,0.030553924065517317,0.04766412154220701,0.02485052490662075,0.03177608102813801,0.017517583130896595,0.021591439672965573
987,0.1415665148368969,0.18524871988887373,0.05601552745344842,0.030757616892620764,0.04725673588800011,0.023017289462689713,0.038090558668344925,0.01873974009351729,0.021998825327172466
988,0.13912220091165553,0.18116302830612838,0.05560814179924152,0.031572388201034564,0.04868258567772426,0.02342467511689661,0.0338130092991725,0.0171101974766897,0.021998825327172466
989,0.14350159669437967,0.18939940679208983,0.05601552745344842,0.03035023123841387,0.05071951394875875,0.023832060771103506,0.04155333672910355,0.02016558988324143,0.021998825327172466
990,0.14329790386727623,0.18948477722244694,0.05621922028055186,0.030553924065517317,0.05275644221979323,0.02872068862158628,0.03544255191600009,0.02016558988324143,0.022202518154275916
991,0.13881666167100035,0.1802653740377044,0.05621922028055186,0.030553924065517317,0.04868258567772426,0.02342467511689661,0.03279454516365526,0.01833235443931039,0.021795132500069023
992,0.1410572827691383,0.18517076775000646,0.05601552745344842,0.029535459930000073,0.05357121352820703,0.02688745317765524,0.03483147343468974,0.01690650464958625,0.021795132500069023
993,0.14115912918269,0.18488738140054525,0.05560814179924152,0.030961309719724214,0.05275644221979323,0.023017289462689713,0.035849937570206984,0.01833235443931039,0.021998825327172466
994,0.14024251146072447,0.18347495141651207,0.05621922028055186,0.030961309719724214,0.0497010498132415,0.023017289462689713,0.03646101605151733,0.0167028118224828,0.021795132500069023
995,0.1410572827691383,0.18487217313349763,0.05621922028055186,0.03320193081786215,0.049293664159034606,0.024035753598206956,0.031165002546827664,0.024443139252413856,0.021998825327172466
996,0.14166836125044863,0.1860323806906651,0.05560814179924152,0.032998237990758704,0.04908997133193115,0.02525791056082765,0.03503516626179319,0.020980361191655222,0.021998825327172466
997,0.14044620428782795,0.18328827016639346,0.05560814179924152,0.030553924065517317,0.04827520002351736,0.022813596635586263,0.03360931647206905,0.022813596635586263,0.022609903808482816
998,0.14044620428782795,0.18395483992675582,0.05601552745344842,0.02892438144868973,0.0497010498132415,0.02342467511689661,0.0338130092991725,0.022202518154275916,0.022406210981379366
999,0.14014066504717276,0.18332150083736387,0.05601552745344842,0.030961309719724214,0.049293664159034606,0.022813596635586263,0.0346277806075863,0.018128661612206942,0.021998825327172466
