rep,simple_rate,mle_rate,NA_rate,NP_rate,NS_rate,PB1_rate,PB2_rate,MP_rate,PA_rate
0,0.016054416700888054,0.014405030200094532,0.006421766680355222,0.0,0.006421766680355222,0.003210883340177611,0.0,0.0,0.003210883340177611
1,0.016054416700888054,0.014405030200094532,0.006421766680355222,0.0,0.006421766680355222,0.003210883340177611,0.0,0.0,0.003210883340177611
2,0.016054416700888054,0.014405030200094532,0.006421766680355222,0.0,0.006421766680355222,0.003210883340177611,0.0,0.0,0.003210883340177611
3,0.016054416700888054,0.014405030200094532,0.006421766680355222,0.0,0.006421766680355222,0.003210883340177611,0.0,0.0,0.003210883340177611
4,0.016054416700888054,0.014405030200094532,0.006421766680355222,0.0,0.006421766680355222,0.003210883340177611,0.0,0.0,0.003210883340177611
5,0.016054416700888054,0.014405030200094532,0.006421766680355222,0.0,0.006421766680355222,0.003210883340177611,0.0,0.0,0.003210883340177611
6,0.016054416700888054,0.014405030200094532,0.006421766680355222,0.0,0.006421766680355222,0.003210883340177611,0.0,0.0,0.003210883340177611
7,0.016054416700888054,0.014405030200094532,0.006421766680355222,0.0,0.006421766680355222,0.003210883340177611,0.0,0.0,0.003210883340177611
8,0.016054416700888054,0.014405030200094532,0.006421766680355222,0.0,0.006421766680355222,0.003210883340177611,0.0,0.0,0.003210883340177611
9,0.016054416700888054,0.014405030200094532,0.006421766680355222,0.0,0.006421766680355222,0.003210883340177611,0.0,0.0,0.003210883340177611
10,0.016054416700888054,0.014405030200094532,0.006421766680355222,0.0,0.006421766680355222,0.003210883340177611,0.0,0.0,0.003210883340177611
11,0.016054416700888054,0.014405030200094532,0.006421766680355222,0.0,0.006421766680355222,0.003210883340177611,0.0,0.0,0.003210883340177611
12,0.016054416700888054,0.014405030200094532,0.006421766680355222,0.0,0.006421766680355222,0.003210883340177611,0.0,0.0,0.003210883340177611
13,0.016054416700888054,0.014405030200094532,0.006421766680355222,0.0,0.006421766680355222,0.003210883340177611,0.0,0.0,0.003210883340177611
14,0.016054416700888054,0.014405030200094532,0.006421766680355222,0.0,0.006421766680355222,0.003210883340177611,0.0,0.0,0.003210883340177611
15,0.016054416700888054,0.014405030200094532,0.006421766680355222,0.0,0.006421766680355222,0.003210883340177611,0.0,0.0,0.003210883340177611
16,0.016054416700888054,0.014405030200094532,0.006421766680355222,0.0,0.006421766680355222,0.003210883340177611,0.0,0.0,0.003210883340177611
17,0.016054416700888054,0.014405030200094532,0.006421766680355222,0.0,0.006421766680355222,0.003210883340177611,0.0,0.0,0.003210883340177611
18,0.016054416700888054,0.014405030200094532,0.006421766680355222,0.0,0.006421766680355222,0.003210883340177611,0.0,0.0,0.003210883340177611
19,0.016054416700888054,0.014405030200094532,0.006421766680355222,0.0,0.006421766680355222,0.003210883340177611,0.0,0.0,0.003210883340177611
20,0.016054416700888054,0.014405030200094532,0.006421766680355222,0.0,0.006421766680355222,0.003210883340177611,0.0,0.0,0.003210883340177611
21,0.016054416700888054,0.014405030200094532,0.006421766680355222,0.0,0.006421766680355222,0.003210883340177611,0.0,0.0,0.003210883340177611
22,0.016054416700888054,0.014405030200094532,0.006421766680355222,0.0,0.006421766680355222,0.003210883340177611,0.0,0.0,0.003210883340177611
23,0.016054416700888054,0.014405030200094532,0.006421766680355222,0.0,0.006421766680355222,0.003210883340177611,0.0,0.0,0.003210883340177611
24,0.016054416700888054,0.014405030200094532,0.006421766680355222,0.0,0.006421766680355222,0.003210883340177611,0.0,0.0,0.003210883340177611
25,0.016054416700888054,0.014405030200094532,0.006421766680355222,0.0,0.006421766680355222,0.003210883340177611,0.0,0.0,0.003210883340177611
26,0.016054416700888054,0.014405030200094532,0.006421766680355222,0.0,0.006421766680355222,0.003210883340177611,0.0,0.0,0.003210883340177611
27,0.016054416700888054,0.014405030200094532,0.006421766680355222,0.0,0.006421766680355222,0.003210883340177611,0.0,0.0,0.003210883340177611
28,0.016054416700888054,0.014405030200094532,0.006421766680355222,0.0,0.006421766680355222,0.003210883340177611,0.0,0.0,0.003210883340177611
29,0.016054416700888054,0.014405030200094532,0.006421766680355222,0.0,0.006421766680355222,0.003210883340177611,0.0,0.0,0.003210883340177611
30,0.016054416700888054,0.014405030200094532,0.006421766680355222,0.0,0.006421766680355222,0.003210883340177611,0.0,0.0,0.003210883340177611
31,0.016054416700888054,0.014405030200094532,0.006421766680355222,0.0,0.006421766680355222,0.003210883340177611,0.0,0.0,0.003210883340177611
32,0.016054416700888054,0.014405030200094532,0.006421766680355222,0.0,0.006421766680355222,0.003210883340177611,0.0,0.0,0.003210883340177611
33,0.016054416700888054,0.014405030200094532,0.006421766680355222,0.0,0.006421766680355222,0.003210883340177611,0.0,0.0,0.003210883340177611
34,0.016054416700888054,0.014405030200094532,0.006421766680355222,0.0,0.006421766680355222,0.003210883340177611,0.0,0.0,0.003210883340177611
35,0.016054416700888054,0.014405030200094532,0.006421766680355222,0.0,0.006421766680355222,0.003210883340177611,0.0,0.0,0.003210883340177611
36,0.016054416700888054,0.014405030200094532,0.006421766680355222,0.0,0.006421766680355222,0.003210883340177611,0.0,0.0,0.003210883340177611
37,0.016054416700888054,0.014405030200094532,0.006421766680355222,0.0,0.006421766680355222,0.003210883340177611,0.0,0.0,0.003210883340177611
38,0.016054416700888054,0.014405030200094532,0.006421766680355222,0.0,0.006421766680355222,0.003210883340177611,0.0,0.0,0.003210883340177611
39,0.016054416700888054,0.014405030200094532,0.006421766680355222,0.0,0.006421766680355222,0.003210883340177611,0.0,0.0,0.003210883340177611
40,0.016054416700888054,0.014405030200094532,0.006421766680355222,0.0,0.006421766680355222,0.003210883340177611,0.0,0.0,0.003210883340177611
41,0.016054416700888054,0.014405030200094532,0.006421766680355222,0.0,0.006421766680355222,0.003210883340177611,0.0,0.0,0.003210883340177611
42,0.016054416700888054,0.014405030200094532,0.006421766680355222,0.0,0.006421766680355222,0.003210883340177611,0.0,0.0,0.003210883340177611
43,0.016054416700888054,0.014405030200094532,0.006421766680355222,0.0,0.006421766680355222,0.003210883340177611,0.0,0.0,0.003210883340177611
44,0.016054416700888054,0.014405030200094532,0.006421766680355222,0.0,0.006421766680355222,0.003210883340177611,0.0,0.0,0.003210883340177611
45,0.016054416700888054,0.014405030200094532,0.006421766680355222,0.0,0.006421766680355222,0.003210883340177611,0.0,0.0,0.003210883340177611
46,0.016054416700888054,0.014405030200094532,0.006421766680355222,0.0,0.006421766680355222,0.003210883340177611,0.0,0.0,0.003210883340177611
47,0.016054416700888054,0.014405030200094532,0.006421766680355222,0.0,0.006421766680355222,0.003210883340177611,0.0,0.0,0.003210883340177611
48,0.016054416700888054,0.014405030200094532,0.006421766680355222,0.0,0.006421766680355222,0.003210883340177611,0.0,0.0,0.003210883340177611
49,0.016054416700888054,0.014405030200094532,0.006421766680355222,0.0,0.006421766680355222,0.003210883340177611,0.0,0.0,0.003210883340177611
50,0.016054416700888054,0.014405030200094532,0.006421766680355222,0.0,0.006421766680355222,0.003210883340177611,0.0,0.0,0.003210883340177611
51,0.016054416700888054,0.014405030200094532,0.006421766680355222,0.0,0.006421766680355222,0.003210883340177611,0.0,0.0,0.003210883340177611
52,0.016054416700888054,0.014405030200094532,0.006421766680355222,0.0,0.006421766680355222,0.003210883340177611,0.0,0.0,0.003210883340177611
53,0.016054416700888054,0.014405030200094532,0.006421766680355222,0.0,0.006421766680355222,0.003210883340177611,0.0,0.0,0.003210883340177611
54,0.016054416700888054,0.014405030200094532,0.006421766680355222,0.0,0.006421766680355222,0.003210883340177611,0.0,0.0,0.003210883340177611
55,0.016054416700888054,0.014405030200094532,0.006421766680355222,0.0,0.006421766680355222,0.003210883340177611,0.0,0.0,0.003210883340177611
56,0.016054416700888054,0.014405030200094532,0.006421766680355222,0.0,0.006421766680355222,0.003210883340177611,0.0,0.0,0.003210883340177611
57,0.016054416700888054,0.014405030200094532,0.006421766680355222,0.0,0.006421766680355222,0.003210883340177611,0.0,0.0,0.003210883340177611
58,0.016054416700888054,0.014405030200094532,0.006421766680355222,0.0,0.006421766680355222,0.003210883340177611,0.0,0.0,0.003210883340177611
59,0.016054416700888054,0.014405030200094532,0.006421766680355222,0.0,0.006421766680355222,0.003210883340177611,0.0,0.0,0.003210883340177611
60,0.016054416700888054,0.014405030200094532,0.006421766680355222,0.0,0.006421766680355222,0.003210883340177611,0.0,0.0,0.003210883340177611
61,0.016054416700888054,0.014405030200094532,0.006421766680355222,0.0,0.006421766680355222,0.003210883340177611,0.0,0.0,0.003210883340177611
62,0.016054416700888054,0.014405030200094532,0.006421766680355222,0.0,0.006421766680355222,0.003210883340177611,0.0,0.0,0.003210883340177611
63,0.016054416700888054,0.014405030200094532,0.006421766680355222,0.0,0.006421766680355222,0.003210883340177611,0.0,0.0,0.003210883340177611
64,0.016054416700888054,0.014405030200094532,0.006421766680355222,0.0,0.006421766680355222,0.003210883340177611,0.0,0.0,0.003210883340177611
65,0.016054416700888054,0.014405030200094532,0.006421766680355222,0.0,0.006421766680355222,0.003210883340177611,0.0,0.0,0.003210883340177611
66,0.016054416700888054,0.014405030200094532,0.006421766680355222,0.0,0.006421766680355222,0.003210883340177611,0.0,0.0,0.003210883340177611
67,0.016054416700888054,0.014405030200094532,0.006421766680355222,0.0,0.006421766680355222,0.003210883340177611,0.0,0.0,0.003210883340177611
68,0.016054416700888054,0.014405030200094532,0.006421766680355222,0.0,0.006421766680355222,0.003210883340177611,0.0,0.0,0.003210883340177611
69,0.016054416700888054,0.014405030200094532,0.006421766680355222,0.0,0.006421766680355222,0.003210883340177611,0.0,0.0,0.003210883340177611
70,0.016054416700888054,0.014405030200094532,0.006421766680355222,0.0,0.006421766680355222,0.003210883340177611,0.0,0.0,0.003210883340177611
71,0.016054416700888054,0.014405030200094532,0.006421766680355222,0.0,0.006421766680355222,0.003210883340177611,0.0,0.0,0.003210883340177611
72,0.016054416700888054,0.014405030200094532,0.006421766680355222,0.0,0.006421766680355222,0.003210883340177611,0.0,0.0,0.003210883340177611
73,0.016054416700888054,0.014405030200094532,0.006421766680355222,0.0,0.006421766680355222,0.003210883340177611,0.0,0.0,0.003210883340177611
74,0.016054416700888054,0.014405030200094532,0.006421766680355222,0.0,0.006421766680355222,0.003210883340177611,0.0,0.0,0.003210883340177611
75,0.016054416700888054,0.014405030200094532,0.006421766680355222,0.0,0.006421766680355222,0.003210883340177611,0.0,0.0,0.003210883340177611
76,0.016054416700888054,0.014405030200094532,0.006421766680355222,0.0,0.006421766680355222,0.003210883340177611,0.0,0.0,0.003210883340177611
77,0.016054416700888054,0.014405030200094532,0.006421766680355222,0.0,0.006421766680355222,0.003210883340177611,0.0,0.0,0.003210883340177611
78,0.016054416700888054,0.014405030200094532,0.006421766680355222,0.0,0.006421766680355222,0.003210883340177611,0.0,0.0,0.003210883340177611
79,0.016054416700888054,0.014405030200094532,0.006421766680355222,0.0,0.006421766680355222,0.003210883340177611,0.0,0.0,0.003210883340177611
80,0.016054416700888054,0.014405030200094532,0.006421766680355222,0.0,0.006421766680355222,0.003210883340177611,0.0,0.0,0.003210883340177611
81,0.016054416700888054,0.014405030200094532,0.006421766680355222,0.0,0.006421766680355222,0.003210883340177611,0.0,0.0,0.003210883340177611
82,0.016054416700888054,0.014405030200094532,0.006421766680355222,0.0,0.006421766680355222,0.003210883340177611,0.0,0.0,0.003210883340177611
83,0.016054416700888054,0.014405030200094532,0.006421766680355222,0.0,0.006421766680355222,0.003210883340177611,0.0,0.0,0.003210883340177611
84,0.016054416700888054,0.014405030200094532,0.006421766680355222,0.0,0.006421766680355222,0.003210883340177611,0.0,0.0,0.003210883340177611
85,0.016054416700888054,0.014405030200094532,0.006421766680355222,0.0,0.006421766680355222,0.003210883340177611,0.0,0.0,0.003210883340177611
86,0.016054416700888054,0.014405030200094532,0.006421766680355222,0.0,0.006421766680355222,0.003210883340177611,0.0,0.0,0.003210883340177611
87,0.016054416700888054,0.014405030200094532,0.006421766680355222,0.0,0.006421766680355222,0.003210883340177611,0.0,0.0,0.003210883340177611
88,0.016054416700888054,0.014405030200094532,0.006421766680355222,0.0,0.006421766680355222,0.003210883340177611,0.0,0.0,0.003210883340177611
89,0.016054416700888054,0.014405030200094532,0.006421766680355222,0.0,0.006421766680355222,0.003210883340177611,0.0,0.0,0.003210883340177611
90,0.016054416700888054,0.014405030200094532,0.006421766680355222,0.0,0.006421766680355222,0.003210883340177611,0.0,0.0,0.003210883340177611
91,0.016054416700888054,0.014405030200094532,0.006421766680355222,0.0,0.006421766680355222,0.003210883340177611,0.0,0.0,0.003210883340177611
92,0.016054416700888054,0.014405030200094532,0.006421766680355222,0.0,0.006421766680355222,0.003210883340177611,0.0,0.0,0.003210883340177611
93,0.016054416700888054,0.014405030200094532,0.006421766680355222,0.0,0.006421766680355222,0.003210883340177611,0.0,0.0,0.003210883340177611
94,0.016054416700888054,0.014405030200094532,0.006421766680355222,0.0,0.006421766680355222,0.003210883340177611,0.0,0.0,0.003210883340177611
95,0.016054416700888054,0.014405030200094532,0.006421766680355222,0.0,0.006421766680355222,0.003210883340177611,0.0,0.0,0.003210883340177611
96,0.016054416700888054,0.014405030200094532,0.006421766680355222,0.0,0.006421766680355222,0.003210883340177611,0.0,0.0,0.003210883340177611
97,0.016054416700888054,0.014405030200094532,0.006421766680355222,0.0,0.006421766680355222,0.003210883340177611,0.0,0.0,0.003210883340177611
98,0.016054416700888054,0.014405030200094532,0.006421766680355222,0.0,0.006421766680355222,0.003210883340177611,0.0,0.0,0.003210883340177611
99,0.016054416700888054,0.014405030200094532,0.006421766680355222,0.0,0.006421766680355222,0.003210883340177611,0.0,0.0,0.003210883340177611
100,0.016054416700888054,0.014405030200094532,0.006421766680355222,0.0,0.006421766680355222,0.003210883340177611,0.0,0.0,0.003210883340177611
101,0.016054416700888054,0.014405030200094532,0.006421766680355222,0.0,0.006421766680355222,0.003210883340177611,0.0,0.0,0.003210883340177611
102,0.016054416700888054,0.014405030200094532,0.006421766680355222,0.0,0.006421766680355222,0.003210883340177611,0.0,0.0,0.003210883340177611
103,0.016054416700888054,0.014405030200094532,0.006421766680355222,0.0,0.006421766680355222,0.003210883340177611,0.0,0.0,0.003210883340177611
104,0.016054416700888054,0.014405030200094532,0.006421766680355222,0.0,0.006421766680355222,0.003210883340177611,0.0,0.0,0.003210883340177611
105,0.016054416700888054,0.014405030200094532,0.006421766680355222,0.0,0.006421766680355222,0.003210883340177611,0.0,0.0,0.003210883340177611
106,0.016054416700888054,0.014405030200094532,0.006421766680355222,0.0,0.006421766680355222,0.003210883340177611,0.0,0.0,0.003210883340177611
107,0.016054416700888054,0.014405030200094532,0.006421766680355222,0.0,0.006421766680355222,0.003210883340177611,0.0,0.0,0.003210883340177611
108,0.016054416700888054,0.014405030200094532,0.006421766680355222,0.0,0.006421766680355222,0.003210883340177611,0.0,0.0,0.003210883340177611
109,0.016054416700888054,0.014405030200094532,0.006421766680355222,0.0,0.006421766680355222,0.003210883340177611,0.0,0.0,0.003210883340177611
110,0.016054416700888054,0.014405030200094532,0.006421766680355222,0.0,0.006421766680355222,0.003210883340177611,0.0,0.0,0.003210883340177611
111,0.016054416700888054,0.014405030200094532,0.006421766680355222,0.0,0.006421766680355222,0.003210883340177611,0.0,0.0,0.003210883340177611
112,0.016054416700888054,0.014405030200094532,0.006421766680355222,0.0,0.006421766680355222,0.003210883340177611,0.0,0.0,0.003210883340177611
113,0.016054416700888054,0.014405030200094532,0.006421766680355222,0.0,0.006421766680355222,0.003210883340177611,0.0,0.0,0.003210883340177611
114,0.016054416700888054,0.014405030200094532,0.006421766680355222,0.0,0.006421766680355222,0.003210883340177611,0.0,0.0,0.003210883340177611
115,0.016054416700888054,0.014405030200094532,0.006421766680355222,0.0,0.006421766680355222,0.003210883340177611,0.0,0.0,0.003210883340177611
116,0.016054416700888054,0.014405030200094532,0.006421766680355222,0.0,0.006421766680355222,0.003210883340177611,0.0,0.0,0.003210883340177611
117,0.016054416700888054,0.014405030200094532,0.006421766680355222,0.0,0.006421766680355222,0.003210883340177611,0.0,0.0,0.003210883340177611
118,0.016054416700888054,0.014405030200094532,0.006421766680355222,0.0,0.006421766680355222,0.003210883340177611,0.0,0.0,0.003210883340177611
119,0.016054416700888054,0.014405030200094532,0.006421766680355222,0.0,0.006421766680355222,0.003210883340177611,0.0,0.0,0.003210883340177611
120,0.016054416700888054,0.014405030200094532,0.006421766680355222,0.0,0.006421766680355222,0.003210883340177611,0.0,0.0,0.003210883340177611
121,0.016054416700888054,0.014405030200094532,0.006421766680355222,0.0,0.006421766680355222,0.003210883340177611,0.0,0.0,0.003210883340177611
122,0.016054416700888054,0.014405030200094532,0.006421766680355222,0.0,0.006421766680355222,0.003210883340177611,0.0,0.0,0.003210883340177611
123,0.016054416700888054,0.014405030200094532,0.006421766680355222,0.0,0.006421766680355222,0.003210883340177611,0.0,0.0,0.003210883340177611
124,0.016054416700888054,0.014405030200094532,0.006421766680355222,0.0,0.006421766680355222,0.003210883340177611,0.0,0.0,0.003210883340177611
125,0.016054416700888054,0.014405030200094532,0.006421766680355222,0.0,0.006421766680355222,0.003210883340177611,0.0,0.0,0.003210883340177611
126,0.016054416700888054,0.014405030200094532,0.006421766680355222,0.0,0.006421766680355222,0.003210883340177611,0.0,0.0,0.003210883340177611
127,0.016054416700888054,0.014405030200094532,0.006421766680355222,0.0,0.006421766680355222,0.003210883340177611,0.0,0.0,0.003210883340177611
128,0.016054416700888054,0.014405030200094532,0.006421766680355222,0.0,0.006421766680355222,0.003210883340177611,0.0,0.0,0.003210883340177611
129,0.016054416700888054,0.014405030200094532,0.006421766680355222,0.0,0.006421766680355222,0.003210883340177611,0.0,0.0,0.003210883340177611
130,0.016054416700888054,0.014405030200094532,0.006421766680355222,0.0,0.006421766680355222,0.003210883340177611,0.0,0.0,0.003210883340177611
131,0.016054416700888054,0.014405030200094532,0.006421766680355222,0.0,0.006421766680355222,0.003210883340177611,0.0,0.0,0.003210883340177611
132,0.016054416700888054,0.014405030200094532,0.006421766680355222,0.0,0.006421766680355222,0.003210883340177611,0.0,0.0,0.003210883340177611
133,0.016054416700888054,0.014405030200094532,0.006421766680355222,0.0,0.006421766680355222,0.003210883340177611,0.0,0.0,0.003210883340177611
134,0.016054416700888054,0.014405030200094532,0.006421766680355222,0.0,0.006421766680355222,0.003210883340177611,0.0,0.0,0.003210883340177611
135,0.016054416700888054,0.014405030200094532,0.006421766680355222,0.0,0.006421766680355222,0.003210883340177611,0.0,0.0,0.003210883340177611
136,0.016054416700888054,0.014405030200094532,0.006421766680355222,0.0,0.006421766680355222,0.003210883340177611,0.0,0.0,0.003210883340177611
137,0.016054416700888054,0.014405030200094532,0.006421766680355222,0.0,0.006421766680355222,0.003210883340177611,0.0,0.0,0.003210883340177611
138,0.016054416700888054,0.014405030200094532,0.006421766680355222,0.0,0.006421766680355222,0.003210883340177611,0.0,0.0,0.003210883340177611
139,0.016054416700888054,0.014405030200094532,0.006421766680355222,0.0,0.006421766680355222,0.003210883340177611,0.0,0.0,0.003210883340177611
140,0.016054416700888054,0.014405030200094532,0.006421766680355222,0.0,0.006421766680355222,0.003210883340177611,0.0,0.0,0.003210883340177611
141,0.016054416700888054,0.014405030200094532,0.006421766680355222,0.0,0.006421766680355222,0.003210883340177611,0.0,0.0,0.003210883340177611
142,0.016054416700888054,0.014405030200094532,0.006421766680355222,0.0,0.006421766680355222,0.003210883340177611,0.0,0.0,0.003210883340177611
143,0.016054416700888054,0.014405030200094532,0.006421766680355222,0.0,0.006421766680355222,0.003210883340177611,0.0,0.0,0.003210883340177611
144,0.016054416700888054,0.014405030200094532,0.006421766680355222,0.0,0.006421766680355222,0.003210883340177611,0.0,0.0,0.003210883340177611
145,0.016054416700888054,0.014405030200094532,0.006421766680355222,0.0,0.006421766680355222,0.003210883340177611,0.0,0.0,0.003210883340177611
146,0.016054416700888054,0.014405030200094532,0.006421766680355222,0.0,0.006421766680355222,0.003210883340177611,0.0,0.0,0.003210883340177611
147,0.016054416700888054,0.014405030200094532,0.006421766680355222,0.0,0.006421766680355222,0.003210883340177611,0.0,0.0,0.003210883340177611
148,0.016054416700888054,0.014405030200094532,0.006421766680355222,0.0,0.006421766680355222,0.003210883340177611,0.0,0.0,0.003210883340177611
149,0.016054416700888054,0.014405030200094532,0.006421766680355222,0.0,0.006421766680355222,0.003210883340177611,0.0,0.0,0.003210883340177611
150,0.016054416700888054,0.014405030200094532,0.006421766680355222,0.0,0.006421766680355222,0.003210883340177611,0.0,0.0,0.003210883340177611
151,0.016054416700888054,0.014405030200094532,0.006421766680355222,0.0,0.006421766680355222,0.003210883340177611,0.0,0.0,0.003210883340177611
152,0.016054416700888054,0.014405030200094532,0.006421766680355222,0.0,0.006421766680355222,0.003210883340177611,0.0,0.0,0.003210883340177611
153,0.016054416700888054,0.014405030200094532,0.006421766680355222,0.0,0.006421766680355222,0.003210883340177611,0.0,0.0,0.003210883340177611
154,0.016054416700888054,0.014405030200094532,0.006421766680355222,0.0,0.006421766680355222,0.003210883340177611,0.0,0.0,0.003210883340177611
155,0.016054416700888054,0.014405030200094532,0.006421766680355222,0.0,0.006421766680355222,0.003210883340177611,0.0,0.0,0.003210883340177611
156,0.016054416700888054,0.014405030200094532,0.006421766680355222,0.0,0.006421766680355222,0.003210883340177611,0.0,0.0,0.003210883340177611
157,0.016054416700888054,0.014405030200094532,0.006421766680355222,0.0,0.006421766680355222,0.003210883340177611,0.0,0.0,0.003210883340177611
158,0.016054416700888054,0.014405030200094532,0.006421766680355222,0.0,0.006421766680355222,0.003210883340177611,0.0,0.0,0.003210883340177611
159,0.016054416700888054,0.014405030200094532,0.006421766680355222,0.0,0.006421766680355222,0.003210883340177611,0.0,0.0,0.003210883340177611
160,0.016054416700888054,0.014405030200094532,0.006421766680355222,0.0,0.006421766680355222,0.003210883340177611,0.0,0.0,0.003210883340177611
161,0.016054416700888054,0.014405030200094532,0.006421766680355222,0.0,0.006421766680355222,0.003210883340177611,0.0,0.0,0.003210883340177611
162,0.016054416700888054,0.014405030200094532,0.006421766680355222,0.0,0.006421766680355222,0.003210883340177611,0.0,0.0,0.003210883340177611
163,0.016054416700888054,0.014405030200094532,0.006421766680355222,0.0,0.006421766680355222,0.003210883340177611,0.0,0.0,0.003210883340177611
164,0.016054416700888054,0.014405030200094532,0.006421766680355222,0.0,0.006421766680355222,0.003210883340177611,0.0,0.0,0.003210883340177611
165,0.016054416700888054,0.014405030200094532,0.006421766680355222,0.0,0.006421766680355222,0.003210883340177611,0.0,0.0,0.003210883340177611
166,0.016054416700888054,0.014405030200094532,0.006421766680355222,0.0,0.006421766680355222,0.003210883340177611,0.0,0.0,0.003210883340177611
167,0.016054416700888054,0.014405030200094532,0.006421766680355222,0.0,0.006421766680355222,0.003210883340177611,0.0,0.0,0.003210883340177611
168,0.016054416700888054,0.014405030200094532,0.006421766680355222,0.0,0.006421766680355222,0.003210883340177611,0.0,0.0,0.003210883340177611
169,0.016054416700888054,0.014405030200094532,0.006421766680355222,0.0,0.006421766680355222,0.003210883340177611,0.0,0.0,0.003210883340177611
170,0.016054416700888054,0.014405030200094532,0.006421766680355222,0.0,0.006421766680355222,0.003210883340177611,0.0,0.0,0.003210883340177611
171,0.016054416700888054,0.014405030200094532,0.006421766680355222,0.0,0.006421766680355222,0.003210883340177611,0.0,0.0,0.003210883340177611
172,0.016054416700888054,0.014405030200094532,0.006421766680355222,0.0,0.006421766680355222,0.003210883340177611,0.0,0.0,0.003210883340177611
173,0.016054416700888054,0.014405030200094532,0.006421766680355222,0.0,0.006421766680355222,0.003210883340177611,0.0,0.0,0.003210883340177611
174,0.016054416700888054,0.014405030200094532,0.006421766680355222,0.0,0.006421766680355222,0.003210883340177611,0.0,0.0,0.003210883340177611
175,0.016054416700888054,0.014405030200094532,0.006421766680355222,0.0,0.006421766680355222,0.003210883340177611,0.0,0.0,0.003210883340177611
176,0.016054416700888054,0.014405030200094532,0.006421766680355222,0.0,0.006421766680355222,0.003210883340177611,0.0,0.0,0.003210883340177611
177,0.016054416700888054,0.014405030200094532,0.006421766680355222,0.0,0.006421766680355222,0.003210883340177611,0.0,0.0,0.003210883340177611
178,0.016054416700888054,0.014405030200094532,0.006421766680355222,0.0,0.006421766680355222,0.003210883340177611,0.0,0.0,0.003210883340177611
179,0.016054416700888054,0.014405030200094532,0.006421766680355222,0.0,0.006421766680355222,0.003210883340177611,0.0,0.0,0.003210883340177611
180,0.016054416700888054,0.014405030200094532,0.006421766680355222,0.0,0.006421766680355222,0.003210883340177611,0.0,0.0,0.003210883340177611
181,0.016054416700888054,0.014405030200094532,0.006421766680355222,0.0,0.006421766680355222,0.003210883340177611,0.0,0.0,0.003210883340177611
182,0.016054416700888054,0.014405030200094532,0.006421766680355222,0.0,0.006421766680355222,0.003210883340177611,0.0,0.0,0.003210883340177611
183,0.016054416700888054,0.014405030200094532,0.006421766680355222,0.0,0.006421766680355222,0.003210883340177611,0.0,0.0,0.003210883340177611
184,0.016054416700888054,0.014405030200094532,0.006421766680355222,0.0,0.006421766680355222,0.003210883340177611,0.0,0.0,0.003210883340177611
185,0.016054416700888054,0.014405030200094532,0.006421766680355222,0.0,0.006421766680355222,0.003210883340177611,0.0,0.0,0.003210883340177611
186,0.016054416700888054,0.014405030200094532,0.006421766680355222,0.0,0.006421766680355222,0.003210883340177611,0.0,0.0,0.003210883340177611
187,0.016054416700888054,0.014405030200094532,0.006421766680355222,0.0,0.006421766680355222,0.003210883340177611,0.0,0.0,0.003210883340177611
188,0.016054416700888054,0.014405030200094532,0.006421766680355222,0.0,0.006421766680355222,0.003210883340177611,0.0,0.0,0.003210883340177611
189,0.016054416700888054,0.014405030200094532,0.006421766680355222,0.0,0.006421766680355222,0.003210883340177611,0.0,0.0,0.003210883340177611
190,0.016054416700888054,0.014405030200094532,0.006421766680355222,0.0,0.006421766680355222,0.003210883340177611,0.0,0.0,0.003210883340177611
191,0.016054416700888054,0.014405030200094532,0.006421766680355222,0.0,0.006421766680355222,0.003210883340177611,0.0,0.0,0.003210883340177611
192,0.016054416700888054,0.014405030200094532,0.006421766680355222,0.0,0.006421766680355222,0.003210883340177611,0.0,0.0,0.003210883340177611
193,0.016054416700888054,0.014405030200094532,0.006421766680355222,0.0,0.006421766680355222,0.003210883340177611,0.0,0.0,0.003210883340177611
194,0.016054416700888054,0.014405030200094532,0.006421766680355222,0.0,0.006421766680355222,0.003210883340177611,0.0,0.0,0.003210883340177611
195,0.016054416700888054,0.014405030200094532,0.006421766680355222,0.0,0.006421766680355222,0.003210883340177611,0.0,0.0,0.003210883340177611
196,0.016054416700888054,0.014405030200094532,0.006421766680355222,0.0,0.006421766680355222,0.003210883340177611,0.0,0.0,0.003210883340177611
197,0.016054416700888054,0.014405030200094532,0.006421766680355222,0.0,0.006421766680355222,0.003210883340177611,0.0,0.0,0.003210883340177611
198,0.016054416700888054,0.014405030200094532,0.006421766680355222,0.0,0.006421766680355222,0.003210883340177611,0.0,0.0,0.003210883340177611
199,0.016054416700888054,0.014405030200094532,0.006421766680355222,0.0,0.006421766680355222,0.003210883340177611,0.0,0.0,0.003210883340177611
200,0.016054416700888054,0.014405030200094532,0.006421766680355222,0.0,0.006421766680355222,0.003210883340177611,0.0,0.0,0.003210883340177611
201,0.016054416700888054,0.014405030200094532,0.006421766680355222,0.0,0.006421766680355222,0.003210883340177611,0.0,0.0,0.003210883340177611
202,0.016054416700888054,0.014405030200094532,0.006421766680355222,0.0,0.006421766680355222,0.003210883340177611,0.0,0.0,0.003210883340177611
203,0.016054416700888054,0.014405030200094532,0.006421766680355222,0.0,0.006421766680355222,0.003210883340177611,0.0,0.0,0.003210883340177611
204,0.016054416700888054,0.014405030200094532,0.006421766680355222,0.0,0.006421766680355222,0.003210883340177611,0.0,0.0,0.003210883340177611
205,0.016054416700888054,0.014405030200094532,0.006421766680355222,0.0,0.006421766680355222,0.003210883340177611,0.0,0.0,0.003210883340177611
206,0.016054416700888054,0.014405030200094532,0.006421766680355222,0.0,0.006421766680355222,0.003210883340177611,0.0,0.0,0.003210883340177611
207,0.016054416700888054,0.014405030200094532,0.006421766680355222,0.0,0.006421766680355222,0.003210883340177611,0.0,0.0,0.003210883340177611
208,0.016054416700888054,0.014405030200094532,0.006421766680355222,0.0,0.006421766680355222,0.003210883340177611,0.0,0.0,0.003210883340177611
209,0.016054416700888054,0.014405030200094532,0.006421766680355222,0.0,0.006421766680355222,0.003210883340177611,0.0,0.0,0.003210883340177611
210,0.016054416700888054,0.014405030200094532,0.006421766680355222,0.0,0.006421766680355222,0.003210883340177611,0.0,0.0,0.003210883340177611
211,0.016054416700888054,0.014405030200094532,0.006421766680355222,0.0,0.006421766680355222,0.003210883340177611,0.0,0.0,0.003210883340177611
212,0.016054416700888054,0.014405030200094532,0.006421766680355222,0.0,0.006421766680355222,0.003210883340177611,0.0,0.0,0.003210883340177611
213,0.016054416700888054,0.014405030200094532,0.006421766680355222,0.0,0.006421766680355222,0.003210883340177611,0.0,0.0,0.003210883340177611
214,0.016054416700888054,0.014405030200094532,0.006421766680355222,0.0,0.006421766680355222,0.003210883340177611,0.0,0.0,0.003210883340177611
215,0.016054416700888054,0.014405030200094532,0.006421766680355222,0.0,0.006421766680355222,0.003210883340177611,0.0,0.0,0.003210883340177611
216,0.016054416700888054,0.014405030200094532,0.006421766680355222,0.0,0.006421766680355222,0.003210883340177611,0.0,0.0,0.003210883340177611
217,0.016054416700888054,0.014405030200094532,0.006421766680355222,0.0,0.006421766680355222,0.003210883340177611,0.0,0.0,0.003210883340177611
218,0.016054416700888054,0.014405030200094532,0.006421766680355222,0.0,0.006421766680355222,0.003210883340177611,0.0,0.0,0.003210883340177611
219,0.016054416700888054,0.014405030200094532,0.006421766680355222,0.0,0.006421766680355222,0.003210883340177611,0.0,0.0,0.003210883340177611
220,0.016054416700888054,0.014405030200094532,0.006421766680355222,0.0,0.006421766680355222,0.003210883340177611,0.0,0.0,0.003210883340177611
221,0.016054416700888054,0.014405030200094532,0.006421766680355222,0.0,0.006421766680355222,0.003210883340177611,0.0,0.0,0.003210883340177611
222,0.016054416700888054,0.014405030200094532,0.006421766680355222,0.0,0.006421766680355222,0.003210883340177611,0.0,0.0,0.003210883340177611
223,0.016054416700888054,0.014405030200094532,0.006421766680355222,0.0,0.006421766680355222,0.003210883340177611,0.0,0.0,0.003210883340177611
224,0.016054416700888054,0.014405030200094532,0.006421766680355222,0.0,0.006421766680355222,0.003210883340177611,0.0,0.0,0.003210883340177611
225,0.016054416700888054,0.014405030200094532,0.006421766680355222,0.0,0.006421766680355222,0.003210883340177611,0.0,0.0,0.003210883340177611
226,0.016054416700888054,0.014405030200094532,0.006421766680355222,0.0,0.006421766680355222,0.003210883340177611,0.0,0.0,0.003210883340177611
227,0.016054416700888054,0.014405030200094532,0.006421766680355222,0.0,0.006421766680355222,0.003210883340177611,0.0,0.0,0.003210883340177611
228,0.016054416700888054,0.014405030200094532,0.006421766680355222,0.0,0.006421766680355222,0.003210883340177611,0.0,0.0,0.003210883340177611
229,0.016054416700888054,0.014405030200094532,0.006421766680355222,0.0,0.006421766680355222,0.003210883340177611,0.0,0.0,0.003210883340177611
230,0.016054416700888054,0.014405030200094532,0.006421766680355222,0.0,0.006421766680355222,0.003210883340177611,0.0,0.0,0.003210883340177611
231,0.016054416700888054,0.014405030200094532,0.006421766680355222,0.0,0.006421766680355222,0.003210883340177611,0.0,0.0,0.003210883340177611
232,0.016054416700888054,0.014405030200094532,0.006421766680355222,0.0,0.006421766680355222,0.003210883340177611,0.0,0.0,0.003210883340177611
233,0.016054416700888054,0.014405030200094532,0.006421766680355222,0.0,0.006421766680355222,0.003210883340177611,0.0,0.0,0.003210883340177611
234,0.016054416700888054,0.014405030200094532,0.006421766680355222,0.0,0.006421766680355222,0.003210883340177611,0.0,0.0,0.003210883340177611
235,0.016054416700888054,0.014405030200094532,0.006421766680355222,0.0,0.006421766680355222,0.003210883340177611,0.0,0.0,0.003210883340177611
236,0.016054416700888054,0.014405030200094532,0.006421766680355222,0.0,0.006421766680355222,0.003210883340177611,0.0,0.0,0.003210883340177611
237,0.016054416700888054,0.014405030200094532,0.006421766680355222,0.0,0.006421766680355222,0.003210883340177611,0.0,0.0,0.003210883340177611
238,0.016054416700888054,0.014405030200094532,0.006421766680355222,0.0,0.006421766680355222,0.003210883340177611,0.0,0.0,0.003210883340177611
239,0.016054416700888054,0.014405030200094532,0.006421766680355222,0.0,0.006421766680355222,0.003210883340177611,0.0,0.0,0.003210883340177611
240,0.016054416700888054,0.014405030200094532,0.006421766680355222,0.0,0.006421766680355222,0.003210883340177611,0.0,0.0,0.003210883340177611
241,0.016054416700888054,0.014405030200094532,0.006421766680355222,0.0,0.006421766680355222,0.003210883340177611,0.0,0.0,0.003210883340177611
242,0.016054416700888054,0.014405030200094532,0.006421766680355222,0.0,0.006421766680355222,0.003210883340177611,0.0,0.0,0.003210883340177611
243,0.016054416700888054,0.014405030200094532,0.006421766680355222,0.0,0.006421766680355222,0.003210883340177611,0.0,0.0,0.003210883340177611
244,0.016054416700888054,0.014405030200094532,0.006421766680355222,0.0,0.006421766680355222,0.003210883340177611,0.0,0.0,0.003210883340177611
245,0.016054416700888054,0.014405030200094532,0.006421766680355222,0.0,0.006421766680355222,0.003210883340177611,0.0,0.0,0.003210883340177611
246,0.016054416700888054,0.014405030200094532,0.006421766680355222,0.0,0.006421766680355222,0.003210883340177611,0.0,0.0,0.003210883340177611
247,0.016054416700888054,0.014405030200094532,0.006421766680355222,0.0,0.006421766680355222,0.003210883340177611,0.0,0.0,0.003210883340177611
248,0.016054416700888054,0.014405030200094532,0.006421766680355222,0.0,0.006421766680355222,0.003210883340177611,0.0,0.0,0.003210883340177611
249,0.016054416700888054,0.014405030200094532,0.006421766680355222,0.0,0.006421766680355222,0.003210883340177611,0.0,0.0,0.003210883340177611
250,0.016054416700888054,0.014405030200094532,0.006421766680355222,0.0,0.006421766680355222,0.003210883340177611,0.0,0.0,0.003210883340177611
251,0.016054416700888054,0.014405030200094532,0.006421766680355222,0.0,0.006421766680355222,0.003210883340177611,0.0,0.0,0.003210883340177611
252,0.016054416700888054,0.014405030200094532,0.006421766680355222,0.0,0.006421766680355222,0.003210883340177611,0.0,0.0,0.003210883340177611
253,0.016054416700888054,0.014405030200094532,0.006421766680355222,0.0,0.006421766680355222,0.003210883340177611,0.0,0.0,0.003210883340177611
254,0.016054416700888054,0.014405030200094532,0.006421766680355222,0.0,0.006421766680355222,0.003210883340177611,0.0,0.0,0.003210883340177611
255,0.016054416700888054,0.014405030200094532,0.006421766680355222,0.0,0.006421766680355222,0.003210883340177611,0.0,0.0,0.003210883340177611
256,0.016054416700888054,0.014405030200094532,0.006421766680355222,0.0,0.006421766680355222,0.003210883340177611,0.0,0.0,0.003210883340177611
257,0.016054416700888054,0.014405030200094532,0.006421766680355222,0.0,0.006421766680355222,0.003210883340177611,0.0,0.0,0.003210883340177611
258,0.016054416700888054,0.014405030200094532,0.006421766680355222,0.0,0.006421766680355222,0.003210883340177611,0.0,0.0,0.003210883340177611
259,0.016054416700888054,0.014405030200094532,0.006421766680355222,0.0,0.006421766680355222,0.003210883340177611,0.0,0.0,0.003210883340177611
260,0.016054416700888054,0.014405030200094532,0.006421766680355222,0.0,0.006421766680355222,0.003210883340177611,0.0,0.0,0.003210883340177611
261,0.016054416700888054,0.014405030200094532,0.006421766680355222,0.0,0.006421766680355222,0.003210883340177611,0.0,0.0,0.003210883340177611
262,0.016054416700888054,0.014405030200094532,0.006421766680355222,0.0,0.006421766680355222,0.003210883340177611,0.0,0.0,0.003210883340177611
263,0.016054416700888054,0.014405030200094532,0.006421766680355222,0.0,0.006421766680355222,0.003210883340177611,0.0,0.0,0.003210883340177611
264,0.016054416700888054,0.014405030200094532,0.006421766680355222,0.0,0.006421766680355222,0.003210883340177611,0.0,0.0,0.003210883340177611
265,0.016054416700888054,0.014405030200094532,0.006421766680355222,0.0,0.006421766680355222,0.003210883340177611,0.0,0.0,0.003210883340177611
266,0.016054416700888054,0.014405030200094532,0.006421766680355222,0.0,0.006421766680355222,0.003210883340177611,0.0,0.0,0.003210883340177611
267,0.016054416700888054,0.014405030200094532,0.006421766680355222,0.0,0.006421766680355222,0.003210883340177611,0.0,0.0,0.003210883340177611
268,0.016054416700888054,0.014405030200094532,0.006421766680355222,0.0,0.006421766680355222,0.003210883340177611,0.0,0.0,0.003210883340177611
269,0.016054416700888054,0.014405030200094532,0.006421766680355222,0.0,0.006421766680355222,0.003210883340177611,0.0,0.0,0.003210883340177611
270,0.016054416700888054,0.014405030200094532,0.006421766680355222,0.0,0.006421766680355222,0.003210883340177611,0.0,0.0,0.003210883340177611
271,0.016054416700888054,0.014405030200094532,0.006421766680355222,0.0,0.006421766680355222,0.003210883340177611,0.0,0.0,0.003210883340177611
272,0.016054416700888054,0.014405030200094532,0.006421766680355222,0.0,0.006421766680355222,0.003210883340177611,0.0,0.0,0.003210883340177611
273,0.016054416700888054,0.014405030200094532,0.006421766680355222,0.0,0.006421766680355222,0.003210883340177611,0.0,0.0,0.003210883340177611
274,0.016054416700888054,0.014405030200094532,0.006421766680355222,0.0,0.006421766680355222,0.003210883340177611,0.0,0.0,0.003210883340177611
275,0.016054416700888054,0.014405030200094532,0.006421766680355222,0.0,0.006421766680355222,0.003210883340177611,0.0,0.0,0.003210883340177611
276,0.016054416700888054,0.014405030200094532,0.006421766680355222,0.0,0.006421766680355222,0.003210883340177611,0.0,0.0,0.003210883340177611
277,0.016054416700888054,0.014405030200094532,0.006421766680355222,0.0,0.006421766680355222,0.003210883340177611,0.0,0.0,0.003210883340177611
278,0.016054416700888054,0.014405030200094532,0.006421766680355222,0.0,0.006421766680355222,0.003210883340177611,0.0,0.0,0.003210883340177611
279,0.016054416700888054,0.014405030200094532,0.006421766680355222,0.0,0.006421766680355222,0.003210883340177611,0.0,0.0,0.003210883340177611
280,0.016054416700888054,0.014405030200094532,0.006421766680355222,0.0,0.006421766680355222,0.003210883340177611,0.0,0.0,0.003210883340177611
281,0.016054416700888054,0.014405030200094532,0.006421766680355222,0.0,0.006421766680355222,0.003210883340177611,0.0,0.0,0.003210883340177611
282,0.016054416700888054,0.014405030200094532,0.006421766680355222,0.0,0.006421766680355222,0.003210883340177611,0.0,0.0,0.003210883340177611
283,0.016054416700888054,0.014405030200094532,0.006421766680355222,0.0,0.006421766680355222,0.003210883340177611,0.0,0.0,0.003210883340177611
284,0.016054416700888054,0.014405030200094532,0.006421766680355222,0.0,0.006421766680355222,0.003210883340177611,0.0,0.0,0.003210883340177611
285,0.016054416700888054,0.014405030200094532,0.006421766680355222,0.0,0.006421766680355222,0.003210883340177611,0.0,0.0,0.003210883340177611
286,0.016054416700888054,0.014405030200094532,0.006421766680355222,0.0,0.006421766680355222,0.003210883340177611,0.0,0.0,0.003210883340177611
287,0.016054416700888054,0.014405030200094532,0.006421766680355222,0.0,0.006421766680355222,0.003210883340177611,0.0,0.0,0.003210883340177611
288,0.016054416700888054,0.014405030200094532,0.006421766680355222,0.0,0.006421766680355222,0.003210883340177611,0.0,0.0,0.003210883340177611
289,0.016054416700888054,0.014405030200094532,0.006421766680355222,0.0,0.006421766680355222,0.003210883340177611,0.0,0.0,0.003210883340177611
290,0.016054416700888054,0.014405030200094532,0.006421766680355222,0.0,0.006421766680355222,0.003210883340177611,0.0,0.0,0.003210883340177611
291,0.016054416700888054,0.014405030200094532,0.006421766680355222,0.0,0.006421766680355222,0.003210883340177611,0.0,0.0,0.003210883340177611
292,0.016054416700888054,0.014405030200094532,0.006421766680355222,0.0,0.006421766680355222,0.003210883340177611,0.0,0.0,0.003210883340177611
293,0.016054416700888054,0.014405030200094532,0.006421766680355222,0.0,0.006421766680355222,0.003210883340177611,0.0,0.0,0.003210883340177611
294,0.016054416700888054,0.014405030200094532,0.006421766680355222,0.0,0.006421766680355222,0.003210883340177611,0.0,0.0,0.003210883340177611
295,0.016054416700888054,0.014405030200094532,0.006421766680355222,0.0,0.006421766680355222,0.003210883340177611,0.0,0.0,0.003210883340177611
296,0.016054416700888054,0.014405030200094532,0.006421766680355222,0.0,0.006421766680355222,0.003210883340177611,0.0,0.0,0.003210883340177611
297,0.016054416700888054,0.014405030200094532,0.006421766680355222,0.0,0.006421766680355222,0.003210883340177611,0.0,0.0,0.003210883340177611
298,0.016054416700888054,0.014405030200094532,0.006421766680355222,0.0,0.006421766680355222,0.003210883340177611,0.0,0.0,0.003210883340177611
299,0.016054416700888054,0.014405030200094532,0.006421766680355222,0.0,0.006421766680355222,0.003210883340177611,0.0,0.0,0.003210883340177611
300,0.016054416700888054,0.014405030200094532,0.006421766680355222,0.0,0.006421766680355222,0.003210883340177611,0.0,0.0,0.003210883340177611
301,0.016054416700888054,0.014405030200094532,0.006421766680355222,0.0,0.006421766680355222,0.003210883340177611,0.0,0.0,0.003210883340177611
302,0.016054416700888054,0.014405030200094532,0.006421766680355222,0.0,0.006421766680355222,0.003210883340177611,0.0,0.0,0.003210883340177611
303,0.016054416700888054,0.014405030200094532,0.006421766680355222,0.0,0.006421766680355222,0.003210883340177611,0.0,0.0,0.003210883340177611
304,0.016054416700888054,0.014405030200094532,0.006421766680355222,0.0,0.006421766680355222,0.003210883340177611,0.0,0.0,0.003210883340177611
305,0.016054416700888054,0.014405030200094532,0.006421766680355222,0.0,0.006421766680355222,0.003210883340177611,0.0,0.0,0.003210883340177611
306,0.016054416700888054,0.014405030200094532,0.006421766680355222,0.0,0.006421766680355222,0.003210883340177611,0.0,0.0,0.003210883340177611
307,0.016054416700888054,0.014405030200094532,0.006421766680355222,0.0,0.006421766680355222,0.003210883340177611,0.0,0.0,0.003210883340177611
308,0.016054416700888054,0.014405030200094532,0.006421766680355222,0.0,0.006421766680355222,0.003210883340177611,0.0,0.0,0.003210883340177611
309,0.016054416700888054,0.014405030200094532,0.006421766680355222,0.0,0.006421766680355222,0.003210883340177611,0.0,0.0,0.003210883340177611
310,0.016054416700888054,0.014405030200094532,0.006421766680355222,0.0,0.006421766680355222,0.003210883340177611,0.0,0.0,0.003210883340177611
311,0.016054416700888054,0.014405030200094532,0.006421766680355222,0.0,0.006421766680355222,0.003210883340177611,0.0,0.0,0.003210883340177611
312,0.016054416700888054,0.014405030200094532,0.006421766680355222,0.0,0.006421766680355222,0.003210883340177611,0.0,0.0,0.003210883340177611
313,0.016054416700888054,0.014405030200094532,0.006421766680355222,0.0,0.006421766680355222,0.003210883340177611,0.0,0.0,0.003210883340177611
314,0.016054416700888054,0.014405030200094532,0.006421766680355222,0.0,0.006421766680355222,0.003210883340177611,0.0,0.0,0.003210883340177611
315,0.016054416700888054,0.014405030200094532,0.006421766680355222,0.0,0.006421766680355222,0.003210883340177611,0.0,0.0,0.003210883340177611
316,0.016054416700888054,0.014405030200094532,0.006421766680355222,0.0,0.006421766680355222,0.003210883340177611,0.0,0.0,0.003210883340177611
317,0.016054416700888054,0.014405030200094532,0.006421766680355222,0.0,0.006421766680355222,0.003210883340177611,0.0,0.0,0.003210883340177611
318,0.016054416700888054,0.014405030200094532,0.006421766680355222,0.0,0.006421766680355222,0.003210883340177611,0.0,0.0,0.003210883340177611
319,0.016054416700888054,0.014405030200094532,0.006421766680355222,0.0,0.006421766680355222,0.003210883340177611,0.0,0.0,0.003210883340177611
320,0.016054416700888054,0.014405030200094532,0.006421766680355222,0.0,0.006421766680355222,0.003210883340177611,0.0,0.0,0.003210883340177611
321,0.016054416700888054,0.014405030200094532,0.006421766680355222,0.0,0.006421766680355222,0.003210883340177611,0.0,0.0,0.003210883340177611
322,0.016054416700888054,0.014405030200094532,0.006421766680355222,0.0,0.006421766680355222,0.003210883340177611,0.0,0.0,0.003210883340177611
323,0.016054416700888054,0.014405030200094532,0.006421766680355222,0.0,0.006421766680355222,0.003210883340177611,0.0,0.0,0.003210883340177611
324,0.016054416700888054,0.014405030200094532,0.006421766680355222,0.0,0.006421766680355222,0.003210883340177611,0.0,0.0,0.003210883340177611
325,0.016054416700888054,0.014405030200094532,0.006421766680355222,0.0,0.006421766680355222,0.003210883340177611,0.0,0.0,0.003210883340177611
326,0.016054416700888054,0.014405030200094532,0.006421766680355222,0.0,0.006421766680355222,0.003210883340177611,0.0,0.0,0.003210883340177611
327,0.016054416700888054,0.014405030200094532,0.006421766680355222,0.0,0.006421766680355222,0.003210883340177611,0.0,0.0,0.003210883340177611
328,0.016054416700888054,0.014405030200094532,0.006421766680355222,0.0,0.006421766680355222,0.003210883340177611,0.0,0.0,0.003210883340177611
329,0.016054416700888054,0.014405030200094532,0.006421766680355222,0.0,0.006421766680355222,0.003210883340177611,0.0,0.0,0.003210883340177611
330,0.016054416700888054,0.014405030200094532,0.006421766680355222,0.0,0.006421766680355222,0.003210883340177611,0.0,0.0,0.003210883340177611
331,0.016054416700888054,0.014405030200094532,0.006421766680355222,0.0,0.006421766680355222,0.003210883340177611,0.0,0.0,0.003210883340177611
332,0.016054416700888054,0.014405030200094532,0.006421766680355222,0.0,0.006421766680355222,0.003210883340177611,0.0,0.0,0.003210883340177611
333,0.016054416700888054,0.014405030200094532,0.006421766680355222,0.0,0.006421766680355222,0.003210883340177611,0.0,0.0,0.003210883340177611
334,0.016054416700888054,0.014405030200094532,0.006421766680355222,0.0,0.006421766680355222,0.003210883340177611,0.0,0.0,0.003210883340177611
335,0.016054416700888054,0.014405030200094532,0.006421766680355222,0.0,0.006421766680355222,0.003210883340177611,0.0,0.0,0.003210883340177611
336,0.016054416700888054,0.014405030200094532,0.006421766680355222,0.0,0.006421766680355222,0.003210883340177611,0.0,0.0,0.003210883340177611
337,0.016054416700888054,0.014405030200094532,0.006421766680355222,0.0,0.006421766680355222,0.003210883340177611,0.0,0.0,0.003210883340177611
338,0.016054416700888054,0.014405030200094532,0.006421766680355222,0.0,0.006421766680355222,0.003210883340177611,0.0,0.0,0.003210883340177611
339,0.016054416700888054,0.014405030200094532,0.006421766680355222,0.0,0.006421766680355222,0.003210883340177611,0.0,0.0,0.003210883340177611
340,0.016054416700888054,0.014405030200094532,0.006421766680355222,0.0,0.006421766680355222,0.003210883340177611,0.0,0.0,0.003210883340177611
341,0.016054416700888054,0.014405030200094532,0.006421766680355222,0.0,0.006421766680355222,0.003210883340177611,0.0,0.0,0.003210883340177611
342,0.016054416700888054,0.014405030200094532,0.006421766680355222,0.0,0.006421766680355222,0.003210883340177611,0.0,0.0,0.003210883340177611
343,0.016054416700888054,0.014405030200094532,0.006421766680355222,0.0,0.006421766680355222,0.003210883340177611,0.0,0.0,0.003210883340177611
344,0.016054416700888054,0.014405030200094532,0.006421766680355222,0.0,0.006421766680355222,0.003210883340177611,0.0,0.0,0.003210883340177611
345,0.016054416700888054,0.014405030200094532,0.006421766680355222,0.0,0.006421766680355222,0.003210883340177611,0.0,0.0,0.003210883340177611
346,0.016054416700888054,0.014405030200094532,0.006421766680355222,0.0,0.006421766680355222,0.003210883340177611,0.0,0.0,0.003210883340177611
347,0.016054416700888054,0.014405030200094532,0.006421766680355222,0.0,0.006421766680355222,0.003210883340177611,0.0,0.0,0.003210883340177611
348,0.016054416700888054,0.014405030200094532,0.006421766680355222,0.0,0.006421766680355222,0.003210883340177611,0.0,0.0,0.003210883340177611
349,0.016054416700888054,0.014405030200094532,0.006421766680355222,0.0,0.006421766680355222,0.003210883340177611,0.0,0.0,0.003210883340177611
350,0.016054416700888054,0.014405030200094532,0.006421766680355222,0.0,0.006421766680355222,0.003210883340177611,0.0,0.0,0.003210883340177611
351,0.016054416700888054,0.014405030200094532,0.006421766680355222,0.0,0.006421766680355222,0.003210883340177611,0.0,0.0,0.003210883340177611
352,0.016054416700888054,0.014405030200094532,0.006421766680355222,0.0,0.006421766680355222,0.003210883340177611,0.0,0.0,0.003210883340177611
353,0.016054416700888054,0.014405030200094532,0.006421766680355222,0.0,0.006421766680355222,0.003210883340177611,0.0,0.0,0.003210883340177611
354,0.016054416700888054,0.014405030200094532,0.006421766680355222,0.0,0.006421766680355222,0.003210883340177611,0.0,0.0,0.003210883340177611
355,0.016054416700888054,0.014405030200094532,0.006421766680355222,0.0,0.006421766680355222,0.003210883340177611,0.0,0.0,0.003210883340177611
356,0.016054416700888054,0.014405030200094532,0.006421766680355222,0.0,0.006421766680355222,0.003210883340177611,0.0,0.0,0.003210883340177611
357,0.016054416700888054,0.014405030200094532,0.006421766680355222,0.0,0.006421766680355222,0.003210883340177611,0.0,0.0,0.003210883340177611
358,0.016054416700888054,0.014405030200094532,0.006421766680355222,0.0,0.006421766680355222,0.003210883340177611,0.0,0.0,0.003210883340177611
359,0.016054416700888054,0.014405030200094532,0.006421766680355222,0.0,0.006421766680355222,0.003210883340177611,0.0,0.0,0.003210883340177611
360,0.016054416700888054,0.014405030200094532,0.006421766680355222,0.0,0.006421766680355222,0.003210883340177611,0.0,0.0,0.003210883340177611
361,0.016054416700888054,0.014405030200094532,0.006421766680355222,0.0,0.006421766680355222,0.003210883340177611,0.0,0.0,0.003210883340177611
362,0.016054416700888054,0.014405030200094532,0.006421766680355222,0.0,0.006421766680355222,0.003210883340177611,0.0,0.0,0.003210883340177611
363,0.016054416700888054,0.014405030200094532,0.006421766680355222,0.0,0.006421766680355222,0.003210883340177611,0.0,0.0,0.003210883340177611
364,0.016054416700888054,0.014405030200094532,0.006421766680355222,0.0,0.006421766680355222,0.003210883340177611,0.0,0.0,0.003210883340177611
365,0.016054416700888054,0.014405030200094532,0.006421766680355222,0.0,0.006421766680355222,0.003210883340177611,0.0,0.0,0.003210883340177611
366,0.016054416700888054,0.014405030200094532,0.006421766680355222,0.0,0.006421766680355222,0.003210883340177611,0.0,0.0,0.003210883340177611
367,0.016054416700888054,0.014405030200094532,0.006421766680355222,0.0,0.006421766680355222,0.003210883340177611,0.0,0.0,0.003210883340177611
368,0.016054416700888054,0.014405030200094532,0.006421766680355222,0.0,0.006421766680355222,0.003210883340177611,0.0,0.0,0.003210883340177611
369,0.016054416700888054,0.014405030200094532,0.006421766680355222,0.0,0.006421766680355222,0.003210883340177611,0.0,0.0,0.003210883340177611
370,0.016054416700888054,0.014405030200094532,0.006421766680355222,0.0,0.006421766680355222,0.003210883340177611,0.0,0.0,0.003210883340177611
371,0.016054416700888054,0.014405030200094532,0.006421766680355222,0.0,0.006421766680355222,0.003210883340177611,0.0,0.0,0.003210883340177611
372,0.016054416700888054,0.014405030200094532,0.006421766680355222,0.0,0.006421766680355222,0.003210883340177611,0.0,0.0,0.003210883340177611
373,0.016054416700888054,0.014405030200094532,0.006421766680355222,0.0,0.006421766680355222,0.003210883340177611,0.0,0.0,0.003210883340177611
374,0.016054416700888054,0.014405030200094532,0.006421766680355222,0.0,0.006421766680355222,0.003210883340177611,0.0,0.0,0.003210883340177611
375,0.016054416700888054,0.014405030200094532,0.006421766680355222,0.0,0.006421766680355222,0.003210883340177611,0.0,0.0,0.003210883340177611
376,0.016054416700888054,0.014405030200094532,0.006421766680355222,0.0,0.006421766680355222,0.003210883340177611,0.0,0.0,0.003210883340177611
377,0.016054416700888054,0.014405030200094532,0.006421766680355222,0.0,0.006421766680355222,0.003210883340177611,0.0,0.0,0.003210883340177611
378,0.016054416700888054,0.014405030200094532,0.006421766680355222,0.0,0.006421766680355222,0.003210883340177611,0.0,0.0,0.003210883340177611
379,0.016054416700888054,0.014405030200094532,0.006421766680355222,0.0,0.006421766680355222,0.003210883340177611,0.0,0.0,0.003210883340177611
380,0.016054416700888054,0.014405030200094532,0.006421766680355222,0.0,0.006421766680355222,0.003210883340177611,0.0,0.0,0.003210883340177611
381,0.016054416700888054,0.014405030200094532,0.006421766680355222,0.0,0.006421766680355222,0.003210883340177611,0.0,0.0,0.003210883340177611
382,0.016054416700888054,0.014405030200094532,0.006421766680355222,0.0,0.006421766680355222,0.003210883340177611,0.0,0.0,0.003210883340177611
383,0.016054416700888054,0.014405030200094532,0.006421766680355222,0.0,0.006421766680355222,0.003210883340177611,0.0,0.0,0.003210883340177611
384,0.016054416700888054,0.014405030200094532,0.006421766680355222,0.0,0.006421766680355222,0.003210883340177611,0.0,0.0,0.003210883340177611
385,0.016054416700888054,0.014405030200094532,0.006421766680355222,0.0,0.006421766680355222,0.003210883340177611,0.0,0.0,0.003210883340177611
386,0.016054416700888054,0.014405030200094532,0.006421766680355222,0.0,0.006421766680355222,0.003210883340177611,0.0,0.0,0.003210883340177611
387,0.016054416700888054,0.014405030200094532,0.006421766680355222,0.0,0.006421766680355222,0.003210883340177611,0.0,0.0,0.003210883340177611
388,0.016054416700888054,0.014405030200094532,0.006421766680355222,0.0,0.006421766680355222,0.003210883340177611,0.0,0.0,0.003210883340177611
389,0.016054416700888054,0.014405030200094532,0.006421766680355222,0.0,0.006421766680355222,0.003210883340177611,0.0,0.0,0.003210883340177611
390,0.016054416700888054,0.014405030200094532,0.006421766680355222,0.0,0.006421766680355222,0.003210883340177611,0.0,0.0,0.003210883340177611
391,0.016054416700888054,0.014405030200094532,0.006421766680355222,0.0,0.006421766680355222,0.003210883340177611,0.0,0.0,0.003210883340177611
392,0.016054416700888054,0.014405030200094532,0.006421766680355222,0.0,0.006421766680355222,0.003210883340177611,0.0,0.0,0.003210883340177611
393,0.016054416700888054,0.014405030200094532,0.006421766680355222,0.0,0.006421766680355222,0.003210883340177611,0.0,0.0,0.003210883340177611
394,0.016054416700888054,0.014405030200094532,0.006421766680355222,0.0,0.006421766680355222,0.003210883340177611,0.0,0.0,0.003210883340177611
395,0.016054416700888054,0.014405030200094532,0.006421766680355222,0.0,0.006421766680355222,0.003210883340177611,0.0,0.0,0.003210883340177611
396,0.016054416700888054,0.014405030200094532,0.006421766680355222,0.0,0.006421766680355222,0.003210883340177611,0.0,0.0,0.003210883340177611
397,0.016054416700888054,0.014405030200094532,0.006421766680355222,0.0,0.006421766680355222,0.003210883340177611,0.0,0.0,0.003210883340177611
398,0.016054416700888054,0.014405030200094532,0.006421766680355222,0.0,0.006421766680355222,0.003210883340177611,0.0,0.0,0.003210883340177611
399,0.016054416700888054,0.014405030200094532,0.006421766680355222,0.0,0.006421766680355222,0.003210883340177611,0.0,0.0,0.003210883340177611
400,0.016054416700888054,0.014405030200094532,0.006421766680355222,0.0,0.006421766680355222,0.003210883340177611,0.0,0.0,0.003210883340177611
401,0.016054416700888054,0.014405030200094532,0.006421766680355222,0.0,0.006421766680355222,0.003210883340177611,0.0,0.0,0.003210883340177611
402,0.016054416700888054,0.014405030200094532,0.006421766680355222,0.0,0.006421766680355222,0.003210883340177611,0.0,0.0,0.003210883340177611
403,0.016054416700888054,0.014405030200094532,0.006421766680355222,0.0,0.006421766680355222,0.003210883340177611,0.0,0.0,0.003210883340177611
404,0.016054416700888054,0.014405030200094532,0.006421766680355222,0.0,0.006421766680355222,0.003210883340177611,0.0,0.0,0.003210883340177611
405,0.016054416700888054,0.014405030200094532,0.006421766680355222,0.0,0.006421766680355222,0.003210883340177611,0.0,0.0,0.003210883340177611
406,0.016054416700888054,0.014405030200094532,0.006421766680355222,0.0,0.006421766680355222,0.003210883340177611,0.0,0.0,0.003210883340177611
407,0.016054416700888054,0.014405030200094532,0.006421766680355222,0.0,0.006421766680355222,0.003210883340177611,0.0,0.0,0.003210883340177611
408,0.016054416700888054,0.014405030200094532,0.006421766680355222,0.0,0.006421766680355222,0.003210883340177611,0.0,0.0,0.003210883340177611
409,0.016054416700888054,0.014405030200094532,0.006421766680355222,0.0,0.006421766680355222,0.003210883340177611,0.0,0.0,0.003210883340177611
410,0.016054416700888054,0.014405030200094532,0.006421766680355222,0.0,0.006421766680355222,0.003210883340177611,0.0,0.0,0.003210883340177611
411,0.016054416700888054,0.014405030200094532,0.006421766680355222,0.0,0.006421766680355222,0.003210883340177611,0.0,0.0,0.003210883340177611
412,0.016054416700888054,0.014405030200094532,0.006421766680355222,0.0,0.006421766680355222,0.003210883340177611,0.0,0.0,0.003210883340177611
413,0.016054416700888054,0.014405030200094532,0.006421766680355222,0.0,0.006421766680355222,0.003210883340177611,0.0,0.0,0.003210883340177611
414,0.016054416700888054,0.014405030200094532,0.006421766680355222,0.0,0.006421766680355222,0.003210883340177611,0.0,0.0,0.003210883340177611
415,0.016054416700888054,0.014405030200094532,0.006421766680355222,0.0,0.006421766680355222,0.003210883340177611,0.0,0.0,0.003210883340177611
416,0.016054416700888054,0.014405030200094532,0.006421766680355222,0.0,0.006421766680355222,0.003210883340177611,0.0,0.0,0.003210883340177611
417,0.016054416700888054,0.014405030200094532,0.006421766680355222,0.0,0.006421766680355222,0.003210883340177611,0.0,0.0,0.003210883340177611
418,0.016054416700888054,0.014405030200094532,0.006421766680355222,0.0,0.006421766680355222,0.003210883340177611,0.0,0.0,0.003210883340177611
419,0.016054416700888054,0.014405030200094532,0.006421766680355222,0.0,0.006421766680355222,0.003210883340177611,0.0,0.0,0.003210883340177611
420,0.016054416700888054,0.014405030200094532,0.006421766680355222,0.0,0.006421766680355222,0.003210883340177611,0.0,0.0,0.003210883340177611
421,0.016054416700888054,0.014405030200094532,0.006421766680355222,0.0,0.006421766680355222,0.003210883340177611,0.0,0.0,0.003210883340177611
422,0.016054416700888054,0.014405030200094532,0.006421766680355222,0.0,0.006421766680355222,0.003210883340177611,0.0,0.0,0.003210883340177611
423,0.016054416700888054,0.014405030200094532,0.006421766680355222,0.0,0.006421766680355222,0.003210883340177611,0.0,0.0,0.003210883340177611
424,0.016054416700888054,0.014405030200094532,0.006421766680355222,0.0,0.006421766680355222,0.003210883340177611,0.0,0.0,0.003210883340177611
425,0.016054416700888054,0.014405030200094532,0.006421766680355222,0.0,0.006421766680355222,0.003210883340177611,0.0,0.0,0.003210883340177611
426,0.016054416700888054,0.014405030200094532,0.006421766680355222,0.0,0.006421766680355222,0.003210883340177611,0.0,0.0,0.003210883340177611
427,0.016054416700888054,0.014405030200094532,0.006421766680355222,0.0,0.006421766680355222,0.003210883340177611,0.0,0.0,0.003210883340177611
428,0.016054416700888054,0.014405030200094532,0.006421766680355222,0.0,0.006421766680355222,0.003210883340177611,0.0,0.0,0.003210883340177611
429,0.016054416700888054,0.014405030200094532,0.006421766680355222,0.0,0.006421766680355222,0.003210883340177611,0.0,0.0,0.003210883340177611
430,0.016054416700888054,0.014405030200094532,0.006421766680355222,0.0,0.006421766680355222,0.003210883340177611,0.0,0.0,0.003210883340177611
431,0.016054416700888054,0.014405030200094532,0.006421766680355222,0.0,0.006421766680355222,0.003210883340177611,0.0,0.0,0.003210883340177611
432,0.016054416700888054,0.014405030200094532,0.006421766680355222,0.0,0.006421766680355222,0.003210883340177611,0.0,0.0,0.003210883340177611
433,0.016054416700888054,0.014405030200094532,0.006421766680355222,0.0,0.006421766680355222,0.003210883340177611,0.0,0.0,0.003210883340177611
434,0.016054416700888054,0.014405030200094532,0.006421766680355222,0.0,0.006421766680355222,0.003210883340177611,0.0,0.0,0.003210883340177611
435,0.016054416700888054,0.014405030200094532,0.006421766680355222,0.0,0.006421766680355222,0.003210883340177611,0.0,0.0,0.003210883340177611
436,0.016054416700888054,0.014405030200094532,0.006421766680355222,0.0,0.006421766680355222,0.003210883340177611,0.0,0.0,0.003210883340177611
437,0.016054416700888054,0.014405030200094532,0.006421766680355222,0.0,0.006421766680355222,0.003210883340177611,0.0,0.0,0.003210883340177611
438,0.016054416700888054,0.014405030200094532,0.006421766680355222,0.0,0.006421766680355222,0.003210883340177611,0.0,0.0,0.003210883340177611
439,0.016054416700888054,0.014405030200094532,0.006421766680355222,0.0,0.006421766680355222,0.003210883340177611,0.0,0.0,0.003210883340177611
440,0.016054416700888054,0.014405030200094532,0.006421766680355222,0.0,0.006421766680355222,0.003210883340177611,0.0,0.0,0.003210883340177611
441,0.016054416700888054,0.014405030200094532,0.006421766680355222,0.0,0.006421766680355222,0.003210883340177611,0.0,0.0,0.003210883340177611
442,0.016054416700888054,0.014405030200094532,0.006421766680355222,0.0,0.006421766680355222,0.003210883340177611,0.0,0.0,0.003210883340177611
443,0.016054416700888054,0.014405030200094532,0.006421766680355222,0.0,0.006421766680355222,0.003210883340177611,0.0,0.0,0.003210883340177611
444,0.016054416700888054,0.014405030200094532,0.006421766680355222,0.0,0.006421766680355222,0.003210883340177611,0.0,0.0,0.003210883340177611
445,0.016054416700888054,0.014405030200094532,0.006421766680355222,0.0,0.006421766680355222,0.003210883340177611,0.0,0.0,0.003210883340177611
446,0.016054416700888054,0.014405030200094532,0.006421766680355222,0.0,0.006421766680355222,0.003210883340177611,0.0,0.0,0.003210883340177611
447,0.016054416700888054,0.014405030200094532,0.006421766680355222,0.0,0.006421766680355222,0.003210883340177611,0.0,0.0,0.003210883340177611
448,0.016054416700888054,0.014405030200094532,0.006421766680355222,0.0,0.006421766680355222,0.003210883340177611,0.0,0.0,0.003210883340177611
449,0.016054416700888054,0.014405030200094532,0.006421766680355222,0.0,0.006421766680355222,0.003210883340177611,0.0,0.0,0.003210883340177611
450,0.016054416700888054,0.014405030200094532,0.006421766680355222,0.0,0.006421766680355222,0.003210883340177611,0.0,0.0,0.003210883340177611
451,0.016054416700888054,0.014405030200094532,0.006421766680355222,0.0,0.006421766680355222,0.003210883340177611,0.0,0.0,0.003210883340177611
452,0.016054416700888054,0.014405030200094532,0.006421766680355222,0.0,0.006421766680355222,0.003210883340177611,0.0,0.0,0.003210883340177611
453,0.016054416700888054,0.014405030200094532,0.006421766680355222,0.0,0.006421766680355222,0.003210883340177611,0.0,0.0,0.003210883340177611
454,0.016054416700888054,0.014405030200094532,0.006421766680355222,0.0,0.006421766680355222,0.003210883340177611,0.0,0.0,0.003210883340177611
455,0.016054416700888054,0.014405030200094532,0.006421766680355222,0.0,0.006421766680355222,0.003210883340177611,0.0,0.0,0.003210883340177611
456,0.016054416700888054,0.014405030200094532,0.006421766680355222,0.0,0.006421766680355222,0.003210883340177611,0.0,0.0,0.003210883340177611
457,0.016054416700888054,0.014405030200094532,0.006421766680355222,0.0,0.006421766680355222,0.003210883340177611,0.0,0.0,0.003210883340177611
458,0.016054416700888054,0.014405030200094532,0.006421766680355222,0.0,0.006421766680355222,0.003210883340177611,0.0,0.0,0.003210883340177611
459,0.016054416700888054,0.014405030200094532,0.006421766680355222,0.0,0.006421766680355222,0.003210883340177611,0.0,0.0,0.003210883340177611
460,0.016054416700888054,0.014405030200094532,0.006421766680355222,0.0,0.006421766680355222,0.003210883340177611,0.0,0.0,0.003210883340177611
461,0.016054416700888054,0.014405030200094532,0.006421766680355222,0.0,0.006421766680355222,0.003210883340177611,0.0,0.0,0.003210883340177611
462,0.016054416700888054,0.014405030200094532,0.006421766680355222,0.0,0.006421766680355222,0.003210883340177611,0.0,0.0,0.003210883340177611
463,0.016054416700888054,0.014405030200094532,0.006421766680355222,0.0,0.006421766680355222,0.003210883340177611,0.0,0.0,0.003210883340177611
464,0.016054416700888054,0.014405030200094532,0.006421766680355222,0.0,0.006421766680355222,0.003210883340177611,0.0,0.0,0.003210883340177611
465,0.016054416700888054,0.014405030200094532,0.006421766680355222,0.0,0.006421766680355222,0.003210883340177611,0.0,0.0,0.003210883340177611
466,0.016054416700888054,0.014405030200094532,0.006421766680355222,0.0,0.006421766680355222,0.003210883340177611,0.0,0.0,0.003210883340177611
467,0.016054416700888054,0.014405030200094532,0.006421766680355222,0.0,0.006421766680355222,0.003210883340177611,0.0,0.0,0.003210883340177611
468,0.016054416700888054,0.014405030200094532,0.006421766680355222,0.0,0.006421766680355222,0.003210883340177611,0.0,0.0,0.003210883340177611
469,0.016054416700888054,0.014405030200094532,0.006421766680355222,0.0,0.006421766680355222,0.003210883340177611,0.0,0.0,0.003210883340177611
470,0.016054416700888054,0.014405030200094532,0.006421766680355222,0.0,0.006421766680355222,0.003210883340177611,0.0,0.0,0.003210883340177611
471,0.016054416700888054,0.014405030200094532,0.006421766680355222,0.0,0.006421766680355222,0.003210883340177611,0.0,0.0,0.003210883340177611
472,0.016054416700888054,0.014405030200094532,0.006421766680355222,0.0,0.006421766680355222,0.003210883340177611,0.0,0.0,0.003210883340177611
473,0.016054416700888054,0.014405030200094532,0.006421766680355222,0.0,0.006421766680355222,0.003210883340177611,0.0,0.0,0.003210883340177611
474,0.016054416700888054,0.014405030200094532,0.006421766680355222,0.0,0.006421766680355222,0.003210883340177611,0.0,0.0,0.003210883340177611
475,0.016054416700888054,0.014405030200094532,0.006421766680355222,0.0,0.006421766680355222,0.003210883340177611,0.0,0.0,0.003210883340177611
476,0.016054416700888054,0.014405030200094532,0.006421766680355222,0.0,0.006421766680355222,0.003210883340177611,0.0,0.0,0.003210883340177611
477,0.016054416700888054,0.014405030200094532,0.006421766680355222,0.0,0.006421766680355222,0.003210883340177611,0.0,0.0,0.003210883340177611
478,0.016054416700888054,0.014405030200094532,0.006421766680355222,0.0,0.006421766680355222,0.003210883340177611,0.0,0.0,0.003210883340177611
479,0.016054416700888054,0.014405030200094532,0.006421766680355222,0.0,0.006421766680355222,0.003210883340177611,0.0,0.0,0.003210883340177611
480,0.016054416700888054,0.014405030200094532,0.006421766680355222,0.0,0.006421766680355222,0.003210883340177611,0.0,0.0,0.003210883340177611
481,0.016054416700888054,0.014405030200094532,0.006421766680355222,0.0,0.006421766680355222,0.003210883340177611,0.0,0.0,0.003210883340177611
482,0.016054416700888054,0.014405030200094532,0.006421766680355222,0.0,0.006421766680355222,0.003210883340177611,0.0,0.0,0.003210883340177611
483,0.016054416700888054,0.014405030200094532,0.006421766680355222,0.0,0.006421766680355222,0.003210883340177611,0.0,0.0,0.003210883340177611
484,0.016054416700888054,0.014405030200094532,0.006421766680355222,0.0,0.006421766680355222,0.003210883340177611,0.0,0.0,0.003210883340177611
485,0.016054416700888054,0.014405030200094532,0.006421766680355222,0.0,0.006421766680355222,0.003210883340177611,0.0,0.0,0.003210883340177611
486,0.016054416700888054,0.014405030200094532,0.006421766680355222,0.0,0.006421766680355222,0.003210883340177611,0.0,0.0,0.003210883340177611
487,0.016054416700888054,0.014405030200094532,0.006421766680355222,0.0,0.006421766680355222,0.003210883340177611,0.0,0.0,0.003210883340177611
488,0.016054416700888054,0.014405030200094532,0.006421766680355222,0.0,0.006421766680355222,0.003210883340177611,0.0,0.0,0.003210883340177611
489,0.016054416700888054,0.014405030200094532,0.006421766680355222,0.0,0.006421766680355222,0.003210883340177611,0.0,0.0,0.003210883340177611
490,0.016054416700888054,0.014405030200094532,0.006421766680355222,0.0,0.006421766680355222,0.003210883340177611,0.0,0.0,0.003210883340177611
491,0.016054416700888054,0.014405030200094532,0.006421766680355222,0.0,0.006421766680355222,0.003210883340177611,0.0,0.0,0.003210883340177611
492,0.016054416700888054,0.014405030200094532,0.006421766680355222,0.0,0.006421766680355222,0.003210883340177611,0.0,0.0,0.003210883340177611
493,0.016054416700888054,0.014405030200094532,0.006421766680355222,0.0,0.006421766680355222,0.003210883340177611,0.0,0.0,0.003210883340177611
494,0.016054416700888054,0.014405030200094532,0.006421766680355222,0.0,0.006421766680355222,0.003210883340177611,0.0,0.0,0.003210883340177611
495,0.016054416700888054,0.014405030200094532,0.006421766680355222,0.0,0.006421766680355222,0.003210883340177611,0.0,0.0,0.003210883340177611
496,0.016054416700888054,0.014405030200094532,0.006421766680355222,0.0,0.006421766680355222,0.003210883340177611,0.0,0.0,0.003210883340177611
497,0.016054416700888054,0.014405030200094532,0.006421766680355222,0.0,0.006421766680355222,0.003210883340177611,0.0,0.0,0.003210883340177611
498,0.016054416700888054,0.014405030200094532,0.006421766680355222,0.0,0.006421766680355222,0.003210883340177611,0.0,0.0,0.003210883340177611
499,0.016054416700888054,0.014405030200094532,0.006421766680355222,0.0,0.006421766680355222,0.003210883340177611,0.0,0.0,0.003210883340177611
500,0.016054416700888054,0.014405030200094532,0.006421766680355222,0.0,0.006421766680355222,0.003210883340177611,0.0,0.0,0.003210883340177611
501,0.016054416700888054,0.014405030200094532,0.006421766680355222,0.0,0.006421766680355222,0.003210883340177611,0.0,0.0,0.003210883340177611
502,0.016054416700888054,0.014405030200094532,0.006421766680355222,0.0,0.006421766680355222,0.003210883340177611,0.0,0.0,0.003210883340177611
503,0.016054416700888054,0.014405030200094532,0.006421766680355222,0.0,0.006421766680355222,0.003210883340177611,0.0,0.0,0.003210883340177611
504,0.016054416700888054,0.014405030200094532,0.006421766680355222,0.0,0.006421766680355222,0.003210883340177611,0.0,0.0,0.003210883340177611
505,0.016054416700888054,0.014405030200094532,0.006421766680355222,0.0,0.006421766680355222,0.003210883340177611,0.0,0.0,0.003210883340177611
506,0.016054416700888054,0.014405030200094532,0.006421766680355222,0.0,0.006421766680355222,0.003210883340177611,0.0,0.0,0.003210883340177611
507,0.016054416700888054,0.014405030200094532,0.006421766680355222,0.0,0.006421766680355222,0.003210883340177611,0.0,0.0,0.003210883340177611
508,0.016054416700888054,0.014405030200094532,0.006421766680355222,0.0,0.006421766680355222,0.003210883340177611,0.0,0.0,0.003210883340177611
509,0.016054416700888054,0.014405030200094532,0.006421766680355222,0.0,0.006421766680355222,0.003210883340177611,0.0,0.0,0.003210883340177611
510,0.016054416700888054,0.014405030200094532,0.006421766680355222,0.0,0.006421766680355222,0.003210883340177611,0.0,0.0,0.003210883340177611
511,0.016054416700888054,0.014405030200094532,0.006421766680355222,0.0,0.006421766680355222,0.003210883340177611,0.0,0.0,0.003210883340177611
512,0.016054416700888054,0.014405030200094532,0.006421766680355222,0.0,0.006421766680355222,0.003210883340177611,0.0,0.0,0.003210883340177611
513,0.016054416700888054,0.014405030200094532,0.006421766680355222,0.0,0.006421766680355222,0.003210883340177611,0.0,0.0,0.003210883340177611
514,0.016054416700888054,0.014405030200094532,0.006421766680355222,0.0,0.006421766680355222,0.003210883340177611,0.0,0.0,0.003210883340177611
515,0.016054416700888054,0.014405030200094532,0.006421766680355222,0.0,0.006421766680355222,0.003210883340177611,0.0,0.0,0.003210883340177611
516,0.016054416700888054,0.014405030200094532,0.006421766680355222,0.0,0.006421766680355222,0.003210883340177611,0.0,0.0,0.003210883340177611
517,0.016054416700888054,0.014405030200094532,0.006421766680355222,0.0,0.006421766680355222,0.003210883340177611,0.0,0.0,0.003210883340177611
518,0.016054416700888054,0.014405030200094532,0.006421766680355222,0.0,0.006421766680355222,0.003210883340177611,0.0,0.0,0.003210883340177611
519,0.016054416700888054,0.014405030200094532,0.006421766680355222,0.0,0.006421766680355222,0.003210883340177611,0.0,0.0,0.003210883340177611
520,0.016054416700888054,0.014405030200094532,0.006421766680355222,0.0,0.006421766680355222,0.003210883340177611,0.0,0.0,0.003210883340177611
521,0.016054416700888054,0.014405030200094532,0.006421766680355222,0.0,0.006421766680355222,0.003210883340177611,0.0,0.0,0.003210883340177611
522,0.016054416700888054,0.014405030200094532,0.006421766680355222,0.0,0.006421766680355222,0.003210883340177611,0.0,0.0,0.003210883340177611
523,0.016054416700888054,0.014405030200094532,0.006421766680355222,0.0,0.006421766680355222,0.003210883340177611,0.0,0.0,0.003210883340177611
524,0.016054416700888054,0.014405030200094532,0.006421766680355222,0.0,0.006421766680355222,0.003210883340177611,0.0,0.0,0.003210883340177611
525,0.016054416700888054,0.014405030200094532,0.006421766680355222,0.0,0.006421766680355222,0.003210883340177611,0.0,0.0,0.003210883340177611
526,0.016054416700888054,0.014405030200094532,0.006421766680355222,0.0,0.006421766680355222,0.003210883340177611,0.0,0.0,0.003210883340177611
527,0.016054416700888054,0.014405030200094532,0.006421766680355222,0.0,0.006421766680355222,0.003210883340177611,0.0,0.0,0.003210883340177611
528,0.016054416700888054,0.014405030200094532,0.006421766680355222,0.0,0.006421766680355222,0.003210883340177611,0.0,0.0,0.003210883340177611
529,0.016054416700888054,0.014405030200094532,0.006421766680355222,0.0,0.006421766680355222,0.003210883340177611,0.0,0.0,0.003210883340177611
530,0.016054416700888054,0.014405030200094532,0.006421766680355222,0.0,0.006421766680355222,0.003210883340177611,0.0,0.0,0.003210883340177611
531,0.016054416700888054,0.014405030200094532,0.006421766680355222,0.0,0.006421766680355222,0.003210883340177611,0.0,0.0,0.003210883340177611
532,0.016054416700888054,0.014405030200094532,0.006421766680355222,0.0,0.006421766680355222,0.003210883340177611,0.0,0.0,0.003210883340177611
533,0.016054416700888054,0.014405030200094532,0.006421766680355222,0.0,0.006421766680355222,0.003210883340177611,0.0,0.0,0.003210883340177611
534,0.016054416700888054,0.014405030200094532,0.006421766680355222,0.0,0.006421766680355222,0.003210883340177611,0.0,0.0,0.003210883340177611
535,0.016054416700888054,0.014405030200094532,0.006421766680355222,0.0,0.006421766680355222,0.003210883340177611,0.0,0.0,0.003210883340177611
536,0.016054416700888054,0.014405030200094532,0.006421766680355222,0.0,0.006421766680355222,0.003210883340177611,0.0,0.0,0.003210883340177611
537,0.016054416700888054,0.014405030200094532,0.006421766680355222,0.0,0.006421766680355222,0.003210883340177611,0.0,0.0,0.003210883340177611
538,0.016054416700888054,0.014405030200094532,0.006421766680355222,0.0,0.006421766680355222,0.003210883340177611,0.0,0.0,0.003210883340177611
539,0.016054416700888054,0.014405030200094532,0.006421766680355222,0.0,0.006421766680355222,0.003210883340177611,0.0,0.0,0.003210883340177611
540,0.016054416700888054,0.014405030200094532,0.006421766680355222,0.0,0.006421766680355222,0.003210883340177611,0.0,0.0,0.003210883340177611
541,0.016054416700888054,0.014405030200094532,0.006421766680355222,0.0,0.006421766680355222,0.003210883340177611,0.0,0.0,0.003210883340177611
542,0.016054416700888054,0.014405030200094532,0.006421766680355222,0.0,0.006421766680355222,0.003210883340177611,0.0,0.0,0.003210883340177611
543,0.016054416700888054,0.014405030200094532,0.006421766680355222,0.0,0.006421766680355222,0.003210883340177611,0.0,0.0,0.003210883340177611
544,0.016054416700888054,0.014405030200094532,0.006421766680355222,0.0,0.006421766680355222,0.003210883340177611,0.0,0.0,0.003210883340177611
545,0.016054416700888054,0.014405030200094532,0.006421766680355222,0.0,0.006421766680355222,0.003210883340177611,0.0,0.0,0.003210883340177611
546,0.016054416700888054,0.014405030200094532,0.006421766680355222,0.0,0.006421766680355222,0.003210883340177611,0.0,0.0,0.003210883340177611
547,0.016054416700888054,0.014405030200094532,0.006421766680355222,0.0,0.006421766680355222,0.003210883340177611,0.0,0.0,0.003210883340177611
548,0.016054416700888054,0.014405030200094532,0.006421766680355222,0.0,0.006421766680355222,0.003210883340177611,0.0,0.0,0.003210883340177611
549,0.016054416700888054,0.014405030200094532,0.006421766680355222,0.0,0.006421766680355222,0.003210883340177611,0.0,0.0,0.003210883340177611
550,0.016054416700888054,0.014405030200094532,0.006421766680355222,0.0,0.006421766680355222,0.003210883340177611,0.0,0.0,0.003210883340177611
551,0.016054416700888054,0.014405030200094532,0.006421766680355222,0.0,0.006421766680355222,0.003210883340177611,0.0,0.0,0.003210883340177611
552,0.016054416700888054,0.014405030200094532,0.006421766680355222,0.0,0.006421766680355222,0.003210883340177611,0.0,0.0,0.003210883340177611
553,0.016054416700888054,0.014405030200094532,0.006421766680355222,0.0,0.006421766680355222,0.003210883340177611,0.0,0.0,0.003210883340177611
554,0.016054416700888054,0.014405030200094532,0.006421766680355222,0.0,0.006421766680355222,0.003210883340177611,0.0,0.0,0.003210883340177611
555,0.016054416700888054,0.014405030200094532,0.006421766680355222,0.0,0.006421766680355222,0.003210883340177611,0.0,0.0,0.003210883340177611
556,0.016054416700888054,0.014405030200094532,0.006421766680355222,0.0,0.006421766680355222,0.003210883340177611,0.0,0.0,0.003210883340177611
557,0.016054416700888054,0.014405030200094532,0.006421766680355222,0.0,0.006421766680355222,0.003210883340177611,0.0,0.0,0.003210883340177611
558,0.016054416700888054,0.014405030200094532,0.006421766680355222,0.0,0.006421766680355222,0.003210883340177611,0.0,0.0,0.003210883340177611
559,0.016054416700888054,0.014405030200094532,0.006421766680355222,0.0,0.006421766680355222,0.003210883340177611,0.0,0.0,0.003210883340177611
560,0.016054416700888054,0.014405030200094532,0.006421766680355222,0.0,0.006421766680355222,0.003210883340177611,0.0,0.0,0.003210883340177611
561,0.016054416700888054,0.014405030200094532,0.006421766680355222,0.0,0.006421766680355222,0.003210883340177611,0.0,0.0,0.003210883340177611
562,0.016054416700888054,0.014405030200094532,0.006421766680355222,0.0,0.006421766680355222,0.003210883340177611,0.0,0.0,0.003210883340177611
563,0.016054416700888054,0.014405030200094532,0.006421766680355222,0.0,0.006421766680355222,0.003210883340177611,0.0,0.0,0.003210883340177611
564,0.016054416700888054,0.014405030200094532,0.006421766680355222,0.0,0.006421766680355222,0.003210883340177611,0.0,0.0,0.003210883340177611
565,0.016054416700888054,0.014405030200094532,0.006421766680355222,0.0,0.006421766680355222,0.003210883340177611,0.0,0.0,0.003210883340177611
566,0.016054416700888054,0.014405030200094532,0.006421766680355222,0.0,0.006421766680355222,0.003210883340177611,0.0,0.0,0.003210883340177611
567,0.016054416700888054,0.014405030200094532,0.006421766680355222,0.0,0.006421766680355222,0.003210883340177611,0.0,0.0,0.003210883340177611
568,0.016054416700888054,0.014405030200094532,0.006421766680355222,0.0,0.006421766680355222,0.003210883340177611,0.0,0.0,0.003210883340177611
569,0.016054416700888054,0.014405030200094532,0.006421766680355222,0.0,0.006421766680355222,0.003210883340177611,0.0,0.0,0.003210883340177611
570,0.016054416700888054,0.014405030200094532,0.006421766680355222,0.0,0.006421766680355222,0.003210883340177611,0.0,0.0,0.003210883340177611
571,0.016054416700888054,0.014405030200094532,0.006421766680355222,0.0,0.006421766680355222,0.003210883340177611,0.0,0.0,0.003210883340177611
572,0.016054416700888054,0.014405030200094532,0.006421766680355222,0.0,0.006421766680355222,0.003210883340177611,0.0,0.0,0.003210883340177611
573,0.016054416700888054,0.014405030200094532,0.006421766680355222,0.0,0.006421766680355222,0.003210883340177611,0.0,0.0,0.003210883340177611
574,0.016054416700888054,0.014405030200094532,0.006421766680355222,0.0,0.006421766680355222,0.003210883340177611,0.0,0.0,0.003210883340177611
575,0.016054416700888054,0.014405030200094532,0.006421766680355222,0.0,0.006421766680355222,0.003210883340177611,0.0,0.0,0.003210883340177611
576,0.016054416700888054,0.014405030200094532,0.006421766680355222,0.0,0.006421766680355222,0.003210883340177611,0.0,0.0,0.003210883340177611
577,0.016054416700888054,0.014405030200094532,0.006421766680355222,0.0,0.006421766680355222,0.003210883340177611,0.0,0.0,0.003210883340177611
578,0.016054416700888054,0.014405030200094532,0.006421766680355222,0.0,0.006421766680355222,0.003210883340177611,0.0,0.0,0.003210883340177611
579,0.016054416700888054,0.014405030200094532,0.006421766680355222,0.0,0.006421766680355222,0.003210883340177611,0.0,0.0,0.003210883340177611
580,0.016054416700888054,0.014405030200094532,0.006421766680355222,0.0,0.006421766680355222,0.003210883340177611,0.0,0.0,0.003210883340177611
581,0.016054416700888054,0.014405030200094532,0.006421766680355222,0.0,0.006421766680355222,0.003210883340177611,0.0,0.0,0.003210883340177611
582,0.016054416700888054,0.014405030200094532,0.006421766680355222,0.0,0.006421766680355222,0.003210883340177611,0.0,0.0,0.003210883340177611
583,0.016054416700888054,0.014405030200094532,0.006421766680355222,0.0,0.006421766680355222,0.003210883340177611,0.0,0.0,0.003210883340177611
584,0.016054416700888054,0.014405030200094532,0.006421766680355222,0.0,0.006421766680355222,0.003210883340177611,0.0,0.0,0.003210883340177611
585,0.016054416700888054,0.014405030200094532,0.006421766680355222,0.0,0.006421766680355222,0.003210883340177611,0.0,0.0,0.003210883340177611
586,0.016054416700888054,0.014405030200094532,0.006421766680355222,0.0,0.006421766680355222,0.003210883340177611,0.0,0.0,0.003210883340177611
587,0.016054416700888054,0.014405030200094532,0.006421766680355222,0.0,0.006421766680355222,0.003210883340177611,0.0,0.0,0.003210883340177611
588,0.016054416700888054,0.014405030200094532,0.006421766680355222,0.0,0.006421766680355222,0.003210883340177611,0.0,0.0,0.003210883340177611
589,0.016054416700888054,0.014405030200094532,0.006421766680355222,0.0,0.006421766680355222,0.003210883340177611,0.0,0.0,0.003210883340177611
590,0.016054416700888054,0.014405030200094532,0.006421766680355222,0.0,0.006421766680355222,0.003210883340177611,0.0,0.0,0.003210883340177611
591,0.016054416700888054,0.014405030200094532,0.006421766680355222,0.0,0.006421766680355222,0.003210883340177611,0.0,0.0,0.003210883340177611
592,0.016054416700888054,0.014405030200094532,0.006421766680355222,0.0,0.006421766680355222,0.003210883340177611,0.0,0.0,0.003210883340177611
593,0.016054416700888054,0.014405030200094532,0.006421766680355222,0.0,0.006421766680355222,0.003210883340177611,0.0,0.0,0.003210883340177611
594,0.016054416700888054,0.014405030200094532,0.006421766680355222,0.0,0.006421766680355222,0.003210883340177611,0.0,0.0,0.003210883340177611
595,0.016054416700888054,0.014405030200094532,0.006421766680355222,0.0,0.006421766680355222,0.003210883340177611,0.0,0.0,0.003210883340177611
596,0.016054416700888054,0.014405030200094532,0.006421766680355222,0.0,0.006421766680355222,0.003210883340177611,0.0,0.0,0.003210883340177611
597,0.016054416700888054,0.014405030200094532,0.006421766680355222,0.0,0.006421766680355222,0.003210883340177611,0.0,0.0,0.003210883340177611
598,0.016054416700888054,0.014405030200094532,0.006421766680355222,0.0,0.006421766680355222,0.003210883340177611,0.0,0.0,0.003210883340177611
599,0.016054416700888054,0.014405030200094532,0.006421766680355222,0.0,0.006421766680355222,0.003210883340177611,0.0,0.0,0.003210883340177611
600,0.016054416700888054,0.014405030200094532,0.006421766680355222,0.0,0.006421766680355222,0.003210883340177611,0.0,0.0,0.003210883340177611
601,0.016054416700888054,0.014405030200094532,0.006421766680355222,0.0,0.006421766680355222,0.003210883340177611,0.0,0.0,0.003210883340177611
602,0.016054416700888054,0.014405030200094532,0.006421766680355222,0.0,0.006421766680355222,0.003210883340177611,0.0,0.0,0.003210883340177611
603,0.016054416700888054,0.014405030200094532,0.006421766680355222,0.0,0.006421766680355222,0.003210883340177611,0.0,0.0,0.003210883340177611
604,0.016054416700888054,0.014405030200094532,0.006421766680355222,0.0,0.006421766680355222,0.003210883340177611,0.0,0.0,0.003210883340177611
605,0.016054416700888054,0.014405030200094532,0.006421766680355222,0.0,0.006421766680355222,0.003210883340177611,0.0,0.0,0.003210883340177611
606,0.016054416700888054,0.014405030200094532,0.006421766680355222,0.0,0.006421766680355222,0.003210883340177611,0.0,0.0,0.003210883340177611
607,0.016054416700888054,0.014405030200094532,0.006421766680355222,0.0,0.006421766680355222,0.003210883340177611,0.0,0.0,0.003210883340177611
608,0.016054416700888054,0.014405030200094532,0.006421766680355222,0.0,0.006421766680355222,0.003210883340177611,0.0,0.0,0.003210883340177611
609,0.016054416700888054,0.014405030200094532,0.006421766680355222,0.0,0.006421766680355222,0.003210883340177611,0.0,0.0,0.003210883340177611
610,0.016054416700888054,0.014405030200094532,0.006421766680355222,0.0,0.006421766680355222,0.003210883340177611,0.0,0.0,0.003210883340177611
611,0.016054416700888054,0.014405030200094532,0.006421766680355222,0.0,0.006421766680355222,0.003210883340177611,0.0,0.0,0.003210883340177611
612,0.016054416700888054,0.014405030200094532,0.006421766680355222,0.0,0.006421766680355222,0.003210883340177611,0.0,0.0,0.003210883340177611
613,0.016054416700888054,0.014405030200094532,0.006421766680355222,0.0,0.006421766680355222,0.003210883340177611,0.0,0.0,0.003210883340177611
614,0.016054416700888054,0.014405030200094532,0.006421766680355222,0.0,0.006421766680355222,0.003210883340177611,0.0,0.0,0.003210883340177611
615,0.016054416700888054,0.014405030200094532,0.006421766680355222,0.0,0.006421766680355222,0.003210883340177611,0.0,0.0,0.003210883340177611
616,0.016054416700888054,0.014405030200094532,0.006421766680355222,0.0,0.006421766680355222,0.003210883340177611,0.0,0.0,0.003210883340177611
617,0.016054416700888054,0.014405030200094532,0.006421766680355222,0.0,0.006421766680355222,0.003210883340177611,0.0,0.0,0.003210883340177611
618,0.016054416700888054,0.014405030200094532,0.006421766680355222,0.0,0.006421766680355222,0.003210883340177611,0.0,0.0,0.003210883340177611
619,0.016054416700888054,0.014405030200094532,0.006421766680355222,0.0,0.006421766680355222,0.003210883340177611,0.0,0.0,0.003210883340177611
620,0.016054416700888054,0.014405030200094532,0.006421766680355222,0.0,0.006421766680355222,0.003210883340177611,0.0,0.0,0.003210883340177611
621,0.016054416700888054,0.014405030200094532,0.006421766680355222,0.0,0.006421766680355222,0.003210883340177611,0.0,0.0,0.003210883340177611
622,0.016054416700888054,0.014405030200094532,0.006421766680355222,0.0,0.006421766680355222,0.003210883340177611,0.0,0.0,0.003210883340177611
623,0.016054416700888054,0.014405030200094532,0.006421766680355222,0.0,0.006421766680355222,0.003210883340177611,0.0,0.0,0.003210883340177611
624,0.016054416700888054,0.014405030200094532,0.006421766680355222,0.0,0.006421766680355222,0.003210883340177611,0.0,0.0,0.003210883340177611
625,0.016054416700888054,0.014405030200094532,0.006421766680355222,0.0,0.006421766680355222,0.003210883340177611,0.0,0.0,0.003210883340177611
626,0.016054416700888054,0.014405030200094532,0.006421766680355222,0.0,0.006421766680355222,0.003210883340177611,0.0,0.0,0.003210883340177611
627,0.016054416700888054,0.014405030200094532,0.006421766680355222,0.0,0.006421766680355222,0.003210883340177611,0.0,0.0,0.003210883340177611
628,0.016054416700888054,0.014405030200094532,0.006421766680355222,0.0,0.006421766680355222,0.003210883340177611,0.0,0.0,0.003210883340177611
629,0.016054416700888054,0.014405030200094532,0.006421766680355222,0.0,0.006421766680355222,0.003210883340177611,0.0,0.0,0.003210883340177611
630,0.016054416700888054,0.014405030200094532,0.006421766680355222,0.0,0.006421766680355222,0.003210883340177611,0.0,0.0,0.003210883340177611
631,0.016054416700888054,0.014405030200094532,0.006421766680355222,0.0,0.006421766680355222,0.003210883340177611,0.0,0.0,0.003210883340177611
632,0.016054416700888054,0.014405030200094532,0.006421766680355222,0.0,0.006421766680355222,0.003210883340177611,0.0,0.0,0.003210883340177611
633,0.016054416700888054,0.014405030200094532,0.006421766680355222,0.0,0.006421766680355222,0.003210883340177611,0.0,0.0,0.003210883340177611
634,0.016054416700888054,0.014405030200094532,0.006421766680355222,0.0,0.006421766680355222,0.003210883340177611,0.0,0.0,0.003210883340177611
635,0.016054416700888054,0.014405030200094532,0.006421766680355222,0.0,0.006421766680355222,0.003210883340177611,0.0,0.0,0.003210883340177611
636,0.016054416700888054,0.014405030200094532,0.006421766680355222,0.0,0.006421766680355222,0.003210883340177611,0.0,0.0,0.003210883340177611
637,0.016054416700888054,0.014405030200094532,0.006421766680355222,0.0,0.006421766680355222,0.003210883340177611,0.0,0.0,0.003210883340177611
638,0.016054416700888054,0.014405030200094532,0.006421766680355222,0.0,0.006421766680355222,0.003210883340177611,0.0,0.0,0.003210883340177611
639,0.016054416700888054,0.014405030200094532,0.006421766680355222,0.0,0.006421766680355222,0.003210883340177611,0.0,0.0,0.003210883340177611
640,0.016054416700888054,0.014405030200094532,0.006421766680355222,0.0,0.006421766680355222,0.003210883340177611,0.0,0.0,0.003210883340177611
641,0.016054416700888054,0.014405030200094532,0.006421766680355222,0.0,0.006421766680355222,0.003210883340177611,0.0,0.0,0.003210883340177611
642,0.016054416700888054,0.014405030200094532,0.006421766680355222,0.0,0.006421766680355222,0.003210883340177611,0.0,0.0,0.003210883340177611
643,0.016054416700888054,0.014405030200094532,0.006421766680355222,0.0,0.006421766680355222,0.003210883340177611,0.0,0.0,0.003210883340177611
644,0.016054416700888054,0.014405030200094532,0.006421766680355222,0.0,0.006421766680355222,0.003210883340177611,0.0,0.0,0.003210883340177611
645,0.016054416700888054,0.014405030200094532,0.006421766680355222,0.0,0.006421766680355222,0.003210883340177611,0.0,0.0,0.003210883340177611
646,0.016054416700888054,0.014405030200094532,0.006421766680355222,0.0,0.006421766680355222,0.003210883340177611,0.0,0.0,0.003210883340177611
647,0.016054416700888054,0.014405030200094532,0.006421766680355222,0.0,0.006421766680355222,0.003210883340177611,0.0,0.0,0.003210883340177611
648,0.016054416700888054,0.014405030200094532,0.006421766680355222,0.0,0.006421766680355222,0.003210883340177611,0.0,0.0,0.003210883340177611
649,0.016054416700888054,0.014405030200094532,0.006421766680355222,0.0,0.006421766680355222,0.003210883340177611,0.0,0.0,0.003210883340177611
650,0.016054416700888054,0.014405030200094532,0.006421766680355222,0.0,0.006421766680355222,0.003210883340177611,0.0,0.0,0.003210883340177611
651,0.016054416700888054,0.014405030200094532,0.006421766680355222,0.0,0.006421766680355222,0.003210883340177611,0.0,0.0,0.003210883340177611
652,0.016054416700888054,0.014405030200094532,0.006421766680355222,0.0,0.006421766680355222,0.003210883340177611,0.0,0.0,0.003210883340177611
653,0.016054416700888054,0.014405030200094532,0.006421766680355222,0.0,0.006421766680355222,0.003210883340177611,0.0,0.0,0.003210883340177611
654,0.016054416700888054,0.014405030200094532,0.006421766680355222,0.0,0.006421766680355222,0.003210883340177611,0.0,0.0,0.003210883340177611
655,0.016054416700888054,0.014405030200094532,0.006421766680355222,0.0,0.006421766680355222,0.003210883340177611,0.0,0.0,0.003210883340177611
656,0.016054416700888054,0.014405030200094532,0.006421766680355222,0.0,0.006421766680355222,0.003210883340177611,0.0,0.0,0.003210883340177611
657,0.016054416700888054,0.014405030200094532,0.006421766680355222,0.0,0.006421766680355222,0.003210883340177611,0.0,0.0,0.003210883340177611
658,0.016054416700888054,0.014405030200094532,0.006421766680355222,0.0,0.006421766680355222,0.003210883340177611,0.0,0.0,0.003210883340177611
659,0.016054416700888054,0.014405030200094532,0.006421766680355222,0.0,0.006421766680355222,0.003210883340177611,0.0,0.0,0.003210883340177611
660,0.016054416700888054,0.014405030200094532,0.006421766680355222,0.0,0.006421766680355222,0.003210883340177611,0.0,0.0,0.003210883340177611
661,0.016054416700888054,0.014405030200094532,0.006421766680355222,0.0,0.006421766680355222,0.003210883340177611,0.0,0.0,0.003210883340177611
662,0.016054416700888054,0.014405030200094532,0.006421766680355222,0.0,0.006421766680355222,0.003210883340177611,0.0,0.0,0.003210883340177611
663,0.016054416700888054,0.014405030200094532,0.006421766680355222,0.0,0.006421766680355222,0.003210883340177611,0.0,0.0,0.003210883340177611
664,0.016054416700888054,0.014405030200094532,0.006421766680355222,0.0,0.006421766680355222,0.003210883340177611,0.0,0.0,0.003210883340177611
665,0.016054416700888054,0.014405030200094532,0.006421766680355222,0.0,0.006421766680355222,0.003210883340177611,0.0,0.0,0.003210883340177611
666,0.016054416700888054,0.014405030200094532,0.006421766680355222,0.0,0.006421766680355222,0.003210883340177611,0.0,0.0,0.003210883340177611
667,0.016054416700888054,0.014405030200094532,0.006421766680355222,0.0,0.006421766680355222,0.003210883340177611,0.0,0.0,0.003210883340177611
668,0.016054416700888054,0.014405030200094532,0.006421766680355222,0.0,0.006421766680355222,0.003210883340177611,0.0,0.0,0.003210883340177611
669,0.016054416700888054,0.014405030200094532,0.006421766680355222,0.0,0.006421766680355222,0.003210883340177611,0.0,0.0,0.003210883340177611
670,0.016054416700888054,0.014405030200094532,0.006421766680355222,0.0,0.006421766680355222,0.003210883340177611,0.0,0.0,0.003210883340177611
671,0.016054416700888054,0.014405030200094532,0.006421766680355222,0.0,0.006421766680355222,0.003210883340177611,0.0,0.0,0.003210883340177611
672,0.016054416700888054,0.014405030200094532,0.006421766680355222,0.0,0.006421766680355222,0.003210883340177611,0.0,0.0,0.003210883340177611
673,0.016054416700888054,0.014405030200094532,0.006421766680355222,0.0,0.006421766680355222,0.003210883340177611,0.0,0.0,0.003210883340177611
674,0.016054416700888054,0.014405030200094532,0.006421766680355222,0.0,0.006421766680355222,0.003210883340177611,0.0,0.0,0.003210883340177611
675,0.016054416700888054,0.014405030200094532,0.006421766680355222,0.0,0.006421766680355222,0.003210883340177611,0.0,0.0,0.003210883340177611
676,0.016054416700888054,0.014405030200094532,0.006421766680355222,0.0,0.006421766680355222,0.003210883340177611,0.0,0.0,0.003210883340177611
677,0.016054416700888054,0.014405030200094532,0.006421766680355222,0.0,0.006421766680355222,0.003210883340177611,0.0,0.0,0.003210883340177611
678,0.016054416700888054,0.014405030200094532,0.006421766680355222,0.0,0.006421766680355222,0.003210883340177611,0.0,0.0,0.003210883340177611
679,0.016054416700888054,0.014405030200094532,0.006421766680355222,0.0,0.006421766680355222,0.003210883340177611,0.0,0.0,0.003210883340177611
680,0.016054416700888054,0.014405030200094532,0.006421766680355222,0.0,0.006421766680355222,0.003210883340177611,0.0,0.0,0.003210883340177611
681,0.016054416700888054,0.014405030200094532,0.006421766680355222,0.0,0.006421766680355222,0.003210883340177611,0.0,0.0,0.003210883340177611
682,0.016054416700888054,0.014405030200094532,0.006421766680355222,0.0,0.006421766680355222,0.003210883340177611,0.0,0.0,0.003210883340177611
683,0.016054416700888054,0.014405030200094532,0.006421766680355222,0.0,0.006421766680355222,0.003210883340177611,0.0,0.0,0.003210883340177611
684,0.016054416700888054,0.014405030200094532,0.006421766680355222,0.0,0.006421766680355222,0.003210883340177611,0.0,0.0,0.003210883340177611
685,0.016054416700888054,0.014405030200094532,0.006421766680355222,0.0,0.006421766680355222,0.003210883340177611,0.0,0.0,0.003210883340177611
686,0.016054416700888054,0.014405030200094532,0.006421766680355222,0.0,0.006421766680355222,0.003210883340177611,0.0,0.0,0.003210883340177611
687,0.016054416700888054,0.014405030200094532,0.006421766680355222,0.0,0.006421766680355222,0.003210883340177611,0.0,0.0,0.003210883340177611
688,0.016054416700888054,0.014405030200094532,0.006421766680355222,0.0,0.006421766680355222,0.003210883340177611,0.0,0.0,0.003210883340177611
689,0.016054416700888054,0.014405030200094532,0.006421766680355222,0.0,0.006421766680355222,0.003210883340177611,0.0,0.0,0.003210883340177611
690,0.016054416700888054,0.014405030200094532,0.006421766680355222,0.0,0.006421766680355222,0.003210883340177611,0.0,0.0,0.003210883340177611
691,0.016054416700888054,0.014405030200094532,0.006421766680355222,0.0,0.006421766680355222,0.003210883340177611,0.0,0.0,0.003210883340177611
692,0.016054416700888054,0.014405030200094532,0.006421766680355222,0.0,0.006421766680355222,0.003210883340177611,0.0,0.0,0.003210883340177611
693,0.016054416700888054,0.014405030200094532,0.006421766680355222,0.0,0.006421766680355222,0.003210883340177611,0.0,0.0,0.003210883340177611
694,0.016054416700888054,0.014405030200094532,0.006421766680355222,0.0,0.006421766680355222,0.003210883340177611,0.0,0.0,0.003210883340177611
695,0.016054416700888054,0.014405030200094532,0.006421766680355222,0.0,0.006421766680355222,0.003210883340177611,0.0,0.0,0.003210883340177611
696,0.016054416700888054,0.014405030200094532,0.006421766680355222,0.0,0.006421766680355222,0.003210883340177611,0.0,0.0,0.003210883340177611
697,0.016054416700888054,0.014405030200094532,0.006421766680355222,0.0,0.006421766680355222,0.003210883340177611,0.0,0.0,0.003210883340177611
698,0.016054416700888054,0.014405030200094532,0.006421766680355222,0.0,0.006421766680355222,0.003210883340177611,0.0,0.0,0.003210883340177611
699,0.016054416700888054,0.014405030200094532,0.006421766680355222,0.0,0.006421766680355222,0.003210883340177611,0.0,0.0,0.003210883340177611
700,0.016054416700888054,0.014405030200094532,0.006421766680355222,0.0,0.006421766680355222,0.003210883340177611,0.0,0.0,0.003210883340177611
701,0.016054416700888054,0.014405030200094532,0.006421766680355222,0.0,0.006421766680355222,0.003210883340177611,0.0,0.0,0.003210883340177611
702,0.016054416700888054,0.014405030200094532,0.006421766680355222,0.0,0.006421766680355222,0.003210883340177611,0.0,0.0,0.003210883340177611
703,0.016054416700888054,0.014405030200094532,0.006421766680355222,0.0,0.006421766680355222,0.003210883340177611,0.0,0.0,0.003210883340177611
704,0.016054416700888054,0.014405030200094532,0.006421766680355222,0.0,0.006421766680355222,0.003210883340177611,0.0,0.0,0.003210883340177611
705,0.016054416700888054,0.014405030200094532,0.006421766680355222,0.0,0.006421766680355222,0.003210883340177611,0.0,0.0,0.003210883340177611
706,0.016054416700888054,0.014405030200094532,0.006421766680355222,0.0,0.006421766680355222,0.003210883340177611,0.0,0.0,0.003210883340177611
707,0.016054416700888054,0.014405030200094532,0.006421766680355222,0.0,0.006421766680355222,0.003210883340177611,0.0,0.0,0.003210883340177611
708,0.016054416700888054,0.014405030200094532,0.006421766680355222,0.0,0.006421766680355222,0.003210883340177611,0.0,0.0,0.003210883340177611
709,0.016054416700888054,0.014405030200094532,0.006421766680355222,0.0,0.006421766680355222,0.003210883340177611,0.0,0.0,0.003210883340177611
710,0.016054416700888054,0.014405030200094532,0.006421766680355222,0.0,0.006421766680355222,0.003210883340177611,0.0,0.0,0.003210883340177611
711,0.016054416700888054,0.014405030200094532,0.006421766680355222,0.0,0.006421766680355222,0.003210883340177611,0.0,0.0,0.003210883340177611
712,0.016054416700888054,0.014405030200094532,0.006421766680355222,0.0,0.006421766680355222,0.003210883340177611,0.0,0.0,0.003210883340177611
713,0.016054416700888054,0.014405030200094532,0.006421766680355222,0.0,0.006421766680355222,0.003210883340177611,0.0,0.0,0.003210883340177611
714,0.016054416700888054,0.014405030200094532,0.006421766680355222,0.0,0.006421766680355222,0.003210883340177611,0.0,0.0,0.003210883340177611
715,0.016054416700888054,0.014405030200094532,0.006421766680355222,0.0,0.006421766680355222,0.003210883340177611,0.0,0.0,0.003210883340177611
716,0.016054416700888054,0.014405030200094532,0.006421766680355222,0.0,0.006421766680355222,0.003210883340177611,0.0,0.0,0.003210883340177611
717,0.016054416700888054,0.014405030200094532,0.006421766680355222,0.0,0.006421766680355222,0.003210883340177611,0.0,0.0,0.003210883340177611
718,0.016054416700888054,0.014405030200094532,0.006421766680355222,0.0,0.006421766680355222,0.003210883340177611,0.0,0.0,0.003210883340177611
719,0.016054416700888054,0.014405030200094532,0.006421766680355222,0.0,0.006421766680355222,0.003210883340177611,0.0,0.0,0.003210883340177611
720,0.016054416700888054,0.014405030200094532,0.006421766680355222,0.0,0.006421766680355222,0.003210883340177611,0.0,0.0,0.003210883340177611
721,0.016054416700888054,0.014405030200094532,0.006421766680355222,0.0,0.006421766680355222,0.003210883340177611,0.0,0.0,0.003210883340177611
722,0.016054416700888054,0.014405030200094532,0.006421766680355222,0.0,0.006421766680355222,0.003210883340177611,0.0,0.0,0.003210883340177611
723,0.016054416700888054,0.014405030200094532,0.006421766680355222,0.0,0.006421766680355222,0.003210883340177611,0.0,0.0,0.003210883340177611
724,0.016054416700888054,0.014405030200094532,0.006421766680355222,0.0,0.006421766680355222,0.003210883340177611,0.0,0.0,0.003210883340177611
725,0.016054416700888054,0.014405030200094532,0.006421766680355222,0.0,0.006421766680355222,0.003210883340177611,0.0,0.0,0.003210883340177611
726,0.016054416700888054,0.014405030200094532,0.006421766680355222,0.0,0.006421766680355222,0.003210883340177611,0.0,0.0,0.003210883340177611
727,0.016054416700888054,0.014405030200094532,0.006421766680355222,0.0,0.006421766680355222,0.003210883340177611,0.0,0.0,0.003210883340177611
728,0.016054416700888054,0.014405030200094532,0.006421766680355222,0.0,0.006421766680355222,0.003210883340177611,0.0,0.0,0.003210883340177611
729,0.016054416700888054,0.014405030200094532,0.006421766680355222,0.0,0.006421766680355222,0.003210883340177611,0.0,0.0,0.003210883340177611
730,0.016054416700888054,0.014405030200094532,0.006421766680355222,0.0,0.006421766680355222,0.003210883340177611,0.0,0.0,0.003210883340177611
731,0.016054416700888054,0.014405030200094532,0.006421766680355222,0.0,0.006421766680355222,0.003210883340177611,0.0,0.0,0.003210883340177611
732,0.016054416700888054,0.014405030200094532,0.006421766680355222,0.0,0.006421766680355222,0.003210883340177611,0.0,0.0,0.003210883340177611
733,0.016054416700888054,0.014405030200094532,0.006421766680355222,0.0,0.006421766680355222,0.003210883340177611,0.0,0.0,0.003210883340177611
734,0.016054416700888054,0.014405030200094532,0.006421766680355222,0.0,0.006421766680355222,0.003210883340177611,0.0,0.0,0.003210883340177611
735,0.016054416700888054,0.014405030200094532,0.006421766680355222,0.0,0.006421766680355222,0.003210883340177611,0.0,0.0,0.003210883340177611
736,0.016054416700888054,0.014405030200094532,0.006421766680355222,0.0,0.006421766680355222,0.003210883340177611,0.0,0.0,0.003210883340177611
737,0.016054416700888054,0.014405030200094532,0.006421766680355222,0.0,0.006421766680355222,0.003210883340177611,0.0,0.0,0.003210883340177611
738,0.016054416700888054,0.014405030200094532,0.006421766680355222,0.0,0.006421766680355222,0.003210883340177611,0.0,0.0,0.003210883340177611
739,0.016054416700888054,0.014405030200094532,0.006421766680355222,0.0,0.006421766680355222,0.003210883340177611,0.0,0.0,0.003210883340177611
740,0.016054416700888054,0.014405030200094532,0.006421766680355222,0.0,0.006421766680355222,0.003210883340177611,0.0,0.0,0.003210883340177611
741,0.016054416700888054,0.014405030200094532,0.006421766680355222,0.0,0.006421766680355222,0.003210883340177611,0.0,0.0,0.003210883340177611
742,0.016054416700888054,0.014405030200094532,0.006421766680355222,0.0,0.006421766680355222,0.003210883340177611,0.0,0.0,0.003210883340177611
743,0.016054416700888054,0.014405030200094532,0.006421766680355222,0.0,0.006421766680355222,0.003210883340177611,0.0,0.0,0.003210883340177611
744,0.016054416700888054,0.014405030200094532,0.006421766680355222,0.0,0.006421766680355222,0.003210883340177611,0.0,0.0,0.003210883340177611
745,0.016054416700888054,0.014405030200094532,0.006421766680355222,0.0,0.006421766680355222,0.003210883340177611,0.0,0.0,0.003210883340177611
746,0.016054416700888054,0.014405030200094532,0.006421766680355222,0.0,0.006421766680355222,0.003210883340177611,0.0,0.0,0.003210883340177611
747,0.016054416700888054,0.014405030200094532,0.006421766680355222,0.0,0.006421766680355222,0.003210883340177611,0.0,0.0,0.003210883340177611
748,0.016054416700888054,0.014405030200094532,0.006421766680355222,0.0,0.006421766680355222,0.003210883340177611,0.0,0.0,0.003210883340177611
749,0.016054416700888054,0.014405030200094532,0.006421766680355222,0.0,0.006421766680355222,0.003210883340177611,0.0,0.0,0.003210883340177611
750,0.016054416700888054,0.014405030200094532,0.006421766680355222,0.0,0.006421766680355222,0.003210883340177611,0.0,0.0,0.003210883340177611
751,0.016054416700888054,0.014405030200094532,0.006421766680355222,0.0,0.006421766680355222,0.003210883340177611,0.0,0.0,0.003210883340177611
752,0.016054416700888054,0.014405030200094532,0.006421766680355222,0.0,0.006421766680355222,0.003210883340177611,0.0,0.0,0.003210883340177611
753,0.016054416700888054,0.014405030200094532,0.006421766680355222,0.0,0.006421766680355222,0.003210883340177611,0.0,0.0,0.003210883340177611
754,0.016054416700888054,0.014405030200094532,0.006421766680355222,0.0,0.006421766680355222,0.003210883340177611,0.0,0.0,0.003210883340177611
755,0.016054416700888054,0.014405030200094532,0.006421766680355222,0.0,0.006421766680355222,0.003210883340177611,0.0,0.0,0.003210883340177611
756,0.016054416700888054,0.014405030200094532,0.006421766680355222,0.0,0.006421766680355222,0.003210883340177611,0.0,0.0,0.003210883340177611
757,0.016054416700888054,0.014405030200094532,0.006421766680355222,0.0,0.006421766680355222,0.003210883340177611,0.0,0.0,0.003210883340177611
758,0.016054416700888054,0.014405030200094532,0.006421766680355222,0.0,0.006421766680355222,0.003210883340177611,0.0,0.0,0.003210883340177611
759,0.016054416700888054,0.014405030200094532,0.006421766680355222,0.0,0.006421766680355222,0.003210883340177611,0.0,0.0,0.003210883340177611
760,0.016054416700888054,0.014405030200094532,0.006421766680355222,0.0,0.006421766680355222,0.003210883340177611,0.0,0.0,0.003210883340177611
761,0.016054416700888054,0.014405030200094532,0.006421766680355222,0.0,0.006421766680355222,0.003210883340177611,0.0,0.0,0.003210883340177611
762,0.016054416700888054,0.014405030200094532,0.006421766680355222,0.0,0.006421766680355222,0.003210883340177611,0.0,0.0,0.003210883340177611
763,0.016054416700888054,0.014405030200094532,0.006421766680355222,0.0,0.006421766680355222,0.003210883340177611,0.0,0.0,0.003210883340177611
764,0.016054416700888054,0.014405030200094532,0.006421766680355222,0.0,0.006421766680355222,0.003210883340177611,0.0,0.0,0.003210883340177611
765,0.016054416700888054,0.014405030200094532,0.006421766680355222,0.0,0.006421766680355222,0.003210883340177611,0.0,0.0,0.003210883340177611
766,0.016054416700888054,0.014405030200094532,0.006421766680355222,0.0,0.006421766680355222,0.003210883340177611,0.0,0.0,0.003210883340177611
767,0.016054416700888054,0.014405030200094532,0.006421766680355222,0.0,0.006421766680355222,0.003210883340177611,0.0,0.0,0.003210883340177611
768,0.016054416700888054,0.014405030200094532,0.006421766680355222,0.0,0.006421766680355222,0.003210883340177611,0.0,0.0,0.003210883340177611
769,0.016054416700888054,0.014405030200094532,0.006421766680355222,0.0,0.006421766680355222,0.003210883340177611,0.0,0.0,0.003210883340177611
770,0.016054416700888054,0.014405030200094532,0.006421766680355222,0.0,0.006421766680355222,0.003210883340177611,0.0,0.0,0.003210883340177611
771,0.016054416700888054,0.014405030200094532,0.006421766680355222,0.0,0.006421766680355222,0.003210883340177611,0.0,0.0,0.003210883340177611
772,0.016054416700888054,0.014405030200094532,0.006421766680355222,0.0,0.006421766680355222,0.003210883340177611,0.0,0.0,0.003210883340177611
773,0.016054416700888054,0.014405030200094532,0.006421766680355222,0.0,0.006421766680355222,0.003210883340177611,0.0,0.0,0.003210883340177611
774,0.016054416700888054,0.014405030200094532,0.006421766680355222,0.0,0.006421766680355222,0.003210883340177611,0.0,0.0,0.003210883340177611
775,0.016054416700888054,0.014405030200094532,0.006421766680355222,0.0,0.006421766680355222,0.003210883340177611,0.0,0.0,0.003210883340177611
776,0.016054416700888054,0.014405030200094532,0.006421766680355222,0.0,0.006421766680355222,0.003210883340177611,0.0,0.0,0.003210883340177611
777,0.016054416700888054,0.014405030200094532,0.006421766680355222,0.0,0.006421766680355222,0.003210883340177611,0.0,0.0,0.003210883340177611
778,0.016054416700888054,0.014405030200094532,0.006421766680355222,0.0,0.006421766680355222,0.003210883340177611,0.0,0.0,0.003210883340177611
779,0.016054416700888054,0.014405030200094532,0.006421766680355222,0.0,0.006421766680355222,0.003210883340177611,0.0,0.0,0.003210883340177611
780,0.016054416700888054,0.014405030200094532,0.006421766680355222,0.0,0.006421766680355222,0.003210883340177611,0.0,0.0,0.003210883340177611
781,0.016054416700888054,0.014405030200094532,0.006421766680355222,0.0,0.006421766680355222,0.003210883340177611,0.0,0.0,0.003210883340177611
782,0.016054416700888054,0.014405030200094532,0.006421766680355222,0.0,0.006421766680355222,0.003210883340177611,0.0,0.0,0.003210883340177611
783,0.016054416700888054,0.014405030200094532,0.006421766680355222,0.0,0.006421766680355222,0.003210883340177611,0.0,0.0,0.003210883340177611
784,0.016054416700888054,0.014405030200094532,0.006421766680355222,0.0,0.006421766680355222,0.003210883340177611,0.0,0.0,0.003210883340177611
785,0.016054416700888054,0.014405030200094532,0.006421766680355222,0.0,0.006421766680355222,0.003210883340177611,0.0,0.0,0.003210883340177611
786,0.016054416700888054,0.014405030200094532,0.006421766680355222,0.0,0.006421766680355222,0.003210883340177611,0.0,0.0,0.003210883340177611
787,0.016054416700888054,0.014405030200094532,0.006421766680355222,0.0,0.006421766680355222,0.003210883340177611,0.0,0.0,0.003210883340177611
788,0.016054416700888054,0.014405030200094532,0.006421766680355222,0.0,0.006421766680355222,0.003210883340177611,0.0,0.0,0.003210883340177611
789,0.016054416700888054,0.014405030200094532,0.006421766680355222,0.0,0.006421766680355222,0.003210883340177611,0.0,0.0,0.003210883340177611
790,0.016054416700888054,0.014405030200094532,0.006421766680355222,0.0,0.006421766680355222,0.003210883340177611,0.0,0.0,0.003210883340177611
791,0.016054416700888054,0.014405030200094532,0.006421766680355222,0.0,0.006421766680355222,0.003210883340177611,0.0,0.0,0.003210883340177611
792,0.016054416700888054,0.014405030200094532,0.006421766680355222,0.0,0.006421766680355222,0.003210883340177611,0.0,0.0,0.003210883340177611
793,0.016054416700888054,0.014405030200094532,0.006421766680355222,0.0,0.006421766680355222,0.003210883340177611,0.0,0.0,0.003210883340177611
794,0.016054416700888054,0.014405030200094532,0.006421766680355222,0.0,0.006421766680355222,0.003210883340177611,0.0,0.0,0.003210883340177611
795,0.016054416700888054,0.014405030200094532,0.006421766680355222,0.0,0.006421766680355222,0.003210883340177611,0.0,0.0,0.003210883340177611
796,0.016054416700888054,0.014405030200094532,0.006421766680355222,0.0,0.006421766680355222,0.003210883340177611,0.0,0.0,0.003210883340177611
797,0.016054416700888054,0.014405030200094532,0.006421766680355222,0.0,0.006421766680355222,0.003210883340177611,0.0,0.0,0.003210883340177611
798,0.016054416700888054,0.014405030200094532,0.006421766680355222,0.0,0.006421766680355222,0.003210883340177611,0.0,0.0,0.003210883340177611
799,0.016054416700888054,0.014405030200094532,0.006421766680355222,0.0,0.006421766680355222,0.003210883340177611,0.0,0.0,0.003210883340177611
800,0.016054416700888054,0.014405030200094532,0.006421766680355222,0.0,0.006421766680355222,0.003210883340177611,0.0,0.0,0.003210883340177611
801,0.016054416700888054,0.014405030200094532,0.006421766680355222,0.0,0.006421766680355222,0.003210883340177611,0.0,0.0,0.003210883340177611
802,0.016054416700888054,0.014405030200094532,0.006421766680355222,0.0,0.006421766680355222,0.003210883340177611,0.0,0.0,0.003210883340177611
803,0.016054416700888054,0.014405030200094532,0.006421766680355222,0.0,0.006421766680355222,0.003210883340177611,0.0,0.0,0.003210883340177611
804,0.016054416700888054,0.014405030200094532,0.006421766680355222,0.0,0.006421766680355222,0.003210883340177611,0.0,0.0,0.003210883340177611
805,0.016054416700888054,0.014405030200094532,0.006421766680355222,0.0,0.006421766680355222,0.003210883340177611,0.0,0.0,0.003210883340177611
806,0.016054416700888054,0.014405030200094532,0.006421766680355222,0.0,0.006421766680355222,0.003210883340177611,0.0,0.0,0.003210883340177611
807,0.016054416700888054,0.014405030200094532,0.006421766680355222,0.0,0.006421766680355222,0.003210883340177611,0.0,0.0,0.003210883340177611
808,0.016054416700888054,0.014405030200094532,0.006421766680355222,0.0,0.006421766680355222,0.003210883340177611,0.0,0.0,0.003210883340177611
809,0.016054416700888054,0.014405030200094532,0.006421766680355222,0.0,0.006421766680355222,0.003210883340177611,0.0,0.0,0.003210883340177611
810,0.016054416700888054,0.014405030200094532,0.006421766680355222,0.0,0.006421766680355222,0.003210883340177611,0.0,0.0,0.003210883340177611
811,0.016054416700888054,0.014405030200094532,0.006421766680355222,0.0,0.006421766680355222,0.003210883340177611,0.0,0.0,0.003210883340177611
812,0.016054416700888054,0.014405030200094532,0.006421766680355222,0.0,0.006421766680355222,0.003210883340177611,0.0,0.0,0.003210883340177611
813,0.016054416700888054,0.014405030200094532,0.006421766680355222,0.0,0.006421766680355222,0.003210883340177611,0.0,0.0,0.003210883340177611
814,0.016054416700888054,0.014405030200094532,0.006421766680355222,0.0,0.006421766680355222,0.003210883340177611,0.0,0.0,0.003210883340177611
815,0.016054416700888054,0.014405030200094532,0.006421766680355222,0.0,0.006421766680355222,0.003210883340177611,0.0,0.0,0.003210883340177611
816,0.016054416700888054,0.014405030200094532,0.006421766680355222,0.0,0.006421766680355222,0.003210883340177611,0.0,0.0,0.003210883340177611
817,0.016054416700888054,0.014405030200094532,0.006421766680355222,0.0,0.006421766680355222,0.003210883340177611,0.0,0.0,0.003210883340177611
818,0.016054416700888054,0.014405030200094532,0.006421766680355222,0.0,0.006421766680355222,0.003210883340177611,0.0,0.0,0.003210883340177611
819,0.016054416700888054,0.014405030200094532,0.006421766680355222,0.0,0.006421766680355222,0.003210883340177611,0.0,0.0,0.003210883340177611
820,0.016054416700888054,0.014405030200094532,0.006421766680355222,0.0,0.006421766680355222,0.003210883340177611,0.0,0.0,0.003210883340177611
821,0.016054416700888054,0.014405030200094532,0.006421766680355222,0.0,0.006421766680355222,0.003210883340177611,0.0,0.0,0.003210883340177611
822,0.016054416700888054,0.014405030200094532,0.006421766680355222,0.0,0.006421766680355222,0.003210883340177611,0.0,0.0,0.003210883340177611
823,0.016054416700888054,0.014405030200094532,0.006421766680355222,0.0,0.006421766680355222,0.003210883340177611,0.0,0.0,0.003210883340177611
824,0.016054416700888054,0.014405030200094532,0.006421766680355222,0.0,0.006421766680355222,0.003210883340177611,0.0,0.0,0.003210883340177611
825,0.016054416700888054,0.014405030200094532,0.006421766680355222,0.0,0.006421766680355222,0.003210883340177611,0.0,0.0,0.003210883340177611
826,0.016054416700888054,0.014405030200094532,0.006421766680355222,0.0,0.006421766680355222,0.003210883340177611,0.0,0.0,0.003210883340177611
827,0.016054416700888054,0.014405030200094532,0.006421766680355222,0.0,0.006421766680355222,0.003210883340177611,0.0,0.0,0.003210883340177611
828,0.016054416700888054,0.014405030200094532,0.006421766680355222,0.0,0.006421766680355222,0.003210883340177611,0.0,0.0,0.003210883340177611
829,0.016054416700888054,0.014405030200094532,0.006421766680355222,0.0,0.006421766680355222,0.003210883340177611,0.0,0.0,0.003210883340177611
830,0.016054416700888054,0.014405030200094532,0.006421766680355222,0.0,0.006421766680355222,0.003210883340177611,0.0,0.0,0.003210883340177611
831,0.016054416700888054,0.014405030200094532,0.006421766680355222,0.0,0.006421766680355222,0.003210883340177611,0.0,0.0,0.003210883340177611
832,0.016054416700888054,0.014405030200094532,0.006421766680355222,0.0,0.006421766680355222,0.003210883340177611,0.0,0.0,0.003210883340177611
833,0.016054416700888054,0.014405030200094532,0.006421766680355222,0.0,0.006421766680355222,0.003210883340177611,0.0,0.0,0.003210883340177611
834,0.016054416700888054,0.014405030200094532,0.006421766680355222,0.0,0.006421766680355222,0.003210883340177611,0.0,0.0,0.003210883340177611
835,0.016054416700888054,0.014405030200094532,0.006421766680355222,0.0,0.006421766680355222,0.003210883340177611,0.0,0.0,0.003210883340177611
836,0.016054416700888054,0.014405030200094532,0.006421766680355222,0.0,0.006421766680355222,0.003210883340177611,0.0,0.0,0.003210883340177611
837,0.016054416700888054,0.014405030200094532,0.006421766680355222,0.0,0.006421766680355222,0.003210883340177611,0.0,0.0,0.003210883340177611
838,0.016054416700888054,0.014405030200094532,0.006421766680355222,0.0,0.006421766680355222,0.003210883340177611,0.0,0.0,0.003210883340177611
839,0.016054416700888054,0.014405030200094532,0.006421766680355222,0.0,0.006421766680355222,0.003210883340177611,0.0,0.0,0.003210883340177611
840,0.016054416700888054,0.014405030200094532,0.006421766680355222,0.0,0.006421766680355222,0.003210883340177611,0.0,0.0,0.003210883340177611
841,0.016054416700888054,0.014405030200094532,0.006421766680355222,0.0,0.006421766680355222,0.003210883340177611,0.0,0.0,0.003210883340177611
842,0.016054416700888054,0.014405030200094532,0.006421766680355222,0.0,0.006421766680355222,0.003210883340177611,0.0,0.0,0.003210883340177611
843,0.016054416700888054,0.014405030200094532,0.006421766680355222,0.0,0.006421766680355222,0.003210883340177611,0.0,0.0,0.003210883340177611
844,0.016054416700888054,0.014405030200094532,0.006421766680355222,0.0,0.006421766680355222,0.003210883340177611,0.0,0.0,0.003210883340177611
845,0.016054416700888054,0.014405030200094532,0.006421766680355222,0.0,0.006421766680355222,0.003210883340177611,0.0,0.0,0.003210883340177611
846,0.016054416700888054,0.014405030200094532,0.006421766680355222,0.0,0.006421766680355222,0.003210883340177611,0.0,0.0,0.003210883340177611
847,0.016054416700888054,0.014405030200094532,0.006421766680355222,0.0,0.006421766680355222,0.003210883340177611,0.0,0.0,0.003210883340177611
848,0.016054416700888054,0.014405030200094532,0.006421766680355222,0.0,0.006421766680355222,0.003210883340177611,0.0,0.0,0.003210883340177611
849,0.016054416700888054,0.014405030200094532,0.006421766680355222,0.0,0.006421766680355222,0.003210883340177611,0.0,0.0,0.003210883340177611
850,0.016054416700888054,0.014405030200094532,0.006421766680355222,0.0,0.006421766680355222,0.003210883340177611,0.0,0.0,0.003210883340177611
851,0.016054416700888054,0.014405030200094532,0.006421766680355222,0.0,0.006421766680355222,0.003210883340177611,0.0,0.0,0.003210883340177611
852,0.016054416700888054,0.014405030200094532,0.006421766680355222,0.0,0.006421766680355222,0.003210883340177611,0.0,0.0,0.003210883340177611
853,0.016054416700888054,0.014405030200094532,0.006421766680355222,0.0,0.006421766680355222,0.003210883340177611,0.0,0.0,0.003210883340177611
854,0.016054416700888054,0.014405030200094532,0.006421766680355222,0.0,0.006421766680355222,0.003210883340177611,0.0,0.0,0.003210883340177611
855,0.016054416700888054,0.014405030200094532,0.006421766680355222,0.0,0.006421766680355222,0.003210883340177611,0.0,0.0,0.003210883340177611
856,0.016054416700888054,0.014405030200094532,0.006421766680355222,0.0,0.006421766680355222,0.003210883340177611,0.0,0.0,0.003210883340177611
857,0.016054416700888054,0.014405030200094532,0.006421766680355222,0.0,0.006421766680355222,0.003210883340177611,0.0,0.0,0.003210883340177611
858,0.016054416700888054,0.014405030200094532,0.006421766680355222,0.0,0.006421766680355222,0.003210883340177611,0.0,0.0,0.003210883340177611
859,0.016054416700888054,0.014405030200094532,0.006421766680355222,0.0,0.006421766680355222,0.003210883340177611,0.0,0.0,0.003210883340177611
860,0.016054416700888054,0.014405030200094532,0.006421766680355222,0.0,0.006421766680355222,0.003210883340177611,0.0,0.0,0.003210883340177611
861,0.016054416700888054,0.014405030200094532,0.006421766680355222,0.0,0.006421766680355222,0.003210883340177611,0.0,0.0,0.003210883340177611
862,0.016054416700888054,0.014405030200094532,0.006421766680355222,0.0,0.006421766680355222,0.003210883340177611,0.0,0.0,0.003210883340177611
863,0.016054416700888054,0.014405030200094532,0.006421766680355222,0.0,0.006421766680355222,0.003210883340177611,0.0,0.0,0.003210883340177611
864,0.016054416700888054,0.014405030200094532,0.006421766680355222,0.0,0.006421766680355222,0.003210883340177611,0.0,0.0,0.003210883340177611
865,0.016054416700888054,0.014405030200094532,0.006421766680355222,0.0,0.006421766680355222,0.003210883340177611,0.0,0.0,0.003210883340177611
866,0.016054416700888054,0.014405030200094532,0.006421766680355222,0.0,0.006421766680355222,0.003210883340177611,0.0,0.0,0.003210883340177611
867,0.016054416700888054,0.014405030200094532,0.006421766680355222,0.0,0.006421766680355222,0.003210883340177611,0.0,0.0,0.003210883340177611
868,0.016054416700888054,0.014405030200094532,0.006421766680355222,0.0,0.006421766680355222,0.003210883340177611,0.0,0.0,0.003210883340177611
869,0.016054416700888054,0.014405030200094532,0.006421766680355222,0.0,0.006421766680355222,0.003210883340177611,0.0,0.0,0.003210883340177611
870,0.016054416700888054,0.014405030200094532,0.006421766680355222,0.0,0.006421766680355222,0.003210883340177611,0.0,0.0,0.003210883340177611
871,0.016054416700888054,0.014405030200094532,0.006421766680355222,0.0,0.006421766680355222,0.003210883340177611,0.0,0.0,0.003210883340177611
872,0.016054416700888054,0.014405030200094532,0.006421766680355222,0.0,0.006421766680355222,0.003210883340177611,0.0,0.0,0.003210883340177611
873,0.016054416700888054,0.014405030200094532,0.006421766680355222,0.0,0.006421766680355222,0.003210883340177611,0.0,0.0,0.003210883340177611
874,0.016054416700888054,0.014405030200094532,0.006421766680355222,0.0,0.006421766680355222,0.003210883340177611,0.0,0.0,0.003210883340177611
875,0.016054416700888054,0.014405030200094532,0.006421766680355222,0.0,0.006421766680355222,0.003210883340177611,0.0,0.0,0.003210883340177611
876,0.016054416700888054,0.014405030200094532,0.006421766680355222,0.0,0.006421766680355222,0.003210883340177611,0.0,0.0,0.003210883340177611
877,0.016054416700888054,0.014405030200094532,0.006421766680355222,0.0,0.006421766680355222,0.003210883340177611,0.0,0.0,0.003210883340177611
878,0.016054416700888054,0.014405030200094532,0.006421766680355222,0.0,0.006421766680355222,0.003210883340177611,0.0,0.0,0.003210883340177611
879,0.016054416700888054,0.014405030200094532,0.006421766680355222,0.0,0.006421766680355222,0.003210883340177611,0.0,0.0,0.003210883340177611
880,0.016054416700888054,0.014405030200094532,0.006421766680355222,0.0,0.006421766680355222,0.003210883340177611,0.0,0.0,0.003210883340177611
881,0.016054416700888054,0.014405030200094532,0.006421766680355222,0.0,0.006421766680355222,0.003210883340177611,0.0,0.0,0.003210883340177611
882,0.016054416700888054,0.014405030200094532,0.006421766680355222,0.0,0.006421766680355222,0.003210883340177611,0.0,0.0,0.003210883340177611
883,0.016054416700888054,0.014405030200094532,0.006421766680355222,0.0,0.006421766680355222,0.003210883340177611,0.0,0.0,0.003210883340177611
884,0.016054416700888054,0.014405030200094532,0.006421766680355222,0.0,0.006421766680355222,0.003210883340177611,0.0,0.0,0.003210883340177611
885,0.016054416700888054,0.014405030200094532,0.006421766680355222,0.0,0.006421766680355222,0.003210883340177611,0.0,0.0,0.003210883340177611
886,0.016054416700888054,0.014405030200094532,0.006421766680355222,0.0,0.006421766680355222,0.003210883340177611,0.0,0.0,0.003210883340177611
887,0.016054416700888054,0.014405030200094532,0.006421766680355222,0.0,0.006421766680355222,0.003210883340177611,0.0,0.0,0.003210883340177611
888,0.016054416700888054,0.014405030200094532,0.006421766680355222,0.0,0.006421766680355222,0.003210883340177611,0.0,0.0,0.003210883340177611
889,0.016054416700888054,0.014405030200094532,0.006421766680355222,0.0,0.006421766680355222,0.003210883340177611,0.0,0.0,0.003210883340177611
890,0.016054416700888054,0.014405030200094532,0.006421766680355222,0.0,0.006421766680355222,0.003210883340177611,0.0,0.0,0.003210883340177611
891,0.016054416700888054,0.014405030200094532,0.006421766680355222,0.0,0.006421766680355222,0.003210883340177611,0.0,0.0,0.003210883340177611
892,0.016054416700888054,0.014405030200094532,0.006421766680355222,0.0,0.006421766680355222,0.003210883340177611,0.0,0.0,0.003210883340177611
893,0.016054416700888054,0.014405030200094532,0.006421766680355222,0.0,0.006421766680355222,0.003210883340177611,0.0,0.0,0.003210883340177611
894,0.016054416700888054,0.014405030200094532,0.006421766680355222,0.0,0.006421766680355222,0.003210883340177611,0.0,0.0,0.003210883340177611
895,0.016054416700888054,0.014405030200094532,0.006421766680355222,0.0,0.006421766680355222,0.003210883340177611,0.0,0.0,0.003210883340177611
896,0.016054416700888054,0.014405030200094532,0.006421766680355222,0.0,0.006421766680355222,0.003210883340177611,0.0,0.0,0.003210883340177611
897,0.016054416700888054,0.014405030200094532,0.006421766680355222,0.0,0.006421766680355222,0.003210883340177611,0.0,0.0,0.003210883340177611
898,0.016054416700888054,0.014405030200094532,0.006421766680355222,0.0,0.006421766680355222,0.003210883340177611,0.0,0.0,0.003210883340177611
899,0.016054416700888054,0.014405030200094532,0.006421766680355222,0.0,0.006421766680355222,0.003210883340177611,0.0,0.0,0.003210883340177611
900,0.016054416700888054,0.014405030200094532,0.006421766680355222,0.0,0.006421766680355222,0.003210883340177611,0.0,0.0,0.003210883340177611
901,0.016054416700888054,0.014405030200094532,0.006421766680355222,0.0,0.006421766680355222,0.003210883340177611,0.0,0.0,0.003210883340177611
902,0.016054416700888054,0.014405030200094532,0.006421766680355222,0.0,0.006421766680355222,0.003210883340177611,0.0,0.0,0.003210883340177611
903,0.016054416700888054,0.014405030200094532,0.006421766680355222,0.0,0.006421766680355222,0.003210883340177611,0.0,0.0,0.003210883340177611
904,0.016054416700888054,0.014405030200094532,0.006421766680355222,0.0,0.006421766680355222,0.003210883340177611,0.0,0.0,0.003210883340177611
905,0.016054416700888054,0.014405030200094532,0.006421766680355222,0.0,0.006421766680355222,0.003210883340177611,0.0,0.0,0.003210883340177611
906,0.016054416700888054,0.014405030200094532,0.006421766680355222,0.0,0.006421766680355222,0.003210883340177611,0.0,0.0,0.003210883340177611
907,0.016054416700888054,0.014405030200094532,0.006421766680355222,0.0,0.006421766680355222,0.003210883340177611,0.0,0.0,0.003210883340177611
908,0.016054416700888054,0.014405030200094532,0.006421766680355222,0.0,0.006421766680355222,0.003210883340177611,0.0,0.0,0.003210883340177611
909,0.016054416700888054,0.014405030200094532,0.006421766680355222,0.0,0.006421766680355222,0.003210883340177611,0.0,0.0,0.003210883340177611
910,0.016054416700888054,0.014405030200094532,0.006421766680355222,0.0,0.006421766680355222,0.003210883340177611,0.0,0.0,0.003210883340177611
911,0.016054416700888054,0.014405030200094532,0.006421766680355222,0.0,0.006421766680355222,0.003210883340177611,0.0,0.0,0.003210883340177611
912,0.016054416700888054,0.014405030200094532,0.006421766680355222,0.0,0.006421766680355222,0.003210883340177611,0.0,0.0,0.003210883340177611
913,0.016054416700888054,0.014405030200094532,0.006421766680355222,0.0,0.006421766680355222,0.003210883340177611,0.0,0.0,0.003210883340177611
914,0.016054416700888054,0.014405030200094532,0.006421766680355222,0.0,0.006421766680355222,0.003210883340177611,0.0,0.0,0.003210883340177611
915,0.016054416700888054,0.014405030200094532,0.006421766680355222,0.0,0.006421766680355222,0.003210883340177611,0.0,0.0,0.003210883340177611
916,0.016054416700888054,0.014405030200094532,0.006421766680355222,0.0,0.006421766680355222,0.003210883340177611,0.0,0.0,0.003210883340177611
917,0.016054416700888054,0.014405030200094532,0.006421766680355222,0.0,0.006421766680355222,0.003210883340177611,0.0,0.0,0.003210883340177611
918,0.016054416700888054,0.014405030200094532,0.006421766680355222,0.0,0.006421766680355222,0.003210883340177611,0.0,0.0,0.003210883340177611
919,0.016054416700888054,0.014405030200094532,0.006421766680355222,0.0,0.006421766680355222,0.003210883340177611,0.0,0.0,0.003210883340177611
920,0.016054416700888054,0.014405030200094532,0.006421766680355222,0.0,0.006421766680355222,0.003210883340177611,0.0,0.0,0.003210883340177611
921,0.016054416700888054,0.014405030200094532,0.006421766680355222,0.0,0.006421766680355222,0.003210883340177611,0.0,0.0,0.003210883340177611
922,0.016054416700888054,0.014405030200094532,0.006421766680355222,0.0,0.006421766680355222,0.003210883340177611,0.0,0.0,0.003210883340177611
923,0.016054416700888054,0.014405030200094532,0.006421766680355222,0.0,0.006421766680355222,0.003210883340177611,0.0,0.0,0.003210883340177611
924,0.016054416700888054,0.014405030200094532,0.006421766680355222,0.0,0.006421766680355222,0.003210883340177611,0.0,0.0,0.003210883340177611
925,0.016054416700888054,0.014405030200094532,0.006421766680355222,0.0,0.006421766680355222,0.003210883340177611,0.0,0.0,0.003210883340177611
926,0.016054416700888054,0.014405030200094532,0.006421766680355222,0.0,0.006421766680355222,0.003210883340177611,0.0,0.0,0.003210883340177611
927,0.016054416700888054,0.014405030200094532,0.006421766680355222,0.0,0.006421766680355222,0.003210883340177611,0.0,0.0,0.003210883340177611
928,0.016054416700888054,0.014405030200094532,0.006421766680355222,0.0,0.006421766680355222,0.003210883340177611,0.0,0.0,0.003210883340177611
929,0.016054416700888054,0.014405030200094532,0.006421766680355222,0.0,0.006421766680355222,0.003210883340177611,0.0,0.0,0.003210883340177611
930,0.016054416700888054,0.014405030200094532,0.006421766680355222,0.0,0.006421766680355222,0.003210883340177611,0.0,0.0,0.003210883340177611
931,0.016054416700888054,0.014405030200094532,0.006421766680355222,0.0,0.006421766680355222,0.003210883340177611,0.0,0.0,0.003210883340177611
932,0.016054416700888054,0.014405030200094532,0.006421766680355222,0.0,0.006421766680355222,0.003210883340177611,0.0,0.0,0.003210883340177611
933,0.016054416700888054,0.014405030200094532,0.006421766680355222,0.0,0.006421766680355222,0.003210883340177611,0.0,0.0,0.003210883340177611
934,0.016054416700888054,0.014405030200094532,0.006421766680355222,0.0,0.006421766680355222,0.003210883340177611,0.0,0.0,0.003210883340177611
935,0.016054416700888054,0.014405030200094532,0.006421766680355222,0.0,0.006421766680355222,0.003210883340177611,0.0,0.0,0.003210883340177611
936,0.016054416700888054,0.014405030200094532,0.006421766680355222,0.0,0.006421766680355222,0.003210883340177611,0.0,0.0,0.003210883340177611
937,0.016054416700888054,0.014405030200094532,0.006421766680355222,0.0,0.006421766680355222,0.003210883340177611,0.0,0.0,0.003210883340177611
938,0.016054416700888054,0.014405030200094532,0.006421766680355222,0.0,0.006421766680355222,0.003210883340177611,0.0,0.0,0.003210883340177611
939,0.016054416700888054,0.014405030200094532,0.006421766680355222,0.0,0.006421766680355222,0.003210883340177611,0.0,0.0,0.003210883340177611
940,0.016054416700888054,0.014405030200094532,0.006421766680355222,0.0,0.006421766680355222,0.003210883340177611,0.0,0.0,0.003210883340177611
941,0.016054416700888054,0.014405030200094532,0.006421766680355222,0.0,0.006421766680355222,0.003210883340177611,0.0,0.0,0.003210883340177611
942,0.016054416700888054,0.014405030200094532,0.006421766680355222,0.0,0.006421766680355222,0.003210883340177611,0.0,0.0,0.003210883340177611
943,0.016054416700888054,0.014405030200094532,0.006421766680355222,0.0,0.006421766680355222,0.003210883340177611,0.0,0.0,0.003210883340177611
944,0.016054416700888054,0.014405030200094532,0.006421766680355222,0.0,0.006421766680355222,0.003210883340177611,0.0,0.0,0.003210883340177611
945,0.016054416700888054,0.014405030200094532,0.006421766680355222,0.0,0.006421766680355222,0.003210883340177611,0.0,0.0,0.003210883340177611
946,0.016054416700888054,0.014405030200094532,0.006421766680355222,0.0,0.006421766680355222,0.003210883340177611,0.0,0.0,0.003210883340177611
947,0.016054416700888054,0.014405030200094532,0.006421766680355222,0.0,0.006421766680355222,0.003210883340177611,0.0,0.0,0.003210883340177611
948,0.016054416700888054,0.014405030200094532,0.006421766680355222,0.0,0.006421766680355222,0.003210883340177611,0.0,0.0,0.003210883340177611
949,0.016054416700888054,0.014405030200094532,0.006421766680355222,0.0,0.006421766680355222,0.003210883340177611,0.0,0.0,0.003210883340177611
950,0.016054416700888054,0.014405030200094532,0.006421766680355222,0.0,0.006421766680355222,0.003210883340177611,0.0,0.0,0.003210883340177611
951,0.016054416700888054,0.014405030200094532,0.006421766680355222,0.0,0.006421766680355222,0.003210883340177611,0.0,0.0,0.003210883340177611
952,0.016054416700888054,0.014405030200094532,0.006421766680355222,0.0,0.006421766680355222,0.003210883340177611,0.0,0.0,0.003210883340177611
953,0.016054416700888054,0.014405030200094532,0.006421766680355222,0.0,0.006421766680355222,0.003210883340177611,0.0,0.0,0.003210883340177611
954,0.016054416700888054,0.014405030200094532,0.006421766680355222,0.0,0.006421766680355222,0.003210883340177611,0.0,0.0,0.003210883340177611
955,0.016054416700888054,0.014405030200094532,0.006421766680355222,0.0,0.006421766680355222,0.003210883340177611,0.0,0.0,0.003210883340177611
956,0.016054416700888054,0.014405030200094532,0.006421766680355222,0.0,0.006421766680355222,0.003210883340177611,0.0,0.0,0.003210883340177611
957,0.016054416700888054,0.014405030200094532,0.006421766680355222,0.0,0.006421766680355222,0.003210883340177611,0.0,0.0,0.003210883340177611
958,0.016054416700888054,0.014405030200094532,0.006421766680355222,0.0,0.006421766680355222,0.003210883340177611,0.0,0.0,0.003210883340177611
959,0.016054416700888054,0.014405030200094532,0.006421766680355222,0.0,0.006421766680355222,0.003210883340177611,0.0,0.0,0.003210883340177611
960,0.016054416700888054,0.014405030200094532,0.006421766680355222,0.0,0.006421766680355222,0.003210883340177611,0.0,0.0,0.003210883340177611
961,0.016054416700888054,0.014405030200094532,0.006421766680355222,0.0,0.006421766680355222,0.003210883340177611,0.0,0.0,0.003210883340177611
962,0.016054416700888054,0.014405030200094532,0.006421766680355222,0.0,0.006421766680355222,0.003210883340177611,0.0,0.0,0.003210883340177611
963,0.016054416700888054,0.014405030200094532,0.006421766680355222,0.0,0.006421766680355222,0.003210883340177611,0.0,0.0,0.003210883340177611
964,0.016054416700888054,0.014405030200094532,0.006421766680355222,0.0,0.006421766680355222,0.003210883340177611,0.0,0.0,0.003210883340177611
965,0.016054416700888054,0.014405030200094532,0.006421766680355222,0.0,0.006421766680355222,0.003210883340177611,0.0,0.0,0.003210883340177611
966,0.016054416700888054,0.014405030200094532,0.006421766680355222,0.0,0.006421766680355222,0.003210883340177611,0.0,0.0,0.003210883340177611
967,0.016054416700888054,0.014405030200094532,0.006421766680355222,0.0,0.006421766680355222,0.003210883340177611,0.0,0.0,0.003210883340177611
968,0.016054416700888054,0.014405030200094532,0.006421766680355222,0.0,0.006421766680355222,0.003210883340177611,0.0,0.0,0.003210883340177611
969,0.016054416700888054,0.014405030200094532,0.006421766680355222,0.0,0.006421766680355222,0.003210883340177611,0.0,0.0,0.003210883340177611
970,0.016054416700888054,0.014405030200094532,0.006421766680355222,0.0,0.006421766680355222,0.003210883340177611,0.0,0.0,0.003210883340177611
971,0.016054416700888054,0.014405030200094532,0.006421766680355222,0.0,0.006421766680355222,0.003210883340177611,0.0,0.0,0.003210883340177611
972,0.016054416700888054,0.014405030200094532,0.006421766680355222,0.0,0.006421766680355222,0.003210883340177611,0.0,0.0,0.003210883340177611
973,0.016054416700888054,0.014405030200094532,0.006421766680355222,0.0,0.006421766680355222,0.003210883340177611,0.0,0.0,0.003210883340177611
974,0.016054416700888054,0.014405030200094532,0.006421766680355222,0.0,0.006421766680355222,0.003210883340177611,0.0,0.0,0.003210883340177611
975,0.016054416700888054,0.014405030200094532,0.006421766680355222,0.0,0.006421766680355222,0.003210883340177611,0.0,0.0,0.003210883340177611
976,0.016054416700888054,0.014405030200094532,0.006421766680355222,0.0,0.006421766680355222,0.003210883340177611,0.0,0.0,0.003210883340177611
977,0.016054416700888054,0.014405030200094532,0.006421766680355222,0.0,0.006421766680355222,0.003210883340177611,0.0,0.0,0.003210883340177611
978,0.016054416700888054,0.014405030200094532,0.006421766680355222,0.0,0.006421766680355222,0.003210883340177611,0.0,0.0,0.003210883340177611
979,0.016054416700888054,0.014405030200094532,0.006421766680355222,0.0,0.006421766680355222,0.003210883340177611,0.0,0.0,0.003210883340177611
980,0.016054416700888054,0.014405030200094532,0.006421766680355222,0.0,0.006421766680355222,0.003210883340177611,0.0,0.0,0.003210883340177611
981,0.016054416700888054,0.014405030200094532,0.006421766680355222,0.0,0.006421766680355222,0.003210883340177611,0.0,0.0,0.003210883340177611
982,0.016054416700888054,0.014405030200094532,0.006421766680355222,0.0,0.006421766680355222,0.003210883340177611,0.0,0.0,0.003210883340177611
983,0.016054416700888054,0.014405030200094532,0.006421766680355222,0.0,0.006421766680355222,0.003210883340177611,0.0,0.0,0.003210883340177611
984,0.016054416700888054,0.014405030200094532,0.006421766680355222,0.0,0.006421766680355222,0.003210883340177611,0.0,0.0,0.003210883340177611
985,0.016054416700888054,0.014405030200094532,0.006421766680355222,0.0,0.006421766680355222,0.003210883340177611,0.0,0.0,0.003210883340177611
986,0.016054416700888054,0.014405030200094532,0.006421766680355222,0.0,0.006421766680355222,0.003210883340177611,0.0,0.0,0.003210883340177611
987,0.016054416700888054,0.014405030200094532,0.006421766680355222,0.0,0.006421766680355222,0.003210883340177611,0.0,0.0,0.003210883340177611
988,0.016054416700888054,0.014405030200094532,0.006421766680355222,0.0,0.006421766680355222,0.003210883340177611,0.0,0.0,0.003210883340177611
989,0.016054416700888054,0.014405030200094532,0.006421766680355222,0.0,0.006421766680355222,0.003210883340177611,0.0,0.0,0.003210883340177611
990,0.016054416700888054,0.014405030200094532,0.006421766680355222,0.0,0.006421766680355222,0.003210883340177611,0.0,0.0,0.003210883340177611
991,0.016054416700888054,0.014405030200094532,0.006421766680355222,0.0,0.006421766680355222,0.003210883340177611,0.0,0.0,0.003210883340177611
992,0.016054416700888054,0.014405030200094532,0.006421766680355222,0.0,0.006421766680355222,0.003210883340177611,0.0,0.0,0.003210883340177611
993,0.016054416700888054,0.014405030200094532,0.006421766680355222,0.0,0.006421766680355222,0.003210883340177611,0.0,0.0,0.003210883340177611
994,0.016054416700888054,0.014405030200094532,0.006421766680355222,0.0,0.006421766680355222,0.003210883340177611,0.0,0.0,0.003210883340177611
995,0.016054416700888054,0.014405030200094532,0.006421766680355222,0.0,0.006421766680355222,0.003210883340177611,0.0,0.0,0.003210883340177611
996,0.016054416700888054,0.014405030200094532,0.006421766680355222,0.0,0.006421766680355222,0.003210883340177611,0.0,0.0,0.003210883340177611
997,0.016054416700888054,0.014405030200094532,0.006421766680355222,0.0,0.006421766680355222,0.003210883340177611,0.0,0.0,0.003210883340177611
998,0.016054416700888054,0.014405030200094532,0.006421766680355222,0.0,0.006421766680355222,0.003210883340177611,0.0,0.0,0.003210883340177611
999,0.016054416700888054,0.014405030200094532,0.006421766680355222,0.0,0.006421766680355222,0.003210883340177611,0.0,0.0,0.003210883340177611
